-- MySQL dump 10.13  Distrib 5.7.29, for Linux (x86_64)
--
-- Host: localhost    Database: esl-dashboard
-- ------------------------------------------------------
-- Server version	5.7.29-0ubuntu0.16.04.1

/*!40101 SET @OLD_CHARACTER_SET_CLIENT=@@CHARACTER_SET_CLIENT */;
/*!40101 SET @OLD_CHARACTER_SET_RESULTS=@@CHARACTER_SET_RESULTS */;
/*!40101 SET @OLD_COLLATION_CONNECTION=@@COLLATION_CONNECTION */;
/*!40101 SET NAMES utf8 */;
/*!40103 SET @OLD_TIME_ZONE=@@TIME_ZONE */;
/*!40103 SET TIME_ZONE='+00:00' */;
/*!40014 SET @OLD_UNIQUE_CHECKS=@@UNIQUE_CHECKS, UNIQUE_CHECKS=0 */;
/*!40014 SET @OLD_FOREIGN_KEY_CHECKS=@@FOREIGN_KEY_CHECKS, FOREIGN_KEY_CHECKS=0 */;
/*!40101 SET @OLD_SQL_MODE=@@SQL_MODE, SQL_MODE='NO_AUTO_VALUE_ON_ZERO' */;
/*!40111 SET @OLD_SQL_NOTES=@@SQL_NOTES, SQL_NOTES=0 */;

--
-- Table structure for table `applicationmodules`
--

DROP TABLE IF EXISTS `applicationmodules`;
/*!40101 SET @saved_cs_client     = @@character_set_client */;
/*!40101 SET character_set_client = utf8 */;
CREATE TABLE `applicationmodules` (
  `id` int(10) unsigned NOT NULL AUTO_INCREMENT,
  `app_name` varchar(191) COLLATE utf8mb4_unicode_ci NOT NULL,
  `app_url` varchar(191) COLLATE utf8mb4_unicode_ci NOT NULL,
  `app_icon` varchar(191) COLLATE utf8mb4_unicode_ci NOT NULL,
  `created_at` timestamp NULL DEFAULT NULL,
  `updated_at` timestamp NULL DEFAULT NULL,
  `deleted_at` timestamp NULL DEFAULT NULL,
  PRIMARY KEY (`id`)
) ENGINE=InnoDB AUTO_INCREMENT=13 DEFAULT CHARSET=utf8mb4 COLLATE=utf8mb4_unicode_ci;
/*!40101 SET character_set_client = @saved_cs_client */;

--
-- Dumping data for table `applicationmodules`
--

LOCK TABLES `applicationmodules` WRITE;
/*!40000 ALTER TABLE `applicationmodules` DISABLE KEYS */;
INSERT INTO `applicationmodules` VALUES (4,'Operations','http://esl.dom/direct#','https://www.pro-kazi.com/img/frontend/op1.png','2018-04-14 06:40:13','2018-06-11 09:23:29',NULL),(6,'ESL_ICT_HELPDESK','https://esl.pro-kazi.com/ict_reports/support_tickets','ict.png','2018-05-08 07:25:12','2018-05-08 07:25:12',NULL),(7,'Imprest','#','impre.png','2018-05-08 07:29:19','2018-11-01 06:53:52',NULL),(8,'Pro-kazi','http://esl.pro-kazi.com','prok.png','2018-05-08 07:34:51','2018-08-22 14:08:36',NULL),(9,'Travel','https://travel.pro-kazi.com/travel/','travel.png','2018-05-08 07:42:05','2018-05-08 07:42:05',NULL),(10,'Human Resource Application','https://hr.pro-kazi.com/esl/webforms/index.aspx','hr.png','2018-05-08 07:50:03','2018-05-08 07:50:03',NULL),(12,'Sales','http://esl-sale.dnsalias.com','SALES.png','2018-09-26 09:15:48','2018-09-26 09:15:48',NULL);
/*!40000 ALTER TABLE `applicationmodules` ENABLE KEYS */;
UNLOCK TABLES;

--
-- Table structure for table `blog_categories`
--

DROP TABLE IF EXISTS `blog_categories`;
/*!40101 SET @saved_cs_client     = @@character_set_client */;
/*!40101 SET character_set_client = utf8 */;
CREATE TABLE `blog_categories` (
  `id` int(10) unsigned NOT NULL AUTO_INCREMENT,
  `name` varchar(191) COLLATE utf8mb4_unicode_ci NOT NULL,
  `status` tinyint(1) NOT NULL DEFAULT '1',
  `created_by` int(10) unsigned NOT NULL,
  `updated_by` int(10) unsigned DEFAULT NULL,
  `created_at` timestamp NULL DEFAULT NULL,
  `updated_at` timestamp NULL DEFAULT NULL,
  `deleted_at` timestamp NULL DEFAULT NULL,
  PRIMARY KEY (`id`)
) ENGINE=InnoDB DEFAULT CHARSET=utf8mb4 COLLATE=utf8mb4_unicode_ci;
/*!40101 SET character_set_client = @saved_cs_client */;

--
-- Dumping data for table `blog_categories`
--

LOCK TABLES `blog_categories` WRITE;
/*!40000 ALTER TABLE `blog_categories` DISABLE KEYS */;
/*!40000 ALTER TABLE `blog_categories` ENABLE KEYS */;
UNLOCK TABLES;

--
-- Table structure for table `blog_map_categories`
--

DROP TABLE IF EXISTS `blog_map_categories`;
/*!40101 SET @saved_cs_client     = @@character_set_client */;
/*!40101 SET character_set_client = utf8 */;
CREATE TABLE `blog_map_categories` (
  `id` int(10) unsigned NOT NULL AUTO_INCREMENT,
  `blog_id` int(10) unsigned NOT NULL,
  `category_id` int(10) unsigned NOT NULL,
  PRIMARY KEY (`id`),
  KEY `blog_map_categories_blog_id_index` (`blog_id`),
  KEY `blog_map_categories_category_id_index` (`category_id`)
) ENGINE=InnoDB DEFAULT CHARSET=utf8mb4 COLLATE=utf8mb4_unicode_ci;
/*!40101 SET character_set_client = @saved_cs_client */;

--
-- Dumping data for table `blog_map_categories`
--

LOCK TABLES `blog_map_categories` WRITE;
/*!40000 ALTER TABLE `blog_map_categories` DISABLE KEYS */;
/*!40000 ALTER TABLE `blog_map_categories` ENABLE KEYS */;
UNLOCK TABLES;

--
-- Table structure for table `blog_map_tags`
--

DROP TABLE IF EXISTS `blog_map_tags`;
/*!40101 SET @saved_cs_client     = @@character_set_client */;
/*!40101 SET character_set_client = utf8 */;
CREATE TABLE `blog_map_tags` (
  `id` int(10) unsigned NOT NULL AUTO_INCREMENT,
  `blog_id` int(10) unsigned NOT NULL,
  `tag_id` int(10) unsigned NOT NULL,
  PRIMARY KEY (`id`),
  KEY `blog_map_tags_blog_id_index` (`blog_id`),
  KEY `blog_map_tags_tag_id_index` (`tag_id`)
) ENGINE=InnoDB DEFAULT CHARSET=utf8mb4 COLLATE=utf8mb4_unicode_ci;
/*!40101 SET character_set_client = @saved_cs_client */;

--
-- Dumping data for table `blog_map_tags`
--

LOCK TABLES `blog_map_tags` WRITE;
/*!40000 ALTER TABLE `blog_map_tags` DISABLE KEYS */;
/*!40000 ALTER TABLE `blog_map_tags` ENABLE KEYS */;
UNLOCK TABLES;

--
-- Table structure for table `blog_tags`
--

DROP TABLE IF EXISTS `blog_tags`;
/*!40101 SET @saved_cs_client     = @@character_set_client */;
/*!40101 SET character_set_client = utf8 */;
CREATE TABLE `blog_tags` (
  `id` int(10) unsigned NOT NULL AUTO_INCREMENT,
  `name` varchar(191) COLLATE utf8mb4_unicode_ci NOT NULL,
  `status` tinyint(1) NOT NULL DEFAULT '1',
  `created_by` int(10) unsigned NOT NULL,
  `updated_by` int(10) unsigned DEFAULT NULL,
  `created_at` timestamp NULL DEFAULT NULL,
  `updated_at` timestamp NULL DEFAULT NULL,
  `deleted_at` timestamp NULL DEFAULT NULL,
  PRIMARY KEY (`id`)
) ENGINE=InnoDB DEFAULT CHARSET=utf8mb4 COLLATE=utf8mb4_unicode_ci;
/*!40101 SET character_set_client = @saved_cs_client */;

--
-- Dumping data for table `blog_tags`
--

LOCK TABLES `blog_tags` WRITE;
/*!40000 ALTER TABLE `blog_tags` DISABLE KEYS */;
/*!40000 ALTER TABLE `blog_tags` ENABLE KEYS */;
UNLOCK TABLES;

--
-- Table structure for table `blogs`
--

DROP TABLE IF EXISTS `blogs`;
/*!40101 SET @saved_cs_client     = @@character_set_client */;
/*!40101 SET character_set_client = utf8 */;
CREATE TABLE `blogs` (
  `id` int(10) unsigned NOT NULL AUTO_INCREMENT,
  `name` varchar(191) COLLATE utf8mb4_unicode_ci NOT NULL,
  `publish_datetime` datetime NOT NULL,
  `featured_image` varchar(191) COLLATE utf8mb4_unicode_ci NOT NULL,
  `content` text COLLATE utf8mb4_unicode_ci NOT NULL,
  `meta_title` varchar(191) COLLATE utf8mb4_unicode_ci DEFAULT NULL,
  `cannonical_link` varchar(191) COLLATE utf8mb4_unicode_ci DEFAULT NULL,
  `slug` varchar(191) COLLATE utf8mb4_unicode_ci DEFAULT NULL,
  `meta_description` text COLLATE utf8mb4_unicode_ci,
  `meta_keywords` text COLLATE utf8mb4_unicode_ci,
  `status` enum('Published','Draft','InActive','Scheduled') COLLATE utf8mb4_unicode_ci NOT NULL,
  `created_by` int(10) unsigned NOT NULL,
  `updated_by` int(10) unsigned DEFAULT NULL,
  `created_at` timestamp NULL DEFAULT NULL,
  `updated_at` timestamp NULL DEFAULT NULL,
  `deleted_at` timestamp NULL DEFAULT NULL,
  PRIMARY KEY (`id`)
) ENGINE=InnoDB DEFAULT CHARSET=utf8mb4 COLLATE=utf8mb4_unicode_ci;
/*!40101 SET character_set_client = @saved_cs_client */;

--
-- Dumping data for table `blogs`
--

LOCK TABLES `blogs` WRITE;
/*!40000 ALTER TABLE `blogs` DISABLE KEYS */;
/*!40000 ALTER TABLE `blogs` ENABLE KEYS */;
UNLOCK TABLES;

--
-- Table structure for table `companies`
--

DROP TABLE IF EXISTS `companies`;
/*!40101 SET @saved_cs_client     = @@character_set_client */;
/*!40101 SET character_set_client = utf8 */;
CREATE TABLE `companies` (
  `id` int(10) unsigned NOT NULL AUTO_INCREMENT,
  `company` varchar(191) COLLATE utf8mb4_unicode_ci NOT NULL,
  `country_id` int(10) unsigned NOT NULL,
  `created_at` timestamp NULL DEFAULT NULL,
  `updated_at` timestamp NULL DEFAULT NULL,
  `deleted_at` timestamp NULL DEFAULT NULL,
  PRIMARY KEY (`id`)
) ENGINE=InnoDB AUTO_INCREMENT=8 DEFAULT CHARSET=utf8mb4 COLLATE=utf8mb4_unicode_ci;
/*!40101 SET character_set_client = @saved_cs_client */;

--
-- Dumping data for table `companies`
--

LOCK TABLES `companies` WRITE;
/*!40000 ALTER TABLE `companies` DISABLE KEYS */;
INSERT INTO `companies` VALUES (1,'Express Shipping & Logistics (E.A) Limited',1,'2018-04-12 10:28:15','2018-04-12 10:28:15',NULL),(2,'Manuchar Kenya Limited',1,'2018-04-12 11:21:09','2018-04-12 11:21:09',NULL),(3,'Freightwell Express Limited',1,'2018-04-12 11:24:57','2018-04-12 11:24:57',NULL),(5,'Express Chartering and Shipping Limited',3,'2018-04-12 11:25:29','2018-04-16 06:40:55',NULL),(6,'ESL Uganda Limited',2,'2018-04-12 11:25:47','2018-04-16 06:40:29',NULL),(7,'Sovereign Logistics Limited',1,'2018-04-16 06:41:37','2018-04-16 06:41:37',NULL);
/*!40000 ALTER TABLE `companies` ENABLE KEYS */;
UNLOCK TABLES;

--
-- Table structure for table `companyapps`
--

DROP TABLE IF EXISTS `companyapps`;
/*!40101 SET @saved_cs_client     = @@character_set_client */;
/*!40101 SET character_set_client = utf8 */;
CREATE TABLE `companyapps` (
  `id` int(10) unsigned NOT NULL AUTO_INCREMENT,
  `application_id` int(10) unsigned NOT NULL,
  `company_id` int(10) unsigned NOT NULL,
  `created_at` timestamp NULL DEFAULT NULL,
  `updated_at` timestamp NULL DEFAULT NULL,
  `deleted_at` timestamp NULL DEFAULT NULL,
  PRIMARY KEY (`id`),
  KEY `application_id_foreign` (`application_id`),
  KEY `company_id_foreign` (`company_id`)
) ENGINE=InnoDB AUTO_INCREMENT=50 DEFAULT CHARSET=utf8mb4 COLLATE=utf8mb4_unicode_ci;
/*!40101 SET character_set_client = @saved_cs_client */;

--
-- Dumping data for table `companyapps`
--

LOCK TABLES `companyapps` WRITE;
/*!40000 ALTER TABLE `companyapps` DISABLE KEYS */;
INSERT INTO `companyapps` VALUES (1,4,3,'2018-04-15 18:33:18','2018-04-20 10:29:12',NULL),(2,2,1,'2018-04-15 18:33:28','2018-04-15 18:33:28',NULL),(3,3,1,'2018-04-15 18:33:34','2018-04-15 18:33:34',NULL),(4,4,1,'2018-04-15 18:33:43','2018-04-15 18:33:43',NULL),(8,2,7,'2018-04-20 07:59:46','2018-04-20 07:59:46',NULL),(10,1,3,'2018-04-20 08:01:14','2018-04-20 08:01:14',NULL),(11,2,3,'2018-04-20 08:01:37','2018-04-20 08:01:37',NULL),(12,1,1,'2018-04-20 10:30:36','2018-04-20 10:30:36',NULL),(15,1,7,'2018-04-21 12:16:12','2018-04-21 12:16:12',NULL),(17,3,7,'2018-04-21 12:16:56','2018-04-21 12:16:56',NULL),(19,5,1,'2018-04-23 10:58:36','2018-04-23 10:58:36',NULL),(20,6,1,'2018-05-08 07:25:30','2018-05-08 07:25:30',NULL),(21,7,1,'2018-05-08 07:29:57','2018-05-08 07:29:57',NULL),(22,8,1,'2018-05-08 07:35:26','2018-05-08 07:35:26',NULL),(23,9,1,'2018-05-08 07:42:29','2018-05-08 07:42:29',NULL),(24,10,1,'2018-05-08 07:50:23','2018-05-08 07:50:23',NULL),(25,6,3,'2018-05-08 07:54:36','2018-05-08 07:54:36',NULL),(26,10,3,'2018-05-08 07:54:51','2018-05-08 07:54:51',NULL),(27,9,3,'2018-05-08 08:02:13','2018-05-08 08:02:13',NULL),(28,10,7,'2018-05-11 12:40:21','2018-05-11 12:40:21',NULL),(29,9,7,'2018-05-14 14:12:13','2018-05-14 14:12:13',NULL),(30,6,7,'2018-05-14 14:37:22','2018-05-14 14:37:22',NULL),(31,8,7,'2018-05-14 14:37:33','2018-05-14 14:37:33',NULL),(32,7,7,'2018-05-14 14:39:17','2018-05-14 14:39:17',NULL),(33,4,7,'2018-05-14 14:42:59','2018-05-14 14:42:59',NULL),(34,7,3,'2018-05-17 08:35:45','2018-05-17 08:35:45',NULL),(35,8,3,'2018-05-17 13:31:57','2018-05-17 13:31:57',NULL),(36,7,7,'2018-05-18 05:38:11','2018-05-18 05:38:11',NULL),(37,8,6,'2018-08-22 14:02:32','2018-08-22 14:02:32',NULL),(38,11,1,'2018-09-26 08:42:59','2018-09-26 08:42:59',NULL),(39,11,2,'2018-09-26 08:45:15','2018-09-26 08:45:15',NULL),(40,11,3,'2018-09-26 08:45:33','2018-09-26 08:45:33',NULL),(41,11,5,'2018-09-26 08:46:13','2018-09-26 08:46:13',NULL),(42,11,6,'2018-09-26 08:46:42','2018-09-26 08:46:42',NULL),(43,11,7,'2018-09-26 08:46:56','2018-09-26 08:46:56',NULL),(44,12,1,'2018-09-26 09:16:13','2018-09-26 09:16:13',NULL),(45,12,2,'2018-09-26 09:16:22','2018-09-26 09:16:22',NULL),(46,12,3,'2018-09-26 09:16:31','2018-09-26 09:16:31',NULL),(47,12,5,'2018-09-26 09:16:41','2018-09-26 09:16:41',NULL),(48,12,6,'2018-09-26 09:16:50','2018-09-26 09:16:50',NULL),(49,12,7,'2018-09-26 09:17:02','2018-09-26 09:17:02',NULL);
/*!40000 ALTER TABLE `companyapps` ENABLE KEYS */;
UNLOCK TABLES;

--
-- Table structure for table `countries`
--

DROP TABLE IF EXISTS `countries`;
/*!40101 SET @saved_cs_client     = @@character_set_client */;
/*!40101 SET character_set_client = utf8 */;
CREATE TABLE `countries` (
  `id` int(10) unsigned NOT NULL AUTO_INCREMENT,
  `country` varchar(191) COLLATE utf8mb4_unicode_ci NOT NULL,
  `flag` varchar(191) COLLATE utf8mb4_unicode_ci NOT NULL,
  `created_at` timestamp NULL DEFAULT NULL,
  `updated_at` timestamp NULL DEFAULT NULL,
  `deleted_at` timestamp NULL DEFAULT NULL,
  PRIMARY KEY (`id`)
) ENGINE=InnoDB AUTO_INCREMENT=4 DEFAULT CHARSET=utf8mb4 COLLATE=utf8mb4_unicode_ci;
/*!40101 SET character_set_client = @saved_cs_client */;

--
-- Dumping data for table `countries`
--

LOCK TABLES `countries` WRITE;
/*!40000 ALTER TABLE `countries` DISABLE KEYS */;
INSERT INTO `countries` VALUES (1,'Kenya','http://eslmaster.dom/img/backend/kenyan.png','2018-04-12 08:40:43','2018-04-12 08:40:43',NULL),(2,'Uganda','http://eslmaster.dom/img/backend/ug.png','2018-04-12 09:09:30','2018-04-12 09:09:30',NULL),(3,'Tanzania','http://eslmaster.dom/img/backend/tanzanian.png','2018-04-12 09:09:46','2018-04-12 09:09:46',NULL);
/*!40000 ALTER TABLE `countries` ENABLE KEYS */;
UNLOCK TABLES;

--
-- Table structure for table `email_template_placeholders`
--

DROP TABLE IF EXISTS `email_template_placeholders`;
/*!40101 SET @saved_cs_client     = @@character_set_client */;
/*!40101 SET character_set_client = utf8 */;
CREATE TABLE `email_template_placeholders` (
  `id` int(10) unsigned NOT NULL AUTO_INCREMENT,
  `name` varchar(191) COLLATE utf8mb4_unicode_ci NOT NULL,
  `created_at` timestamp NULL DEFAULT NULL,
  `updated_at` timestamp NULL DEFAULT NULL,
  PRIMARY KEY (`id`)
) ENGINE=InnoDB AUTO_INCREMENT=12 DEFAULT CHARSET=utf8mb4 COLLATE=utf8mb4_unicode_ci;
/*!40101 SET character_set_client = @saved_cs_client */;

--
-- Dumping data for table `email_template_placeholders`
--

LOCK TABLES `email_template_placeholders` WRITE;
/*!40000 ALTER TABLE `email_template_placeholders` DISABLE KEYS */;
INSERT INTO `email_template_placeholders` VALUES (1,'app_name','2018-04-11 17:01:10','2018-04-11 17:01:10'),(2,'name','2018-04-11 17:01:10','2018-04-11 17:01:10'),(3,'email','2018-04-11 17:01:10','2018-04-11 17:01:10'),(4,'password','2018-04-11 17:01:10','2018-04-11 17:01:10'),(5,'contact-details','2018-04-11 17:01:10','2018-04-11 17:01:10'),(6,'confirmation_link','2018-04-11 17:01:10','2018-04-11 17:01:10'),(7,'password_reset_link','2018-04-11 17:01:10','2018-04-11 17:01:10'),(8,'header_logo','2018-04-11 17:01:10','2018-04-11 17:01:10'),(9,'footer_logo','2018-04-11 17:01:10','2018-04-11 17:01:10'),(10,'unscribe_link','2018-04-11 17:01:10','2018-04-11 17:01:10'),(11,'status','2018-04-11 17:01:10','2018-04-11 17:01:10');
/*!40000 ALTER TABLE `email_template_placeholders` ENABLE KEYS */;
UNLOCK TABLES;

--
-- Table structure for table `email_template_types`
--

DROP TABLE IF EXISTS `email_template_types`;
/*!40101 SET @saved_cs_client     = @@character_set_client */;
/*!40101 SET character_set_client = utf8 */;
CREATE TABLE `email_template_types` (
  `id` int(10) unsigned NOT NULL AUTO_INCREMENT,
  `name` varchar(191) COLLATE utf8mb4_unicode_ci NOT NULL,
  `created_at` timestamp NULL DEFAULT NULL,
  `updated_at` timestamp NULL DEFAULT NULL,
  PRIMARY KEY (`id`)
) ENGINE=InnoDB AUTO_INCREMENT=5 DEFAULT CHARSET=utf8mb4 COLLATE=utf8mb4_unicode_ci;
/*!40101 SET character_set_client = @saved_cs_client */;

--
-- Dumping data for table `email_template_types`
--

LOCK TABLES `email_template_types` WRITE;
/*!40000 ALTER TABLE `email_template_types` DISABLE KEYS */;
INSERT INTO `email_template_types` VALUES (1,'Registration','2018-04-11 17:01:10','2018-04-11 17:01:10'),(2,'Create User','2018-04-11 17:01:10','2018-04-11 17:01:10'),(3,'Acivate / Deactivate User','2018-04-11 17:01:10','2018-04-11 17:01:10'),(4,'Change Password','2018-04-11 17:01:10','2018-04-11 17:01:10');
/*!40000 ALTER TABLE `email_template_types` ENABLE KEYS */;
UNLOCK TABLES;

--
-- Table structure for table `email_templates`
--

DROP TABLE IF EXISTS `email_templates`;
/*!40101 SET @saved_cs_client     = @@character_set_client */;
/*!40101 SET character_set_client = utf8 */;
CREATE TABLE `email_templates` (
  `id` int(10) unsigned NOT NULL AUTO_INCREMENT,
  `type_id` int(10) unsigned NOT NULL,
  `title` varchar(191) COLLATE utf8mb4_unicode_ci NOT NULL,
  `subject` varchar(191) COLLATE utf8mb4_unicode_ci NOT NULL,
  `body` text COLLATE utf8mb4_unicode_ci NOT NULL,
  `status` tinyint(1) NOT NULL DEFAULT '1',
  `created_by` int(10) unsigned NOT NULL,
  `updated_by` int(10) unsigned DEFAULT NULL,
  `created_at` timestamp NULL DEFAULT NULL,
  `updated_at` timestamp NULL DEFAULT NULL,
  `deleted_at` timestamp NULL DEFAULT NULL,
  PRIMARY KEY (`id`),
  KEY `email_templates_type_id_index` (`type_id`)
) ENGINE=InnoDB AUTO_INCREMENT=5 DEFAULT CHARSET=utf8mb4 COLLATE=utf8mb4_unicode_ci;
/*!40101 SET character_set_client = @saved_cs_client */;

--
-- Dumping data for table `email_templates`
--

LOCK TABLES `email_templates` WRITE;
/*!40000 ALTER TABLE `email_templates` DISABLE KEYS */;
INSERT INTO `email_templates` VALUES (1,1,'User Registration','You have succesfully registerd','<center>\r\n<table id=\"bodyTable\" border=\"0\" width=\"100%\" cellspacing=\"0\" cellpadding=\"0\" align=\"center\">\r\n<tbody>\r\n<tr>\r\n<td id=\"bodyCell\" align=\"center\" valign=\"top\">\r\n<table id=\"templateContainer\" border=\"0\" width=\"600\" cellspacing=\"0\" cellpadding=\"0\" align=\"center\">\r\n<tbody>\r\n<tr>\r\n<td align=\"left\" valign=\"top\">\r\n<table id=\"templateBody\" border=\"0\" width=\"600\" cellspacing=\"0\" cellpadding=\"0\">\r\n<tbody>\r\n<tr>\r\n<td class=\"bodyContainer\" style=\"padding-top: 9px; padding-bottom: 9px;\" valign=\"top\">\r\n<table class=\"mcnBoxedTextBlock\" border=\"0\" width=\"100%\" cellspacing=\"0\" cellpadding=\"0\">\r\n<tbody class=\"mcnBoxedTextBlockOuter\">\r\n<tr>\r\n<td class=\"mcnBoxedTextBlockInner\" valign=\"top\">\r\n<table class=\"mcnBoxedTextContentContainer\" border=\"0\" width=\"600\" cellspacing=\"0\" cellpadding=\"0\" align=\"left\">\r\n<tbody>\r\n<tr>\r\n<td style=\"padding: 9px 18px 9px 18px;\">\r\n<table class=\"mcnTextContentContainer\" style=\"background-color: #ffffff;\" border=\"0\" width=\"100%\" cellspacing=\"0\" cellpadding=\"18\">\r\n<tbody>\r\n<tr>\r\n<td class=\"mcnTextContent\" style=\"font-family: Helvetica Neue, Helvetica, Arial, sans-serif; text-align: left; padding: 36px; word-break: break-word;\" valign=\"top\">\r\n<div style=\"text-align: left; word-wrap: break-word;\">Thank you for joining [app_name]! To finish signing up, you just need to confirm your account. <br /> <br />To confirm your email, please click this link:&nbsp;[confirmation_link] <br /> <br />Welcome and thanks! <br />[app_name] Team\r\n<div class=\"footer\" style=\"font-size: 0.7em; padding: 0px; font-family: Helvetica Neue, Helvetica, Arial, sans-serif; text-align: right; color: #777777; line-height: 14px; margin-top: 36px;\">&copy; [app_name]</div>\r\n</div>\r\n</td>\r\n</tr>\r\n</tbody>\r\n</table>\r\n</td>\r\n</tr>\r\n</tbody>\r\n</table>\r\n</td>\r\n</tr>\r\n</tbody>\r\n</table>\r\n</td>\r\n</tr>\r\n</tbody>\r\n</table>\r\n<!-- // END BODY --></td>\r\n</tr>\r\n</tbody>\r\n</table>\r\n<!-- // END TEMPLATE --></td>\r\n</tr>\r\n</tbody>\r\n</table>\r\n</center>',1,1,NULL,'2018-04-11 17:01:10','2018-04-11 17:01:10',NULL),(2,2,'Create User','Congratulations! your account has been created','<center>\r\n<table id=\"bodyTable\" border=\"0\" width=\"100%\" cellspacing=\"0\" cellpadding=\"0\" align=\"center\">\r\n<tbody>\r\n<tr>\r\n<td id=\"bodyCell\" align=\"center\" valign=\"top\">\r\n<table id=\"templateContainer\" border=\"0\" width=\"600\" cellspacing=\"0\" cellpadding=\"0\" align=\"center\">\r\n<tbody>\r\n<tr>\r\n<td align=\"left\" valign=\"top\">\r\n<table id=\"templateBody\" border=\"0\" width=\"600\" cellspacing=\"0\" cellpadding=\"0\">\r\n<tbody>\r\n<tr>\r\n<td class=\"bodyContainer\" style=\"padding-top: 9px; padding-bottom: 9px;\" valign=\"top\">\r\n<table class=\"mcnBoxedTextBlock\" border=\"0\" width=\"100%\" cellspacing=\"0\" cellpadding=\"0\">\r\n<tbody class=\"mcnBoxedTextBlockOuter\">\r\n<tr>\r\n<td class=\"mcnBoxedTextBlockInner\" valign=\"top\">\r\n<table class=\"mcnBoxedTextContentContainer\" border=\"0\" width=\"600\" cellspacing=\"0\" cellpadding=\"0\" align=\"left\">\r\n<tbody>\r\n<tr>\r\n<td style=\"padding: 9px 18px 9px 18px;\">\r\n<table class=\"mcnTextContentContainer\" style=\"background-color: #ffffff;\" border=\"0\" width=\"100%\" cellspacing=\"0\" cellpadding=\"18\">\r\n<tbody>\r\n<tr>\r\n<td class=\"mcnTextContent\" style=\"font-family: Helvetica Neue, Helvetica, Arial, sans-serif; text-align: left; padding: 36px; word-break: break-word;\" valign=\"top\">\r\n<div style=\"text-align: left; word-wrap: break-word;\">Congratulations! your account has been created</div>\r\n<div style=\"text-align: left; word-wrap: break-word;\">&nbsp;</div>\r\n<div style=\"text-align: left; word-wrap: break-word;\">&nbsp;</div>\r\n<div style=\"text-align: left; word-wrap: break-word;\">Your credentials are as below</div>\r\n<div style=\"text-align: left; word-wrap: break-word;\">&nbsp;</div>\r\n<div style=\"text-align: left; word-wrap: break-word;\">Email - [email]</div>\r\n<div style=\"text-align: left; word-wrap: break-word;\">Password - [password]</div>\r\n<div style=\"text-align: left; word-wrap: break-word;\">&nbsp;</div>\r\n<div style=\"text-align: left; word-wrap: break-word;\"><br />Welcome and thanks! <br />[app_name] Team\r\n<div class=\"footer\" style=\"font-size: 0.7em; padding: 0px; font-family: Helvetica Neue, Helvetica, Arial, sans-serif; text-align: right; color: #777777; line-height: 14px; margin-top: 36px;\">&copy; [app_name]</div>\r\n</div>\r\n</td>\r\n</tr>\r\n</tbody>\r\n</table>\r\n</td>\r\n</tr>\r\n</tbody>\r\n</table>\r\n</td>\r\n</tr>\r\n</tbody>\r\n</table>\r\n</td>\r\n</tr>\r\n</tbody>\r\n</table>\r\n<!-- // END BODY --></td>\r\n</tr>\r\n</tbody>\r\n</table>\r\n<!-- // END TEMPLATE --></td>\r\n</tr>\r\n</tbody>\r\n</table>\r\n</center>',1,1,NULL,'2018-04-11 17:01:10','2018-04-11 17:01:10',NULL),(3,3,'Activate / Deactivate User','Your account has been [status]','<center>\r\n<table id=\"bodyTable\" border=\"0\" width=\"100%\" cellspacing=\"0\" cellpadding=\"0\" align=\"center\">\r\n<tbody>\r\n<tr>\r\n<td id=\"bodyCell\" align=\"center\" valign=\"top\">\r\n<table id=\"templateContainer\" border=\"0\" width=\"600\" cellspacing=\"0\" cellpadding=\"0\" align=\"center\">\r\n<tbody>\r\n<tr>\r\n<td align=\"left\" valign=\"top\">\r\n<table id=\"templateBody\" border=\"0\" width=\"600\" cellspacing=\"0\" cellpadding=\"0\">\r\n<tbody>\r\n<tr>\r\n<td class=\"bodyContainer\" style=\"padding-top: 9px; padding-bottom: 9px;\" valign=\"top\">\r\n<table class=\"mcnBoxedTextBlock\" border=\"0\" width=\"100%\" cellspacing=\"0\" cellpadding=\"0\">\r\n<tbody class=\"mcnBoxedTextBlockOuter\">\r\n<tr>\r\n<td class=\"mcnBoxedTextBlockInner\" valign=\"top\">\r\n<table class=\"mcnBoxedTextContentContainer\" border=\"0\" width=\"600\" cellspacing=\"0\" cellpadding=\"0\" align=\"left\">\r\n<tbody>\r\n<tr>\r\n<td style=\"padding: 9px 18px 9px 18px;\">\r\n<table class=\"mcnTextContentContainer\" style=\"background-color: #ffffff;\" border=\"0\" width=\"100%\" cellspacing=\"0\" cellpadding=\"18\">\r\n<tbody>\r\n<tr>\r\n<td class=\"mcnTextContent\" style=\"font-family: Helvetica Neue, Helvetica, Arial, sans-serif; text-align: left; padding: 36px; word-break: break-word;\" valign=\"top\">\r\n<div style=\"text-align: left; word-wrap: break-word;\">Your account has been [status].<br /> <br />Welcome and thanks! <br />[app_name] Team\r\n<div class=\"footer\" style=\"font-size: 0.7em; padding: 0px; font-family: Helvetica Neue, Helvetica, Arial, sans-serif; text-align: right; color: #777777; line-height: 14px; margin-top: 36px;\">&copy; [app_name]</div>\r\n</div>\r\n</td>\r\n</tr>\r\n</tbody>\r\n</table>\r\n</td>\r\n</tr>\r\n</tbody>\r\n</table>\r\n</td>\r\n</tr>\r\n</tbody>\r\n</table>\r\n</td>\r\n</tr>\r\n</tbody>\r\n</table>\r\n<!-- // END BODY --></td>\r\n</tr>\r\n</tbody>\r\n</table>\r\n<!-- // END TEMPLATE --></td>\r\n</tr>\r\n</tbody>\r\n</table>\r\n</center>',1,1,NULL,'2018-04-11 17:01:10','2018-04-11 17:01:10',NULL),(4,4,'Change Password','Your passwprd has been changed successfully','<center>\r\n<table id=\"bodyTable\" border=\"0\" width=\"100%\" cellspacing=\"0\" cellpadding=\"0\" align=\"center\">\r\n<tbody>\r\n<tr>\r\n<td id=\"bodyCell\" align=\"center\" valign=\"top\">\r\n<table id=\"templateContainer\" border=\"0\" width=\"600\" cellspacing=\"0\" cellpadding=\"0\" align=\"center\">\r\n<tbody>\r\n<tr>\r\n<td align=\"left\" valign=\"top\">\r\n<table id=\"templateBody\" border=\"0\" width=\"600\" cellspacing=\"0\" cellpadding=\"0\">\r\n<tbody>\r\n<tr>\r\n<td class=\"bodyContainer\" style=\"padding-top: 9px; padding-bottom: 9px;\" valign=\"top\">\r\n<table class=\"mcnBoxedTextBlock\" border=\"0\" width=\"100%\" cellspacing=\"0\" cellpadding=\"0\">\r\n<tbody class=\"mcnBoxedTextBlockOuter\">\r\n<tr>\r\n<td class=\"mcnBoxedTextBlockInner\" valign=\"top\">\r\n<table class=\"mcnBoxedTextContentContainer\" border=\"0\" width=\"600\" cellspacing=\"0\" cellpadding=\"0\" align=\"left\">\r\n<tbody>\r\n<tr>\r\n<td style=\"padding: 9px 18px 9px 18px;\">\r\n<table class=\"mcnTextContentContainer\" style=\"background-color: #ffffff;\" border=\"0\" width=\"100%\" cellspacing=\"0\" cellpadding=\"18\">\r\n<tbody>\r\n<tr>\r\n<td class=\"mcnTextContent\" style=\"font-family: Helvetica Neue, Helvetica, Arial, sans-serif; text-align: left; padding: 36px; word-break: break-word;\" valign=\"top\">\r\n<div style=\"text-align: left; word-wrap: break-word;\">Your password has been changed successfully.</div>\r\n<div style=\"text-align: left; word-wrap: break-word;\">&nbsp;</div>\r\n<div style=\"text-align: left; word-wrap: break-word;\">New password : [password]<br /> <br />Welcome and thanks! <br />[app_name] Team\r\n<div class=\"footer\" style=\"font-size: 0.7em; padding: 0px; font-family: Helvetica Neue, Helvetica, Arial, sans-serif; text-align: right; color: #777777; line-height: 14px; margin-top: 36px;\">&copy; [app_name]</div>\r\n</div>\r\n</td>\r\n</tr>\r\n</tbody>\r\n</table>\r\n</td>\r\n</tr>\r\n</tbody>\r\n</table>\r\n</td>\r\n</tr>\r\n</tbody>\r\n</table>\r\n</td>\r\n</tr>\r\n</tbody>\r\n</table>\r\n<!-- // END BODY --></td>\r\n</tr>\r\n</tbody>\r\n</table>\r\n<!-- // END TEMPLATE --></td>\r\n</tr>\r\n</tbody>\r\n</table>\r\n</center>',1,1,NULL,'2018-04-11 17:01:10','2018-04-11 17:01:10',NULL);
/*!40000 ALTER TABLE `email_templates` ENABLE KEYS */;
UNLOCK TABLES;

--
-- Table structure for table `faqs`
--

DROP TABLE IF EXISTS `faqs`;
/*!40101 SET @saved_cs_client     = @@character_set_client */;
/*!40101 SET character_set_client = utf8 */;
CREATE TABLE `faqs` (
  `id` int(10) unsigned NOT NULL AUTO_INCREMENT,
  `question` varchar(191) COLLATE utf8mb4_unicode_ci NOT NULL,
  `answer` text COLLATE utf8mb4_unicode_ci NOT NULL,
  `status` tinyint(1) NOT NULL DEFAULT '0',
  `created_at` timestamp NULL DEFAULT NULL,
  `updated_at` timestamp NULL DEFAULT NULL,
  `deleted_at` timestamp NULL DEFAULT NULL,
  PRIMARY KEY (`id`)
) ENGINE=InnoDB DEFAULT CHARSET=utf8mb4 COLLATE=utf8mb4_unicode_ci;
/*!40101 SET character_set_client = @saved_cs_client */;

--
-- Dumping data for table `faqs`
--

LOCK TABLES `faqs` WRITE;
/*!40000 ALTER TABLE `faqs` DISABLE KEYS */;
/*!40000 ALTER TABLE `faqs` ENABLE KEYS */;
UNLOCK TABLES;

--
-- Table structure for table `history`
--

DROP TABLE IF EXISTS `history`;
/*!40101 SET @saved_cs_client     = @@character_set_client */;
/*!40101 SET character_set_client = utf8 */;
CREATE TABLE `history` (
  `id` int(10) unsigned NOT NULL AUTO_INCREMENT,
  `type_id` int(10) unsigned NOT NULL,
  `user_id` int(10) unsigned NOT NULL,
  `entity_id` int(10) unsigned DEFAULT NULL,
  `icon` varchar(191) COLLATE utf8mb4_unicode_ci DEFAULT NULL,
  `class` varchar(191) COLLATE utf8mb4_unicode_ci DEFAULT NULL,
  `text` varchar(191) COLLATE utf8mb4_unicode_ci NOT NULL,
  `assets` text COLLATE utf8mb4_unicode_ci,
  `created_at` timestamp NULL DEFAULT NULL,
  `updated_at` timestamp NULL DEFAULT NULL,
  PRIMARY KEY (`id`),
  KEY `history_type_id_foreign` (`type_id`),
  KEY `history_user_id_foreign` (`user_id`),
  CONSTRAINT `history_type_id_foreign` FOREIGN KEY (`type_id`) REFERENCES `history_types` (`id`) ON DELETE CASCADE,
  CONSTRAINT `history_user_id_foreign` FOREIGN KEY (`user_id`) REFERENCES `users` (`id`) ON DELETE CASCADE
) ENGINE=InnoDB AUTO_INCREMENT=130 DEFAULT CHARSET=utf8mb4 COLLATE=utf8mb4_unicode_ci;
/*!40101 SET character_set_client = @saved_cs_client */;

--
-- Dumping data for table `history`
--

LOCK TABLES `history` WRITE;
/*!40000 ALTER TABLE `history` DISABLE KEYS */;
INSERT INTO `history` VALUES (1,2,1,4,'plus','bg-green','trans(\"history.backend.roles.created\") <strong>Human Resource</strong>',NULL,'2018-04-11 17:21:26','2018-04-11 17:21:26'),(2,1,1,4,'plus','bg-green','trans(\"history.backend.users.created\") <strong>{user}</strong>','{\"user_link\":[\"admin.access.user.show\",\"Milly Ayuma\",4]}','2018-04-13 08:07:55','2018-04-13 08:07:55'),(3,1,1,5,'plus','bg-green','trans(\"history.backend.users.created\") <strong>{user}</strong>','{\"user_link\":[\"admin.access.user.show\",\"Milly Ayuma\",5]}','2018-04-13 08:18:03','2018-04-13 08:18:03'),(4,1,1,10,'save','bg-aqua','trans(\"history.backend.users.updated\") <strong>{user}</strong>','{\"user_link\":[\"admin.access.user.show\",\"ALOICE MUOKI KUTUTA\",10]}','2018-04-13 16:01:09','2018-04-13 16:01:09'),(5,1,1,10,'save','bg-aqua','trans(\"history.backend.users.updated\") <strong>{user}</strong>','{\"user_link\":[\"admin.access.user.show\",\"ALOICE MUOKI KUTUTA\",10]}','2018-04-13 16:01:35','2018-04-13 16:01:35'),(6,1,1,10,'save','bg-aqua','trans(\"history.backend.users.updated\") <strong>{user}</strong>','{\"user_link\":[\"admin.access.user.show\",\"ALOICE MUOKI KUTUTA\",10]}','2018-04-13 16:22:38','2018-04-13 16:22:38'),(7,1,1,33,'save','bg-aqua','trans(\"history.backend.users.updated\") <strong>{user}</strong>','{\"user_link\":[\"admin.access.user.show\",\"ARSHUR LOMO OWANE\",33]}','2018-04-13 16:24:46','2018-04-13 16:24:46'),(8,1,1,7,'save','bg-aqua','trans(\"history.backend.users.updated\") <strong>{user}</strong>','{\"user_link\":[\"admin.access.user.show\",\"CATHERINE ANZAZI LEWA\",7]}','2018-04-13 16:25:11','2018-04-13 16:25:11'),(9,1,1,13,'save','bg-aqua','trans(\"history.backend.users.updated\") <strong>{user}</strong>','{\"user_link\":[\"admin.access.user.show\",\"CHRISPUS MAINGI KILEI\",13]}','2018-04-15 04:51:29','2018-04-15 04:51:29'),(10,1,1,12,'save','bg-aqua','trans(\"history.backend.users.updated\") <strong>{user}</strong>','{\"user_link\":[\"admin.access.user.show\",\"ISAAC WATKINS\",12]}','2018-04-16 07:17:14','2018-04-16 07:17:14'),(11,1,1,14,'save','bg-aqua','trans(\"history.backend.users.updated\") <strong>{user}</strong>','{\"user_link\":[\"admin.access.user.show\",\"EVANS NGALA\",14]}','2018-04-16 07:23:32','2018-04-16 07:23:32'),(12,1,1,18,'save','bg-aqua','trans(\"history.backend.users.updated\") <strong>{user}</strong>','{\"user_link\":[\"admin.access.user.show\",\"JOHN LAGAT\",18]}','2018-04-16 07:24:31','2018-04-16 07:24:31'),(13,1,1,18,'save','bg-aqua','trans(\"history.backend.users.updated\") <strong>{user}</strong>','{\"user_link\":[\"admin.access.user.show\",\"JOHN LAGAT\",18]}','2018-04-16 07:29:26','2018-04-16 07:29:26'),(14,1,1,18,'save','bg-aqua','trans(\"history.backend.users.updated\") <strong>{user}</strong>','{\"user_link\":[\"admin.access.user.show\",\"JOHN LAGAT\",18]}','2018-04-16 08:11:33','2018-04-16 08:11:33'),(15,1,1,21,'save','bg-aqua','trans(\"history.backend.users.updated\") <strong>{user}</strong>','{\"user_link\":[\"admin.access.user.show\",\"STEPHEN OKIKI\",21]}','2018-04-16 16:03:28','2018-04-16 16:03:28'),(16,1,1,10,'save','bg-aqua','trans(\"history.backend.users.updated\") <strong>{user}</strong>','{\"user_link\":[\"admin.access.user.show\",\"ALOICE MUOKI KUTUTA\",10]}','2018-04-17 06:07:13','2018-04-17 06:07:13'),(17,1,1,9,'save','bg-aqua','trans(\"history.backend.users.updated\") <strong>{user}</strong>','{\"user_link\":[\"admin.access.user.show\",\"FRANCISCA MUENI NZIOKA\",9]}','2018-04-17 06:32:37','2018-04-17 06:32:37'),(18,1,1,10,'save','bg-aqua','trans(\"history.backend.users.updated\") <strong>{user}</strong>','{\"user_link\":[\"admin.access.user.show\",\"ALOICE MUOKI KUTUTA\",10]}','2018-04-17 12:19:35','2018-04-17 12:19:35'),(19,1,1,11,'save','bg-aqua','trans(\"history.backend.users.updated\") <strong>{user}</strong>','{\"user_link\":[\"admin.access.user.show\",\"MAUREEN ATIENO OPIYO\",11]}','2018-04-18 10:39:28','2018-04-18 10:39:28'),(20,1,1,11,'save','bg-aqua','trans(\"history.backend.users.updated\") <strong>{user}</strong>','{\"user_link\":[\"admin.access.user.show\",\"MAUREEN ATIENO OPIYO\",11]}','2018-04-18 10:43:26','2018-04-18 10:43:26'),(21,1,1,11,'save','bg-aqua','trans(\"history.backend.users.updated\") <strong>{user}</strong>','{\"user_link\":[\"admin.access.user.show\",\"MAUREEN ATIENO OPIYO\",11]}','2018-04-18 10:47:10','2018-04-18 10:47:10'),(22,1,1,11,'save','bg-aqua','trans(\"history.backend.users.updated\") <strong>{user}</strong>','{\"user_link\":[\"admin.access.user.show\",\"MAUREEN ATIENO OPIYO\",11]}','2018-04-18 10:59:38','2018-04-18 10:59:38'),(23,1,1,6,'save','bg-aqua','trans(\"history.backend.users.updated\") <strong>{user}</strong>','{\"user_link\":[\"admin.access.user.show\",\"SILVESTER MUSOVYA KUTUTA\",6]}','2018-04-18 11:10:02','2018-04-18 11:10:02'),(24,1,1,33,'save','bg-aqua','trans(\"history.backend.users.updated\") <strong>{user}</strong>','{\"user_link\":[\"admin.access.user.show\",\"ARSHUR LOMO OWANE\",33]}','2018-04-18 11:53:34','2018-04-18 11:53:34'),(25,1,1,33,'save','bg-aqua','trans(\"history.backend.users.updated\") <strong>{user}</strong>','{\"user_link\":[\"admin.access.user.show\",\"ARSHUR LOMO OWANE\",33]}','2018-04-18 11:53:53','2018-04-18 11:53:53'),(26,1,1,29,'save','bg-aqua','trans(\"history.backend.users.updated\") <strong>{user}</strong>','{\"user_link\":[\"admin.access.user.show\",\"GRACE MPOYA\",29]}','2018-04-18 11:55:16','2018-04-18 11:55:16'),(27,1,1,29,'save','bg-aqua','trans(\"history.backend.users.updated\") <strong>{user}</strong>','{\"user_link\":[\"admin.access.user.show\",\"GRACE MPOYA\",29]}','2018-04-18 11:55:35','2018-04-18 11:55:35'),(28,1,1,41,'trash','bg-maroon','trans(\"history.backend.users.deleted\") <strong>{user}</strong>','{\"user_link\":[\"admin.access.user.show\",\"Benson Munene Ireri \",41]}','2018-04-18 11:58:21','2018-04-18 11:58:21'),(29,1,1,34,'trash','bg-maroon','trans(\"history.backend.users.deleted\") <strong>{user}</strong>','{\"user_link\":[\"admin.access.user.show\",\"COLLINS ONYANGO PAMBA \",34]}','2018-04-18 11:58:54','2018-04-18 11:58:54'),(30,1,1,35,'trash','bg-maroon','trans(\"history.backend.users.deleted\") <strong>{user}</strong>','{\"user_link\":[\"admin.access.user.show\",\"CHRISPUS MAINGI KILEI \",35]}','2018-04-18 11:59:42','2018-04-18 11:59:42'),(31,1,1,20,'trash','bg-maroon','trans(\"history.backend.users.deleted\") <strong>{user}</strong>','{\"user_link\":[\"admin.access.user.show\",\"DANIEL LUKORITO WANIKINA \",20]}','2018-04-18 12:00:01','2018-04-18 12:00:01'),(32,1,1,30,'trash','bg-maroon','trans(\"history.backend.users.deleted\") <strong>{user}</strong>','{\"user_link\":[\"admin.access.user.show\",\"ERIC MULWA KYALO \",30]}','2018-04-18 12:00:19','2018-04-18 12:00:19'),(33,1,1,31,'trash','bg-maroon','trans(\"history.backend.users.deleted\") <strong>{user}</strong>','{\"user_link\":[\"admin.access.user.show\",\"IRENE ATIENO OTIENO \",31]}','2018-04-18 12:00:57','2018-04-18 12:00:57'),(34,1,1,15,'trash','bg-maroon','trans(\"history.backend.users.deleted\") <strong>{user}</strong>','{\"user_link\":[\"admin.access.user.show\",\"LEONARD MWARUWA BAYA \",15]}','2018-04-18 12:01:42','2018-04-18 12:01:42'),(35,1,1,39,'trash','bg-maroon','trans(\"history.backend.users.deleted\") <strong>{user}</strong>','{\"user_link\":[\"admin.access.user.show\",\"MOUREEN WAIRIMU KIAMA \",39]}','2018-04-18 12:03:13','2018-04-18 12:03:13'),(36,1,1,59,'save','bg-aqua','trans(\"history.backend.users.updated\") <strong>{user}</strong>','{\"user_link\":[\"admin.access.user.show\",\"Benson Munene Ireri\",59]}','2018-04-18 12:04:50','2018-04-18 12:04:50'),(37,1,1,50,'save','bg-aqua','trans(\"history.backend.users.updated\") <strong>{user}</strong>','{\"user_link\":[\"admin.access.user.show\",\"CATHERINE NYAMBURA THUO\",50]}','2018-04-18 12:05:33','2018-04-18 12:05:33'),(38,1,1,44,'save','bg-aqua','trans(\"history.backend.users.updated\") <strong>{user}</strong>','{\"user_link\":[\"admin.access.user.show\",\"DANIEL LUKORITO WANIKINA\",44]}','2018-04-18 12:06:09','2018-04-18 12:06:09'),(39,1,1,51,'save','bg-aqua','trans(\"history.backend.users.updated\") <strong>{user}</strong>','{\"user_link\":[\"admin.access.user.show\",\"ERIC MULWA KYALO\",51]}','2018-04-18 12:06:46','2018-04-18 12:06:46'),(40,1,1,54,'save','bg-aqua','trans(\"history.backend.users.updated\") <strong>{user}</strong>','{\"user_link\":[\"admin.access.user.show\",\"COLLINS ONYANGO PAMBA\",54]}','2018-04-18 12:07:27','2018-04-18 12:07:27'),(41,1,1,27,'trash','bg-maroon','trans(\"history.backend.users.deleted\") <strong>{user}</strong>','{\"user_link\":[\"admin.access.user.show\",\"ERIC OLENSI OLENSI OSINYA \",27]}','2018-04-18 12:09:19','2018-04-18 12:09:19'),(42,1,1,49,'save','bg-aqua','trans(\"history.backend.users.updated\") <strong>{user}</strong>','{\"user_link\":[\"admin.access.user.show\",\"ERIC OLENSI OLENSI OSINYA\",49]}','2018-04-18 12:09:54','2018-04-18 12:09:54'),(43,1,1,58,'save','bg-aqua','trans(\"history.backend.users.updated\") <strong>{user}</strong>','{\"user_link\":[\"admin.access.user.show\",\"ERICKSON MWANIKI NGELE\",58]}','2018-04-18 12:10:33','2018-04-18 12:10:33'),(44,1,1,40,'save','bg-aqua','trans(\"history.backend.users.updated\") <strong>{user}</strong>','{\"user_link\":[\"admin.access.user.show\",\"FANUEL ONYANGO\",40]}','2018-04-18 12:11:17','2018-04-18 12:11:17'),(45,1,1,25,'save','bg-aqua','trans(\"history.backend.users.updated\") <strong>{user}</strong>','{\"user_link\":[\"admin.access.user.show\",\"FLORENCE CHEPNGETICH TUEI\",25]}','2018-04-18 12:11:51','2018-04-18 12:11:51'),(46,1,1,55,'save','bg-aqua','trans(\"history.backend.users.updated\") <strong>{user}</strong>','{\"user_link\":[\"admin.access.user.show\",\"GULJAN ABUBAKAR RAMADHAN\",55]}','2018-04-18 12:12:28','2018-04-18 12:12:28'),(47,1,1,36,'save','bg-aqua','trans(\"history.backend.users.updated\") <strong>{user}</strong>','{\"user_link\":[\"admin.access.user.show\",\"FRANCIS OUMA OPALO\",36]}','2018-04-18 12:13:03','2018-04-18 12:13:03'),(48,1,1,52,'save','bg-aqua','trans(\"history.backend.users.updated\") <strong>{user}</strong>','{\"user_link\":[\"admin.access.user.show\",\"IRENE ATIENO OTIENO\",52]}','2018-04-18 12:13:41','2018-04-18 12:13:41'),(49,1,1,19,'save','bg-aqua','trans(\"history.backend.users.updated\") <strong>{user}</strong>','{\"user_link\":[\"admin.access.user.show\",\"JOYLINAH NDUTA NJERI\",19]}','2018-04-18 12:14:24','2018-04-18 12:14:24'),(50,1,1,43,'save','bg-aqua','trans(\"history.backend.users.updated\") <strong>{user}</strong>','{\"user_link\":[\"admin.access.user.show\",\"JOYLINAH NDUTA NJERI\",43]}','2018-04-18 12:15:06','2018-04-18 12:15:06'),(51,1,1,45,'save','bg-aqua','trans(\"history.backend.users.updated\") <strong>{user}</strong>','{\"user_link\":[\"admin.access.user.show\",\"JUSTUS KALII MUTHEMBWA\",45]}','2018-04-18 12:15:49','2018-04-18 12:15:49'),(52,1,1,48,'save','bg-aqua','trans(\"history.backend.users.updated\") <strong>{user}</strong>','{\"user_link\":[\"admin.access.user.show\",\"KENNEDY KIVUVANI\",48]}','2018-04-18 12:16:40','2018-04-18 12:16:40'),(53,1,1,38,'save','bg-aqua','trans(\"history.backend.users.updated\") <strong>{user}</strong>','{\"user_link\":[\"admin.access.user.show\",\"LAWRENCE ODHIAMBO AMENYA\",38]}','2018-04-18 12:17:22','2018-04-18 12:17:22'),(54,1,1,17,'save','bg-aqua','trans(\"history.backend.users.updated\") <strong>{user}</strong>','{\"user_link\":[\"admin.access.user.show\",\"LENROD MWAMBURI MGENDI\",17]}','2018-04-18 12:18:04','2018-04-18 12:18:04'),(55,1,1,42,'save','bg-aqua','trans(\"history.backend.users.updated\") <strong>{user}</strong>','{\"user_link\":[\"admin.access.user.show\",\"LEONARD MWARUWA BAYA\",42]}','2018-04-18 12:18:44','2018-04-18 12:18:44'),(56,1,1,16,'save','bg-aqua','trans(\"history.backend.users.updated\") <strong>{user}</strong>','{\"user_link\":[\"admin.access.user.show\",\"MARTIN KARANI IKIARA\",16]}','2018-04-18 12:19:18','2018-04-18 12:19:18'),(57,1,1,53,'save','bg-aqua','trans(\"history.backend.users.updated\") <strong>{user}</strong>','{\"user_link\":[\"admin.access.user.show\",\"MERCYLINE MUTHEU MUTUA\",53]}','2018-04-18 12:19:55','2018-04-18 12:19:55'),(58,1,1,56,'save','bg-aqua','trans(\"history.backend.users.updated\") <strong>{user}</strong>','{\"user_link\":[\"admin.access.user.show\",\"MOSES ELIAS MANGALE\",56]}','2018-04-18 12:20:28','2018-04-18 12:20:28'),(59,1,1,57,'save','bg-aqua','trans(\"history.backend.users.updated\") <strong>{user}</strong>','{\"user_link\":[\"admin.access.user.show\",\"MOUREEN WAIRIMU KIAMA\",57]}','2018-04-18 12:21:03','2018-04-18 12:21:03'),(60,1,1,8,'save','bg-aqua','trans(\"history.backend.users.updated\") <strong>{user}</strong>','{\"user_link\":[\"admin.access.user.show\",\"MOURINE ACHIENG MAGERO\",8]}','2018-04-18 12:21:40','2018-04-18 12:21:40'),(61,1,1,46,'trash','bg-maroon','trans(\"history.backend.users.deleted\") <strong>{user}</strong>','{\"user_link\":[\"admin.access.user.show\",\"PATRICK MUKUNDI MBUGUA \",46]}','2018-04-18 12:23:10','2018-04-18 12:23:10'),(62,1,1,23,'trash','bg-maroon','trans(\"history.backend.users.deleted\") <strong>{user}</strong>','{\"user_link\":[\"admin.access.user.show\",\"PATRICK MUKUNDI MBUGUA \",23]}','2018-04-18 12:26:21','2018-04-18 12:26:21'),(63,1,1,37,'save','bg-aqua','trans(\"history.backend.users.updated\") <strong>{user}</strong>','{\"user_link\":[\"admin.access.user.show\",\"PETER HAVACY MANGA\",37]}','2018-04-18 12:27:41','2018-04-18 12:27:41'),(64,1,1,24,'trash','bg-maroon','trans(\"history.backend.users.deleted\") <strong>{user}</strong>','{\"user_link\":[\"admin.access.user.show\",\"RAYMOND JUMA WANGUNDA \",24]}','2018-04-18 12:28:06','2018-04-18 12:28:06'),(65,1,1,47,'save','bg-aqua','trans(\"history.backend.users.updated\") <strong>{user}</strong>','{\"user_link\":[\"admin.access.user.show\",\"RAYMOND JUMA WANGUNDA\",47]}','2018-04-18 12:28:43','2018-04-18 12:28:43'),(66,1,1,14,'save','bg-aqua','trans(\"history.backend.users.updated\") <strong>{user}</strong>','{\"user_link\":[\"admin.access.user.show\",\"EVANS NGALA\",14]}','2018-04-19 05:16:25','2018-04-19 05:16:25'),(67,1,14,14,'lock','bg-blue','trans(\"history.backend.users.changed_password\") <strong>{user}</strong>','{\"user_link\":[\"admin.access.user.show\",\"EVANS NGALA\",14]}','2018-04-19 05:18:08','2018-04-19 05:18:08'),(68,1,14,14,'save','bg-aqua','trans(\"history.backend.users.updated\") <strong>{user}</strong>','{\"user_link\":[\"admin.access.user.show\",\"EVANS NGALA\",14]}','2018-04-19 05:18:54','2018-04-19 05:18:54'),(69,1,1,14,'save','bg-aqua','trans(\"history.backend.users.updated\") <strong>{user}</strong>','{\"user_link\":[\"admin.access.user.show\",\"EVANS NGALA\",14]}','2018-04-19 05:20:02','2018-04-19 05:20:02'),(70,1,14,14,'save','bg-aqua','trans(\"history.backend.users.updated\") <strong>{user}</strong>','{\"user_link\":[\"admin.access.user.show\",\"EVANS NGALA\",14]}','2018-04-19 06:09:51','2018-04-19 06:09:51'),(71,1,1,14,'save','bg-aqua','trans(\"history.backend.users.updated\") <strong>{user}</strong>','{\"user_link\":[\"admin.access.user.show\",\"EVANS NGALA\",14]}','2018-04-19 06:11:03','2018-04-19 06:11:03'),(72,1,1,64,'plus','bg-green','trans(\"history.backend.users.created\") <strong>{user}</strong>','{\"user_link\":[\"admin.access.user.show\",\"Washington Mwamburi\",64]}','2018-04-19 08:23:42','2018-04-19 08:23:42'),(73,1,1,21,'save','bg-aqua','trans(\"history.backend.users.updated\") <strong>{user}</strong>','{\"user_link\":[\"admin.access.user.show\",\"STEPHEN OKIKI\",21]}','2018-04-19 10:48:28','2018-04-19 10:48:28'),(74,1,1,8,'save','bg-aqua','trans(\"history.backend.users.updated\") <strong>{user}</strong>','{\"user_link\":[\"admin.access.user.show\",\"MOURINE ACHIENG MAGERO\",8]}','2018-04-20 06:17:19','2018-04-20 06:17:19'),(75,1,1,69,'plus','bg-green','trans(\"history.backend.users.created\") <strong>{user}</strong>','{\"user_link\":[\"admin.access.user.show\",\"MOSES SHIKHONGA\",69]}','2018-04-20 06:55:24','2018-04-20 06:55:24'),(76,1,1,70,'plus','bg-green','trans(\"history.backend.users.created\") <strong>{user}</strong>','{\"user_link\":[\"admin.access.user.show\",\"Joseph Kuuma Matheka\",70]}','2018-04-20 10:01:11','2018-04-20 10:01:11'),(77,1,1,71,'plus','bg-green','trans(\"history.backend.users.created\") <strong>{user}</strong>','{\"user_link\":[\"admin.access.user.show\",\"WASHINGTON Mwamburi Maseghe\",71]}','2018-04-20 10:02:14','2018-04-20 10:02:14'),(78,1,1,72,'plus','bg-green','trans(\"history.backend.users.created\") <strong>{user}</strong>','{\"user_link\":[\"admin.access.user.show\",\"christine Gema Nduta\",72]}','2018-04-20 10:04:27','2018-04-20 10:04:27'),(79,1,1,73,'plus','bg-green','trans(\"history.backend.users.created\") <strong>{user}</strong>','{\"user_link\":[\"admin.access.user.show\",\"Rodger Wekesa Wafula\",73]}','2018-04-20 10:05:17','2018-04-20 10:05:17'),(80,1,1,74,'plus','bg-green','trans(\"history.backend.users.created\") <strong>{user}</strong>','{\"user_link\":[\"admin.access.user.show\",\"Alois David Mutua\",74]}','2018-04-20 10:06:21','2018-04-20 10:06:21'),(81,1,1,75,'plus','bg-green','trans(\"history.backend.users.created\") <strong>{user}</strong>','{\"user_link\":[\"admin.access.user.show\",\"George Mutua Muli\",75]}','2018-04-20 10:07:51','2018-04-20 10:07:51'),(82,1,1,76,'plus','bg-green','trans(\"history.backend.users.created\") <strong>{user}</strong>','{\"user_link\":[\"admin.access.user.show\",\"Salim Charo sulubu\",76]}','2018-04-20 10:09:18','2018-04-20 10:09:18'),(83,1,1,77,'plus','bg-green','trans(\"history.backend.users.created\") <strong>{user}</strong>','{\"user_link\":[\"admin.access.user.show\",\"Dominic Muthui Kimanzi\",77]}','2018-04-20 10:09:58','2018-04-20 10:09:58'),(84,1,1,78,'plus','bg-green','trans(\"history.backend.users.created\") <strong>{user}</strong>','{\"user_link\":[\"admin.access.user.show\",\"Phides Laura Mwamkita\",78]}','2018-04-20 10:11:00','2018-04-20 10:11:00'),(85,1,1,79,'plus','bg-green','trans(\"history.backend.users.created\") <strong>{user}</strong>','{\"user_link\":[\"admin.access.user.show\",\"Pauline Karwirwa\",79]}','2018-04-20 10:12:10','2018-04-20 10:12:10'),(86,1,1,80,'plus','bg-green','trans(\"history.backend.users.created\") <strong>{user}</strong>','{\"user_link\":[\"admin.access.user.show\",\"Clifford Nyakundi\",80]}','2018-04-20 10:12:49','2018-04-20 10:12:49'),(87,1,18,45,'save','bg-aqua','trans(\"history.backend.users.updated\") <strong>{user}</strong>','{\"user_link\":[\"admin.access.user.show\",\"JUSTUS KALII MUTHEMBWA\",45]}','2018-04-23 04:53:05','2018-04-23 04:53:05'),(88,1,18,19,'trash','bg-maroon','trans(\"history.backend.users.deleted\") <strong>{user}</strong>','{\"user_link\":[\"admin.access.user.show\",\"JOYLINAH NDUTA NJERI\",19]}','2018-04-23 05:07:24','2018-04-23 05:07:24'),(89,1,1,81,'trash','bg-maroon','trans(\"history.backend.users.deleted\") <strong>{user}</strong>','{\"user_link\":[\"admin.access.user.show\",\"CLIFFORD NYAKUNDI \",81]}','2018-04-23 12:53:38','2018-04-23 12:53:38'),(90,2,1,5,'plus','bg-green','trans(\"history.backend.roles.created\") <strong>Junior</strong>',NULL,'2018-04-24 08:35:38','2018-04-24 08:35:38'),(91,1,1,23,'refresh','bg-aqua','trans(\"history.backend.users.restored\") <strong>{user}</strong>','{\"user_link\":[\"admin.access.user.show\",\"PATRICK MUKUNDI MBUGUA \",23]}','2018-04-25 14:45:18','2018-04-25 14:45:18'),(92,1,1,23,'trash','bg-maroon','trans(\"history.backend.users.deleted\") <strong>{user}</strong>','{\"user_link\":[\"admin.access.user.show\",\"PATRICK MUKUNDI MBUGUA \",23]}','2018-04-25 14:49:27','2018-04-25 14:49:27'),(93,1,1,46,'save','bg-aqua','trans(\"history.backend.users.updated\") <strong>{user}</strong>','{\"user_link\":[\"admin.access.user.show\",\"PATRICK MUKUNDI MBUGUA\",46]}','2018-04-25 14:51:31','2018-04-25 14:51:31'),(94,1,18,45,'save','bg-aqua','trans(\"history.backend.users.updated\") <strong>{user}</strong>','{\"user_link\":[\"admin.access.user.show\",\"JUSTUS KALII MUTHEMBWA\",45]}','2018-05-07 11:37:47','2018-05-07 11:37:47'),(95,1,18,43,'save','bg-aqua','trans(\"history.backend.users.updated\") <strong>{user}</strong>','{\"user_link\":[\"admin.access.user.show\",\"JOYLINAH NDUTA NJERI\",43]}','2018-05-10 10:29:08','2018-05-10 10:29:08'),(96,1,1,87,'plus','bg-green','trans(\"history.backend.users.created\") <strong>{user}</strong>','{\"user_link\":[\"admin.access.user.show\",\"Jesinta Njeri\",87]}','2018-05-14 13:25:27','2018-05-14 13:25:27'),(97,1,18,87,'save','bg-aqua','trans(\"history.backend.users.updated\") <strong>{user}</strong>','{\"user_link\":[\"admin.access.user.show\",\"Jesinta Njeri\",87]}','2018-05-15 07:28:14','2018-05-15 07:28:14'),(98,1,1,94,'save','bg-aqua','trans(\"history.backend.users.updated\") <strong>{user}</strong>','{\"user_link\":[\"admin.access.user.show\",\"BILHA AMAGOVE OMUDI\",94]}','2018-05-18 08:05:49','2018-05-18 08:05:49'),(99,1,18,78,'save','bg-aqua','trans(\"history.backend.users.updated\") <strong>{user}</strong>','{\"user_link\":[\"admin.access.user.show\",\"Phides Laura Mwamkita\",78]}','2018-05-21 09:43:50','2018-05-21 09:43:50'),(100,1,18,75,'save','bg-aqua','trans(\"history.backend.users.updated\") <strong>{user}</strong>','{\"user_link\":[\"admin.access.user.show\",\"George Mutua Muli\",75]}','2018-06-02 07:21:27','2018-06-02 07:21:27'),(101,1,18,96,'plus','bg-green','trans(\"history.backend.users.created\") <strong>{user}</strong>','{\"user_link\":[\"admin.access.user.show\",\"Jessica Kututa\",96]}','2018-06-11 06:15:11','2018-06-11 06:15:11'),(102,1,14,42,'save','bg-aqua','trans(\"history.backend.users.updated\") <strong>{user}</strong>','{\"user_link\":[\"admin.access.user.show\",\"LEONARD MWARUWA BAYA\",42]}','2018-06-18 13:03:49','2018-06-18 13:03:49'),(103,1,1,72,'save','bg-aqua','trans(\"history.backend.users.updated\") <strong>{user}</strong>','{\"user_link\":[\"admin.access.user.show\",\"christine Gema Nduta\",72]}','2018-07-09 09:27:09','2018-07-09 09:27:09'),(104,1,18,88,'save','bg-aqua','trans(\"history.backend.users.updated\") <strong>{user}</strong>','{\"user_link\":[\"admin.access.user.show\",\"AHMED ABDULRAHMAN AHMED AHMED\",88]}','2018-08-15 05:36:32','2018-08-15 05:36:32'),(105,1,18,88,'save','bg-aqua','trans(\"history.backend.users.updated\") <strong>{user}</strong>','{\"user_link\":[\"admin.access.user.show\",\"AHMED ABDULRAHMAN AHMED AHMED\",88]}','2018-08-15 05:37:32','2018-08-15 05:37:32'),(106,1,18,90,'trash','bg-maroon','trans(\"history.backend.users.deleted\") <strong>{user}</strong>','{\"user_link\":[\"admin.access.user.show\",\"BILHA AMAGOVE OMUDI \",90]}','2018-08-15 05:38:10','2018-08-15 05:38:10'),(107,1,18,98,'trash','bg-maroon','trans(\"history.backend.users.deleted\") <strong>{user}</strong>','{\"user_link\":[\"admin.access.user.show\",\"AHMED ABDULRAHMAN AHMED \",98]}','2018-08-15 05:39:21','2018-08-15 05:39:21'),(108,1,14,36,'save','bg-aqua','trans(\"history.backend.users.updated\") <strong>{user}</strong>','{\"user_link\":[\"admin.access.user.show\",\"FRANCIS OUMA OPALO\",36]}','2018-08-22 14:05:41','2018-08-22 14:05:41'),(109,1,1,88,'save','bg-aqua','trans(\"history.backend.users.updated\") <strong>{user}</strong>','{\"user_link\":[\"admin.access.user.show\",\"AHMED ABDULRAHMAN AHMED AHMED\",88]}','2018-09-18 14:00:45','2018-09-18 14:00:45'),(110,1,14,11,'save','bg-aqua','trans(\"history.backend.users.updated\") <strong>{user}</strong>','{\"user_link\":[\"admin.access.user.show\",\"MAUREEN ATIENO OPIYO\",11]}','2018-10-24 06:03:20','2018-10-24 06:03:20'),(111,1,18,102,'plus','bg-green','trans(\"history.backend.users.created\") <strong>{user}</strong>','{\"user_link\":[\"admin.access.user.show\",\"Salome Achieng\",102]}','2018-11-05 05:09:03','2018-11-05 05:09:03'),(112,1,18,103,'plus','bg-green','trans(\"history.backend.users.created\") <strong>{user}</strong>','{\"user_link\":[\"admin.access.user.show\",\"AISHA MWAZUZU\",103]}','2018-11-07 04:54:46','2018-11-07 04:54:46'),(113,1,18,83,'trash','bg-maroon','trans(\"history.backend.users.deleted\") <strong>{user}</strong>','{\"user_link\":[\"admin.access.user.show\",\"JESINTA NJERI NJOROGE \",83]}','2018-11-07 08:29:29','2018-11-07 08:29:29'),(114,1,18,87,'save','bg-aqua','trans(\"history.backend.users.updated\") <strong>{user}</strong>','{\"user_link\":[\"admin.access.user.show\",\"Jesinta Njeri\",87]}','2018-11-07 08:30:33','2018-11-07 08:30:33'),(115,1,14,72,'save','bg-aqua','trans(\"history.backend.users.updated\") <strong>{user}</strong>','{\"user_link\":[\"admin.access.user.show\",\"Christine Gema Nduta\",72]}','2018-11-26 06:37:27','2018-11-26 06:37:27'),(116,1,1,6,'save','bg-aqua','trans(\"history.backend.users.updated\") <strong>{user}</strong>','{\"user_link\":[\"admin.access.user.show\",\"SILVESTER MUSOVYA KUTUTA\",6]}','2018-12-10 04:15:03','2018-12-10 04:15:03'),(117,1,1,71,'save','bg-aqua','trans(\"history.backend.users.updated\") <strong>{user}</strong>','{\"user_link\":[\"admin.access.user.show\",\"WASHINGTON Mwamburi Maseghe\",71]}','2018-12-17 04:08:22','2018-12-17 04:08:22'),(118,1,18,71,'save','bg-aqua','trans(\"history.backend.users.updated\") <strong>{user}</strong>','{\"user_link\":[\"admin.access.user.show\",\"WASHINGTON Mwamburi Maseghe\",71]}','2018-12-17 06:37:31','2018-12-17 06:37:31'),(119,1,18,93,'trash','bg-maroon','trans(\"history.backend.users.deleted\") <strong>{user}</strong>','{\"user_link\":[\"admin.access.user.show\",\"WASHINGTONE MWAMBURI MASEGHE \",93]}','2018-12-17 06:39:18','2018-12-17 06:39:18'),(120,1,18,71,'save','bg-aqua','trans(\"history.backend.users.updated\") <strong>{user}</strong>','{\"user_link\":[\"admin.access.user.show\",\"WASHINGTON Mwamburi Maseghe\",71]}','2018-12-17 06:41:28','2018-12-17 06:41:28'),(121,1,1,48,'save','bg-aqua','trans(\"history.backend.users.updated\") <strong>{user}</strong>','{\"user_link\":[\"admin.access.user.show\",\"KENNEDY KIVUVANI\",48]}','2019-01-14 05:53:45','2019-01-14 05:53:45'),(122,1,1,26,'trash','bg-maroon','trans(\"history.backend.users.deleted\") <strong>{user}</strong>','{\"user_link\":[\"admin.access.user.show\",\"KENNEDY KIVUVANI \",26]}','2019-02-20 10:54:37','2019-02-20 10:54:37'),(123,1,1,110,'plus','bg-green','trans(\"history.backend.users.created\") <strong>{user}</strong>','{\"user_link\":[\"admin.access.user.show\",\"Rachael Syomiti\",110]}','2019-03-11 05:18:01','2019-03-11 05:18:01'),(124,1,18,112,'plus','bg-green','trans(\"history.backend.users.created\") <strong>{user}</strong>','{\"user_link\":[\"admin.access.user.show\",\"Margaret Muthoni\",112]}','2019-04-27 06:30:32','2019-04-27 06:30:32'),(125,1,1,113,'save','bg-aqua','trans(\"history.backend.users.updated\") <strong>{user}</strong>','{\"user_link\":[\"admin.access.user.show\",\"ELPHAS KIPKORIR SANGA SANGA\",113]}','2019-05-16 09:25:08','2019-05-16 09:25:08'),(126,1,1,113,'save','bg-aqua','trans(\"history.backend.users.updated\") <strong>{user}</strong>','{\"user_link\":[\"admin.access.user.show\",\"ELPHAS KIPKORIR SANGA\",113]}','2019-05-16 09:26:41','2019-05-16 09:26:41'),(127,1,1,113,'save','bg-aqua','trans(\"history.backend.users.updated\") <strong>{user}</strong>','{\"user_link\":[\"admin.access.user.show\",\"ELPHAS KIPKORIR SANGA\",113]}','2019-05-16 09:51:20','2019-05-16 09:51:20'),(128,1,1,113,'save','bg-aqua','trans(\"history.backend.users.updated\") <strong>{user}</strong>','{\"user_link\":[\"admin.access.user.show\",\"ELPHAS KIPKORIR SANGA\",113]}','2019-05-16 09:52:49','2019-05-16 09:52:49'),(129,1,1,47,'save','bg-aqua','trans(\"history.backend.users.updated\") <strong>{user}</strong>','{\"user_link\":[\"admin.access.user.show\",\"RAYMOND JUMA WANGUNDA\",47]}','2019-07-29 05:58:09','2019-07-29 05:58:09');
/*!40000 ALTER TABLE `history` ENABLE KEYS */;
UNLOCK TABLES;

--
-- Table structure for table `history_types`
--

DROP TABLE IF EXISTS `history_types`;
/*!40101 SET @saved_cs_client     = @@character_set_client */;
/*!40101 SET character_set_client = utf8 */;
CREATE TABLE `history_types` (
  `id` int(10) unsigned NOT NULL AUTO_INCREMENT,
  `name` varchar(191) COLLATE utf8mb4_unicode_ci NOT NULL,
  `created_at` timestamp NULL DEFAULT NULL,
  `updated_at` timestamp NULL DEFAULT NULL,
  PRIMARY KEY (`id`)
) ENGINE=InnoDB AUTO_INCREMENT=9 DEFAULT CHARSET=utf8mb4 COLLATE=utf8mb4_unicode_ci;
/*!40101 SET character_set_client = @saved_cs_client */;

--
-- Dumping data for table `history_types`
--

LOCK TABLES `history_types` WRITE;
/*!40000 ALTER TABLE `history_types` DISABLE KEYS */;
INSERT INTO `history_types` VALUES (1,'User','2018-04-11 17:01:09','2018-04-11 17:01:09'),(2,'Role','2018-04-11 17:01:09','2018-04-11 17:01:09'),(3,'Permission','2018-04-11 17:01:09','2018-04-11 17:01:09'),(4,'CMSPage','2018-04-11 17:01:09','2018-04-11 17:01:09'),(5,'EmailTemplate','2018-04-11 17:01:09','2018-04-11 17:01:09'),(6,'BlogTag','2018-04-11 17:01:09','2018-04-11 17:01:09'),(7,'BlogCategory','2018-04-11 17:01:09','2018-04-11 17:01:09'),(8,'Blog','2018-04-11 17:01:09','2018-04-11 17:01:09');
/*!40000 ALTER TABLE `history_types` ENABLE KEYS */;
UNLOCK TABLES;

--
-- Table structure for table `menus`
--

DROP TABLE IF EXISTS `menus`;
/*!40101 SET @saved_cs_client     = @@character_set_client */;
/*!40101 SET character_set_client = utf8 */;
CREATE TABLE `menus` (
  `id` int(10) unsigned NOT NULL AUTO_INCREMENT,
  `type` enum('backend','frontend') COLLATE utf8mb4_unicode_ci NOT NULL,
  `name` varchar(191) COLLATE utf8mb4_unicode_ci NOT NULL,
  `items` text COLLATE utf8mb4_unicode_ci,
  `created_by` int(10) unsigned NOT NULL,
  `updated_by` int(10) unsigned DEFAULT NULL,
  `created_at` timestamp NULL DEFAULT NULL,
  `updated_at` timestamp NULL DEFAULT NULL,
  `deleted_at` timestamp NULL DEFAULT NULL,
  PRIMARY KEY (`id`)
) ENGINE=InnoDB AUTO_INCREMENT=2 DEFAULT CHARSET=utf8mb4 COLLATE=utf8mb4_unicode_ci;
/*!40101 SET character_set_client = @saved_cs_client */;

--
-- Dumping data for table `menus`
--

LOCK TABLES `menus` WRITE;
/*!40000 ALTER TABLE `menus` DISABLE KEYS */;
INSERT INTO `menus` VALUES (1,'backend','Backend Sidebar Menu','[{\"view_permission_id\":\"view-access-management\",\"icon\":\"fa-users\",\"open_in_new_tab\":0,\"url_type\":\"route\",\"url\":\"\",\"name\":\"Access Management\",\"id\":11,\"content\":\"Access Management\",\"children\":[{\"view_permission_id\":\"view-user-management\",\"open_in_new_tab\":0,\"url_type\":\"route\",\"url\":\"admin.access.user.index\",\"name\":\"User Management\",\"id\":12,\"content\":\"User Management\"},{\"view_permission_id\":\"view-role-management\",\"open_in_new_tab\":0,\"url_type\":\"route\",\"url\":\"admin.access.role.index\",\"name\":\"Role Management\",\"id\":13,\"content\":\"Role Management\"},{\"view_permission_id\":\"view-permission-management\",\"open_in_new_tab\":0,\"url_type\":\"route\",\"url\":\"admin.access.permission.index\",\"name\":\"Permission Management\",\"id\":14,\"content\":\"Permission Management\"},{\"view_permission_id\":\"view-usercompany-permission\",\"icon\":\"\",\"open_in_new_tab\":0,\"url_type\":\"route\",\"url\":\"admin.usercompanies.index\",\"name\":\"Assign Users to Companie\",\"id\":18,\"content\":\"Assign Users to Companie\"}]},{\"view_permission_id\":\"view-company-permission\",\"icon\":\"fa-building\",\"open_in_new_tab\":0,\"url_type\":\"route\",\"url\":\"admin.companies.index\",\"name\":\"Company\",\"id\":16,\"content\":\"Company\"},{\"id\":17,\"name\":\"Module\",\"url\":\"admin.modules.index\",\"url_type\":\"route\",\"open_in_new_tab\":0,\"view_permission_id\":\"view-module\",\"content\":\"Module\"},{\"view_permission_id\":\"view-applicationmodule-permission\",\"icon\":\"fa-server\",\"open_in_new_tab\":0,\"url_type\":\"route\",\"url\":\"admin.applicationmodules.index\",\"name\":\"Pro-Kazi Applications\",\"id\":19,\"content\":\"Pro-Kazi Applications\"},{\"view_permission_id\":\"view-companyapps-permission\",\"icon\":\"\",\"open_in_new_tab\":0,\"url_type\":\"route\",\"url\":\"admin.companyapps.index\",\"name\":\"Company Apps\",\"id\":20,\"content\":\"Company Apps\"},{\"id\":21,\"name\":\"Access Frontend\",\"url\":\"http://pro-kazi.com/dashboard\",\"url_type\":\"static\",\"open_in_new_tab\":0,\"icon\":\"fa-edit\",\"view_permission_id\":\"\",\"content\":\"Access Frontend\"}]',1,NULL,'2018-04-11 17:01:11','2018-05-05 12:26:35',NULL);
/*!40000 ALTER TABLE `menus` ENABLE KEYS */;
UNLOCK TABLES;

--
-- Table structure for table `migrations`
--

DROP TABLE IF EXISTS `migrations`;
/*!40101 SET @saved_cs_client     = @@character_set_client */;
/*!40101 SET character_set_client = utf8 */;
CREATE TABLE `migrations` (
  `id` int(10) unsigned NOT NULL AUTO_INCREMENT,
  `migration` varchar(191) COLLATE utf8mb4_unicode_ci NOT NULL,
  `batch` int(11) NOT NULL,
  PRIMARY KEY (`id`)
) ENGINE=InnoDB AUTO_INCREMENT=40 DEFAULT CHARSET=utf8mb4 COLLATE=utf8mb4_unicode_ci;
/*!40101 SET character_set_client = @saved_cs_client */;

--
-- Dumping data for table `migrations`
--

LOCK TABLES `migrations` WRITE;
/*!40000 ALTER TABLE `migrations` DISABLE KEYS */;
INSERT INTO `migrations` VALUES (1,'2017_11_02_060149_create_blog_categories_table',1),(2,'2017_11_02_060149_create_blog_map_categories_table',1),(3,'2017_11_02_060149_create_blog_map_tags_table',1),(4,'2017_11_02_060149_create_blog_tags_table',1),(5,'2017_11_02_060149_create_blogs_table',1),(6,'2017_11_02_060149_create_email_template_placeholders_table',1),(7,'2017_11_02_060149_create_email_template_types_table',1),(8,'2017_11_02_060149_create_email_templates_table',1),(9,'2017_11_02_060149_create_faqs_table',1),(10,'2017_11_02_060149_create_history_table',1),(11,'2017_11_02_060149_create_history_types_table',1),(12,'2017_11_02_060149_create_modules_table',1),(13,'2017_11_02_060149_create_notifications_table',1),(14,'2017_11_02_060149_create_pages_table',1),(15,'2017_11_02_060149_create_password_resets_table',1),(16,'2017_11_02_060149_create_permission_role_table',1),(17,'2017_11_02_060149_create_permission_user_table',1),(18,'2017_11_02_060149_create_permissions_table',1),(19,'2017_11_02_060149_create_role_user_table',1),(20,'2017_11_02_060149_create_roles_table',1),(21,'2017_11_02_060149_create_sessions_table',1),(22,'2017_11_02_060149_create_settings_table',1),(23,'2017_11_02_060149_create_social_logins_table',1),(24,'2017_11_02_060149_create_users_table',1),(25,'2017_11_02_060152_add_foreign_keys_to_history_table',1),(26,'2017_11_02_060152_add_foreign_keys_to_notifications_table',1),(27,'2017_11_02_060152_add_foreign_keys_to_permission_role_table',1),(28,'2017_11_02_060152_add_foreign_keys_to_permission_user_table',1),(29,'2017_11_02_060152_add_foreign_keys_to_role_user_table',1),(30,'2017_11_02_060152_add_foreign_keys_to_social_logins_table',1),(31,'2017_12_10_122555_create_menus_table',1),(32,'2017_12_24_042039_add_null_constraint_on_created_by_on_user_table',1),(33,'2017_12_28_005822_add_null_constraint_on_created_by_on_role_table',1),(34,'2017_12_28_010952_add_null_constraint_on_created_by_on_permission_table',1),(35,'2018_04_11_202420_create_countries_table',2),(36,'2018_04_12_123631_create_companies_table',3),(37,'2018_04_13_120426_create_usercompanies_table',1),(38,'2018_04_14_085439_create_applicationmodules_table',4),(39,'2018_04_14_100006_create_companyapps_table',5);
/*!40000 ALTER TABLE `migrations` ENABLE KEYS */;
UNLOCK TABLES;

--
-- Table structure for table `modules`
--

DROP TABLE IF EXISTS `modules`;
/*!40101 SET @saved_cs_client     = @@character_set_client */;
/*!40101 SET character_set_client = utf8 */;
CREATE TABLE `modules` (
  `id` int(10) unsigned NOT NULL AUTO_INCREMENT,
  `view_permission_id` varchar(191) COLLATE utf8mb4_unicode_ci NOT NULL,
  `name` varchar(191) COLLATE utf8mb4_unicode_ci NOT NULL,
  `url` varchar(191) COLLATE utf8mb4_unicode_ci DEFAULT NULL COMMENT 'view_route',
  `created_by` int(10) unsigned NOT NULL,
  `updated_by` int(10) unsigned DEFAULT NULL,
  `created_at` timestamp NULL DEFAULT NULL,
  `updated_at` timestamp NULL DEFAULT NULL,
  PRIMARY KEY (`id`)
) ENGINE=InnoDB AUTO_INCREMENT=20 DEFAULT CHARSET=utf8mb4 COLLATE=utf8mb4_unicode_ci;
/*!40101 SET character_set_client = @saved_cs_client */;

--
-- Dumping data for table `modules`
--

LOCK TABLES `modules` WRITE;
/*!40000 ALTER TABLE `modules` DISABLE KEYS */;
INSERT INTO `modules` VALUES (1,'view-access-management','Access Management',NULL,1,NULL,'2018-04-11 17:01:12',NULL),(2,'view-user-management','User Management','admin.access.user.index',1,NULL,'2018-04-11 17:01:12',NULL),(3,'view-role-management','Role Management','admin.access.role.index',1,NULL,'2018-04-11 17:01:12',NULL),(4,'view-permission-management','Permission Management','admin.access.permission.index',1,NULL,'2018-04-11 17:01:12',NULL),(5,'view-menu','Menus','admin.menus.index',1,NULL,'2018-04-11 17:01:12',NULL),(6,'view-module','Module','admin.modules.index',1,NULL,'2018-04-11 17:01:12',NULL),(7,'view-page','Pages','admin.pages.index',1,NULL,'2018-04-11 17:01:12',NULL),(9,'edit-settings','Settings','admin.settings.edit',1,NULL,'2018-04-11 17:01:12',NULL),(10,'view-blog','Blog Management',NULL,1,NULL,'2018-04-11 17:01:12',NULL),(11,'view-blog-category','Blog Category Management','admin.blogcategories.index',1,NULL,'2018-04-11 17:01:12',NULL),(12,'view-blog-tag','Blog Tag Management','admin.blogtags.index',1,NULL,'2018-04-11 17:01:12',NULL),(13,'view-blog','Blog Management','admin.blogs.index',1,NULL,'2018-04-11 17:01:12',NULL),(14,'view-faq','Faq Management','admin.faqs.index',1,NULL,'2018-04-11 17:01:12',NULL),(15,'view-country-permission','Country','admin.countries.index',1,NULL,'2018-04-11 17:24:23','2018-04-11 17:24:23'),(16,'view-company-permission','Company','admin.companies.index',1,NULL,'2018-04-12 09:36:36','2018-04-12 09:36:36'),(17,'view-usercompany-permission','Usercompany','admin.usercompanies.index',1,NULL,'2018-04-13 09:04:34','2018-04-13 09:04:34'),(18,'view-applicationmodule-permission','Applicationmodule','admin.applicationmodules.index',1,NULL,'2018-04-14 05:54:42','2018-04-14 05:54:42'),(19,'view-companyapps-permission','CompanyApps','admin.companyapps.index',1,NULL,'2018-04-14 07:00:14','2018-04-14 07:00:14');
/*!40000 ALTER TABLE `modules` ENABLE KEYS */;
UNLOCK TABLES;

--
-- Table structure for table `notifications`
--

DROP TABLE IF EXISTS `notifications`;
/*!40101 SET @saved_cs_client     = @@character_set_client */;
/*!40101 SET character_set_client = utf8 */;
CREATE TABLE `notifications` (
  `id` int(10) unsigned NOT NULL AUTO_INCREMENT,
  `message` varchar(191) COLLATE utf8mb4_unicode_ci NOT NULL,
  `user_id` int(10) unsigned NOT NULL,
  `type` tinyint(1) NOT NULL DEFAULT '1' COMMENT '1 - Dashboard , 2 - Email , 3 - Both',
  `is_read` tinyint(1) NOT NULL DEFAULT '0',
  `created_at` timestamp NULL DEFAULT NULL,
  `updated_at` timestamp NULL DEFAULT NULL,
  PRIMARY KEY (`id`),
  KEY `notifications_user_id_foreign` (`user_id`),
  CONSTRAINT `notifications_user_id_foreign` FOREIGN KEY (`user_id`) REFERENCES `users` (`id`) ON DELETE CASCADE
) ENGINE=InnoDB AUTO_INCREMENT=4016 DEFAULT CHARSET=utf8mb4 COLLATE=utf8mb4_unicode_ci;
/*!40101 SET character_set_client = @saved_cs_client */;

--
-- Dumping data for table `notifications`
--

LOCK TABLES `notifications` WRITE;
/*!40000 ALTER TABLE `notifications` DISABLE KEYS */;
INSERT INTO `notifications` VALUES (1,'User Logged In: Viral',1,1,1,'2018-04-11 17:16:11','2018-04-12 01:27:35'),(2,'User Logged In: Fredrick',1,1,1,'2018-04-12 01:27:20','2018-04-12 01:27:35'),(3,'User Logged In: Fredrick',1,1,1,'2018-04-12 06:50:37','2018-04-12 15:14:01'),(4,'User Logged In: Fredrick',1,1,1,'2018-04-12 06:56:49','2018-04-12 15:14:01'),(5,'User Logged In: Fredrick',1,1,1,'2018-04-12 07:36:49','2018-04-12 11:27:05'),(6,'User Logged In: Fredrick',1,1,1,'2018-04-12 08:23:31','2018-04-12 11:27:05'),(7,'User Logged In: Fredrick',1,1,1,'2018-04-12 10:25:48','2018-04-12 15:24:20'),(8,'User Logged In: Fredrick',1,1,1,'2018-04-12 10:41:54','2018-04-12 16:05:34'),(9,'User Logged In: Fredrick',1,1,1,'2018-04-12 10:57:54','2018-04-12 16:05:34'),(10,'User Logged In: Fredrick',1,1,1,'2018-04-12 13:47:20','2018-04-13 08:19:59'),(11,'User Logged In: Fredrick',1,1,1,'2018-04-12 15:12:28','2018-04-13 08:19:59'),(12,'User Logged In: Fredrick',1,1,1,'2018-04-12 16:05:17','2018-04-13 08:19:59'),(13,'User Logged In: Fredrick',1,1,1,'2018-04-12 16:55:37','2018-04-13 08:19:59'),(14,'User Logged In: Fredrick',1,1,1,'2018-04-13 07:40:11','2018-04-13 08:19:59'),(15,'User Logged In: Fredrick',1,1,1,'2018-04-13 08:36:04','2018-04-16 08:33:44'),(16,'User Logged In: Fredrick',1,1,1,'2018-04-13 08:49:10','2018-04-16 08:33:44'),(17,'User Logged In: Fredrick',1,1,1,'2018-04-13 09:02:48','2018-04-16 08:33:44'),(18,'User Logged In: Fredrick',1,1,1,'2018-04-13 09:18:32','2018-04-14 01:02:16'),(19,'User Logged In: Fredrick',1,1,1,'2018-04-13 09:52:28','2018-04-14 01:02:16'),(20,'User Logged In: Fredrick',1,1,1,'2018-04-13 10:03:26','2018-04-14 01:02:16'),(21,'User Logged In: User',1,1,1,'2018-04-13 10:17:49','2018-04-13 16:33:54'),(22,'User Logged In: Fredrick',1,1,1,'2018-04-13 10:19:51','2018-04-13 16:33:54'),(23,'User Logged In: Fredrick',1,1,1,'2018-04-13 10:20:09','2018-04-13 16:33:54'),(24,'User Logged In: Fredrick',1,1,1,'2018-04-13 10:20:48','2018-04-13 16:33:54'),(25,'User Logged In: Fredrick',1,1,1,'2018-04-13 10:20:56','2018-04-13 12:25:59'),(26,'User Logged In: User',1,1,1,'2018-04-13 10:23:11','2018-04-13 12:25:59'),(27,'User Logged In: Fredrick',1,1,1,'2018-04-13 10:57:47','2018-04-13 12:25:59'),(28,'User Logged In: Fredrick',1,1,1,'2018-04-13 11:27:12','2018-04-13 12:25:59'),(29,'User Logged In: Fredrick',1,1,1,'2018-04-13 12:21:57','2018-04-13 12:25:59'),(30,'User Logged In: Fredrick',1,1,1,'2018-04-13 16:21:59','2018-04-13 16:33:54'),(31,'User Logged In: Fredrick',1,1,1,'2018-04-13 17:49:32','2018-04-14 01:02:16'),(32,'User Logged In: Fredrick',1,1,1,'2018-04-14 00:45:56','2018-04-14 01:02:16'),(33,'User Logged In: Fredrick',1,1,1,'2018-04-14 02:49:29','2018-04-16 08:33:44'),(34,'User Logged In: Fredrick',1,1,1,'2018-04-14 03:06:23','2018-04-16 08:33:44'),(35,'User Logged In: User',1,1,1,'2018-04-14 03:12:25','2018-04-16 08:33:44'),(36,'User Logged In: Fredrick',1,1,1,'2018-04-14 04:04:14','2018-04-16 08:33:40'),(37,'User Logged In: Milly',1,1,1,'2018-04-14 04:10:04','2018-04-16 08:33:40'),(38,'User Logged In: User',1,1,1,'2018-04-14 04:10:24','2018-04-16 08:33:40'),(39,'User Logged In: Fredrick',1,1,1,'2018-04-14 04:10:38','2018-04-16 08:33:40'),(40,'User Logged In: User',1,1,1,'2018-04-14 04:12:36','2018-04-14 06:21:32'),(41,'User Logged In: Milly',1,1,1,'2018-04-14 05:14:43','2018-04-14 06:21:32'),(42,'User Logged In: User',1,1,1,'2018-04-14 05:15:56','2018-04-14 06:21:32'),(43,'User Logged In: Milly',1,1,1,'2018-04-14 05:16:18','2018-04-14 06:21:32'),(44,'User Logged In: User',1,1,1,'2018-04-14 05:21:44','2018-04-14 05:56:01'),(45,'User Logged In: Fredrick',1,1,1,'2018-04-14 05:30:03','2018-04-14 05:56:01'),(46,'User Logged In: User',1,1,1,'2018-04-14 05:32:06','2018-04-14 05:56:01'),(47,'User Logged In: User',1,1,1,'2018-04-14 05:34:27','2018-04-14 05:56:01'),(48,'User Logged In: Fredrick',1,1,1,'2018-04-14 05:53:43','2018-04-14 05:56:01'),(49,'User Logged In: Fredrick',1,1,1,'2018-04-14 06:15:33','2018-04-14 06:21:32'),(50,'User Logged In: Fredrick',1,1,1,'2018-04-14 06:34:02','2018-04-16 08:33:40'),(51,'User Logged In: Fredrick',1,1,1,'2018-04-14 07:36:59','2018-04-16 08:33:34'),(52,'User Logged In: Fredrick',1,1,1,'2018-04-14 08:25:27','2018-04-16 08:33:34'),(53,'User Logged In: Fredrick',1,1,1,'2018-04-14 08:29:59','2018-04-16 08:33:34'),(54,'User Logged In: Fredrick',1,1,1,'2018-04-14 12:41:10','2018-04-16 08:33:34'),(55,'User Logged In: Fredrick',1,1,1,'2018-04-14 12:53:54','2018-04-16 08:33:34'),(56,'User Logged In: Fredrick',1,1,1,'2018-04-14 13:05:41','2018-04-16 08:33:24'),(57,'User Logged In: Fredrick',1,1,1,'2018-04-14 14:06:13','2018-04-16 08:33:24'),(58,'User Logged In: Fredrick',1,1,1,'2018-04-14 14:36:24','2018-04-16 08:33:24'),(59,'User Logged In: Fredrick',1,1,1,'2018-04-14 14:49:54','2018-04-16 08:33:24'),(60,'User Logged In: User',1,1,1,'2018-04-14 14:55:10','2018-04-16 08:33:24'),(61,'User Logged In: User',1,1,1,'2018-04-14 15:33:05','2018-04-16 08:33:09'),(62,'User Logged In: Milly',1,1,1,'2018-04-14 15:33:20','2018-04-16 08:33:09'),(63,'User Logged In: User',1,1,1,'2018-04-14 16:07:08','2018-04-16 08:33:09'),(64,'User Logged In: User',1,1,1,'2018-04-14 16:43:31','2018-04-15 04:51:51'),(65,'User Logged In: User',1,1,1,'2018-04-14 16:43:39','2018-04-15 04:51:51'),(66,'User Logged In: User',1,1,1,'2018-04-15 04:05:45','2018-04-15 04:51:51'),(67,'User Logged In: User',1,1,1,'2018-04-15 04:06:03','2018-04-15 04:51:51'),(68,'User Logged In: Fredrick',1,1,1,'2018-04-15 04:06:43','2018-04-15 04:51:51'),(69,'User Logged In: Fredrick',1,1,1,'2018-04-15 04:52:09','2018-04-16 08:33:09'),(70,'User Logged In: User',1,1,1,'2018-04-15 04:54:56','2018-04-16 08:33:09'),(71,'User Logged In: User',1,1,1,'2018-04-15 07:40:13','2018-04-16 08:32:52'),(72,'User Logged In: Fredrick',1,1,1,'2018-04-15 07:57:57','2018-04-16 08:32:52'),(73,'User Logged In: User',1,1,1,'2018-04-15 08:00:39','2018-04-16 08:32:52'),(74,'User Logged In: Milly',1,1,1,'2018-04-15 08:51:15','2018-04-16 08:32:52'),(75,'User Logged In: User',1,1,1,'2018-04-15 08:53:45','2018-04-16 08:32:52'),(76,'User Logged In: Milly',1,1,1,'2018-04-15 09:43:40','2018-04-16 08:32:38'),(77,'User Logged In: Milly',1,1,1,'2018-04-15 09:54:04','2018-04-16 08:32:38'),(78,'User Logged In: User',1,1,1,'2018-04-15 10:00:42','2018-04-16 08:32:38'),(79,'User Logged In: User',1,1,1,'2018-04-15 10:01:06','2018-04-16 08:32:38'),(80,'User Logged In: User',1,1,1,'2018-04-15 10:02:11','2018-04-16 08:32:38'),(81,'User Logged In: User',1,1,1,'2018-04-15 10:04:11','2018-04-16 08:31:30'),(82,'User Logged In: User',1,1,1,'2018-04-15 10:05:52','2018-04-16 08:31:30'),(83,'User Logged In: User',1,1,1,'2018-04-15 10:06:46','2018-04-16 08:31:30'),(84,'User Logged In: User',1,1,1,'2018-04-15 10:09:09','2018-04-16 08:31:30'),(85,'User Logged In: User',1,1,1,'2018-04-15 10:10:05','2018-04-16 08:05:35'),(86,'User Logged In: User',1,1,1,'2018-04-15 10:11:18','2018-04-16 08:05:35'),(87,'User Logged In: User',1,1,1,'2018-04-15 10:15:24','2018-04-16 08:05:35'),(88,'User Logged In: User',1,1,1,'2018-04-15 10:16:26','2018-04-16 08:05:35'),(89,'User Logged In: User',1,1,1,'2018-04-15 10:19:13','2018-04-16 08:05:35'),(90,'User Logged In: User',1,1,1,'2018-04-15 10:21:18','2018-04-16 07:26:08'),(91,'User Logged In: User',1,1,1,'2018-04-15 10:22:16','2018-04-16 07:26:08'),(92,'User Logged In: User',1,1,1,'2018-04-15 10:22:29','2018-04-16 07:11:38'),(93,'User Logged In: Milly',1,1,1,'2018-04-15 10:22:42','2018-04-16 07:11:38'),(94,'User Logged In: Fredrick',1,1,1,'2018-04-15 15:10:13','2018-04-16 07:11:38'),(95,'User Logged In: User',1,1,1,'2018-04-15 15:10:57','2018-04-16 07:11:38'),(96,'User Logged In: Fredrick',1,1,1,'2018-04-15 15:17:42','2018-04-16 07:11:38'),(97,'User Logged In: Fredrick',1,1,1,'2018-04-15 15:17:52','2018-04-16 07:11:34'),(98,'User Logged In: User',1,1,1,'2018-04-15 15:19:15','2018-04-16 07:11:34'),(99,'User Logged In: User',1,1,1,'2018-04-15 15:19:41','2018-04-16 07:11:34'),(100,'User Logged In: User',1,1,1,'2018-04-15 15:41:01','2018-04-16 07:11:34'),(101,'User Logged In: User',1,1,1,'2018-04-15 15:41:28','2018-04-16 07:11:34'),(102,'User Logged In: Fredrick',1,1,1,'2018-04-15 15:41:44','2018-04-16 07:11:27'),(103,'User Logged In: Fredrick',1,1,1,'2018-04-15 15:42:34','2018-04-16 07:11:27'),(104,'User Logged In: User',1,1,1,'2018-04-15 15:42:47','2018-04-16 07:11:27'),(105,'User Logged In: Fredrick',1,1,1,'2018-04-15 16:07:09','2018-04-16 07:11:27'),(106,'User Logged In: User',1,1,1,'2018-04-15 16:10:07','2018-04-16 07:11:27'),(107,'User Logged In: Fredrick',1,1,1,'2018-04-15 16:11:34','2018-04-16 07:08:57'),(108,'User Logged In: User',1,1,1,'2018-04-15 16:12:16','2018-04-16 07:08:57'),(109,'User Logged In: Fredrick',1,1,1,'2018-04-15 16:29:41','2018-04-16 07:08:57'),(110,'User Logged In: Milly',1,1,1,'2018-04-15 16:34:43','2018-04-16 07:08:57'),(111,'User Logged In: Fredrick',1,1,1,'2018-04-15 18:28:44','2018-04-16 06:56:11'),(112,'User Logged In: Milly',1,1,1,'2018-04-15 18:30:29','2018-04-16 06:56:11'),(113,'User Logged In: Fredrick',1,1,1,'2018-04-15 18:32:46','2018-04-16 06:56:11'),(114,'User Logged In: Milly',1,1,1,'2018-04-15 18:34:10','2018-04-16 06:56:11'),(115,'User Logged In: Fredrick',1,1,1,'2018-04-15 18:37:56','2018-04-16 06:56:11'),(116,'User Logged In: Fredrick',1,1,1,'2018-04-15 18:42:06','2018-04-16 06:55:10'),(117,'User Logged In: User',1,1,1,'2018-04-16 06:25:29','2018-04-16 06:55:10'),(118,'User Logged In: User',1,1,1,'2018-04-16 06:27:46','2018-04-16 06:55:10'),(119,'User Logged In: Pro-kazi',1,1,1,'2018-04-16 06:37:11','2018-04-16 06:55:10'),(120,'User Logged In: Pro-kazi',1,1,1,'2018-04-16 06:38:28','2018-04-16 06:55:10'),(121,'User Logged In: Pro-kazi',1,1,1,'2018-04-16 06:40:47','2018-04-16 06:54:58'),(122,'User Logged In: Pro-kazi',1,1,1,'2018-04-16 06:47:04','2018-04-16 06:54:58'),(123,'User Logged In: Milly',1,1,1,'2018-04-16 06:47:31','2018-04-16 06:54:58'),(124,'User Logged In: Pro-kazi',1,1,1,'2018-04-16 06:47:58','2018-04-16 06:54:58'),(125,'User Logged In: Milly',1,1,1,'2018-04-16 06:48:39','2018-04-16 06:54:58'),(126,'User Logged In: Pro-kazi',1,1,1,'2018-04-16 06:56:36','2018-04-16 07:08:57'),(127,'User Logged In: Pro-kazi',1,1,1,'2018-04-16 07:14:15','2018-04-16 07:26:08'),(128,'User Logged In: Pro-kazi',1,1,1,'2018-04-16 07:17:28','2018-04-16 07:26:08'),(129,'User Logged In: Pro-kazi',1,1,1,'2018-04-16 07:18:41','2018-04-16 07:26:08'),(130,'User Logged In: User',1,1,1,'2018-04-16 07:28:17','2018-04-16 08:05:29'),(131,'User Logged In: User',1,1,1,'2018-04-16 07:28:32','2018-04-16 08:05:29'),(132,'User Logged In: ISAAC',1,1,1,'2018-04-16 07:39:02','2018-04-16 08:05:29'),(133,'User Logged In: ISAAC',1,1,1,'2018-04-16 07:42:56','2018-04-16 08:05:29'),(134,'User Logged In: ISAAC',1,1,1,'2018-04-16 07:43:08','2018-04-16 08:05:29'),(135,'User Logged In: Pro-kazi',1,1,1,'2018-04-16 07:43:50','2018-04-16 08:02:57'),(136,'User Logged In: User',1,1,1,'2018-04-16 07:49:37','2018-04-16 08:02:57'),(137,'User Logged In: ISAAC',1,1,1,'2018-04-16 07:52:42','2018-04-16 08:02:57'),(138,'User Logged In: Pro-kazi',1,1,1,'2018-04-16 07:58:00','2018-04-16 08:02:57'),(139,'User Logged In: Pro-kazi',1,1,1,'2018-04-16 08:02:49','2018-04-16 08:02:57'),(140,'User Logged In: Pro-kazi',1,1,1,'2018-04-16 08:05:35','2018-04-16 08:31:30'),(141,'User Logged In: Pro-kazi',1,1,1,'2018-04-16 08:14:26','2018-04-16 08:33:48'),(142,'User Logged In: Pro-kazi',1,1,1,'2018-04-16 08:19:55','2018-04-16 08:33:48'),(143,'User Logged In: Pro-kazi',1,1,1,'2018-04-16 08:20:39','2018-04-16 08:33:48'),(144,'User Logged In: Pro-kazi',1,1,1,'2018-04-16 08:23:10','2018-04-16 08:33:48'),(145,'User Logged In: Pro-kazi',1,1,1,'2018-04-16 08:23:38','2018-04-16 08:33:48'),(146,'User Logged In: Pro-kazi',1,1,0,'2018-04-16 08:38:23',NULL),(147,'User Logged In: Pro-kazi',1,1,0,'2018-04-16 10:21:05',NULL),(148,'User Logged In: Pro-kazi',1,1,0,'2018-04-16 11:39:20',NULL),(149,'User Logged In: User',1,1,0,'2018-04-16 12:43:21',NULL),(150,'User Logged In: Pro-kazi',1,1,0,'2018-04-16 12:43:43',NULL),(151,'User Logged In: Pro-kazi',1,1,0,'2018-04-16 14:14:35',NULL),(152,'User Logged In: Pro-kazi',1,1,0,'2018-04-16 16:01:51',NULL),(153,'User Logged In: Pro-kazi',1,1,0,'2018-04-16 16:05:08',NULL),(154,'User Logged In: Pro-kazi',1,1,0,'2018-04-16 16:07:59',NULL),(155,'User Logged In: Pro-kazi',1,1,0,'2018-04-16 16:08:25',NULL),(156,'User Logged In: STEPHEN',1,1,0,'2018-04-17 04:33:37',NULL),(157,'User Logged In: Pro-kazi',1,1,0,'2018-04-17 04:35:02',NULL),(158,'User Logged In: STEPHEN',1,1,0,'2018-04-17 04:37:23',NULL),(159,'User Logged In: Pro-kazi',1,1,0,'2018-04-17 05:49:37',NULL),(160,'User Logged In: Pro-kazi',1,1,0,'2018-04-17 05:54:31',NULL),(161,'User Logged In: STEPHEN',1,1,0,'2018-04-17 06:12:14',NULL),(162,'User Logged In: STEPHEN',1,1,0,'2018-04-17 06:13:38',NULL),(163,'User Logged In: Pro-kazi',1,1,0,'2018-04-17 06:14:54',NULL),(164,'User Logged In: Pro-kazi',1,1,0,'2018-04-17 06:15:39',NULL),(165,'User Logged In: Pro-kazi',1,1,0,'2018-04-17 06:20:44',NULL),(166,'User Logged In: Pro-kazi',1,1,0,'2018-04-17 06:31:06',NULL),(167,'User Logged In: FRANCISCA',1,1,0,'2018-04-17 06:35:01',NULL),(168,'User Logged In: Pro-kazi',1,1,0,'2018-04-17 06:35:20',NULL),(169,'User Logged In: FRANCISCA',1,1,0,'2018-04-17 06:37:52',NULL),(170,'User Logged In: Pro-kazi',1,1,0,'2018-04-17 07:21:44',NULL),(171,'User Logged In: Pro-kazi',1,1,0,'2018-04-17 07:36:12',NULL),(172,'User Logged In: User',1,1,0,'2018-04-17 08:10:51',NULL),(173,'User Logged In: Pro-kazi',1,1,0,'2018-04-17 08:11:11',NULL),(174,'User Logged In: Pro-kazi',1,1,0,'2018-04-17 08:48:49',NULL),(175,'User Logged In: Pro-kazi',1,1,0,'2018-04-17 12:13:31',NULL),(176,'User Logged In: Pro-kazi',1,1,0,'2018-04-17 12:18:46',NULL),(177,'User Logged In: Pro-kazi',1,1,0,'2018-04-17 12:19:05',NULL),(178,'User Logged In: ALOICE',1,1,0,'2018-04-17 12:20:05',NULL),(179,'User Logged In: ALOICE',1,1,0,'2018-04-17 12:21:01',NULL),(180,'User Logged In: ALOICE',1,1,0,'2018-04-17 12:25:07',NULL),(181,'User Logged In: Pro-kazi',1,1,0,'2018-04-17 12:26:04',NULL),(182,'User Logged In: ALOICE',1,1,0,'2018-04-17 12:26:12',NULL),(183,'User Logged In: ALOICE',1,1,0,'2018-04-17 12:28:14',NULL),(184,'User Logged In: ALOICE',1,1,0,'2018-04-17 12:31:57',NULL),(185,'User Logged In: Pro-kazi',1,1,0,'2018-04-18 05:54:49',NULL),(186,'User Logged In: STEPHEN',1,1,0,'2018-04-18 06:08:31',NULL),(187,'User Logged In: Pro-kazi',1,1,0,'2018-04-18 10:37:14',NULL),(188,'User Logged In: Pro-kazi',1,1,0,'2018-04-18 10:40:37',NULL),(189,'User Logged In: Pro-kazi',1,1,0,'2018-04-18 10:40:57',NULL),(190,'User Logged In: Pro-kazi',1,1,0,'2018-04-18 10:41:45',NULL),(191,'User Logged In: Pro-kazi',1,1,0,'2018-04-18 10:42:06',NULL),(192,'User Logged In: Pro-kazi',1,1,0,'2018-04-18 10:44:20',NULL),(193,'User Logged In: Pro-kazi',1,1,0,'2018-04-18 10:44:50',NULL),(194,'User Logged In: Pro-kazi',1,1,0,'2018-04-18 10:46:12',NULL),(195,'User Logged In: Pro-kazi',1,1,0,'2018-04-18 10:47:37',NULL),(196,'User Logged In: Pro-kazi',1,1,0,'2018-04-18 10:48:03',NULL),(197,'User Logged In: MAUREEN',1,1,0,'2018-04-18 10:49:34',NULL),(198,'User Logged In: Pro-kazi',1,1,0,'2018-04-18 10:50:03',NULL),(199,'User Logged In: Pro-kazi',1,1,0,'2018-04-18 10:50:57',NULL),(200,'User Logged In: MAUREEN',1,1,0,'2018-04-18 10:51:01',NULL),(201,'User Logged In: MAUREEN',1,1,0,'2018-04-18 10:51:45',NULL),(202,'User Logged In: MAUREEN',1,1,0,'2018-04-18 10:56:17',NULL),(203,'User Logged In: MAUREEN',1,1,0,'2018-04-18 10:57:05',NULL),(204,'User Logged In: Pro-kazi',1,1,0,'2018-04-18 10:58:55',NULL),(205,'User Logged In: Pro-kazi',1,1,0,'2018-04-18 11:37:29',NULL),(206,'User Logged In: Pro-kazi',1,1,0,'2018-04-18 11:37:49',NULL),(207,'User Logged In: Pro-kazi',1,1,0,'2018-04-18 11:52:49',NULL),(208,'User Logged In: Pro-kazi',1,1,0,'2018-04-18 19:39:23',NULL),(209,'User Logged In: SILVESTER',1,1,0,'2018-04-18 19:54:55',NULL),(210,'User Logged In: FLORENCE',1,1,0,'2018-04-18 19:57:01',NULL),(211,'User Logged In: Pro-kazi',1,1,0,'2018-04-18 20:01:00',NULL),(212,'User Logged In: MOSES',1,1,0,'2018-04-18 20:31:25',NULL),(213,'User Logged In: MOSES',1,1,0,'2018-04-18 20:31:55',NULL),(214,'User Logged In: Pro-kazi',1,1,0,'2018-04-19 04:56:10',NULL),(215,'User Logged In: Pro-kazi',1,1,0,'2018-04-19 05:05:43',NULL),(216,'User Logged In: Pro-kazi',1,1,0,'2018-04-19 05:09:47',NULL),(217,'User Logged In: JOHN',1,1,0,'2018-04-19 05:12:04',NULL),(218,'User Logged In: Pro-kazi',1,1,0,'2018-04-19 05:15:14',NULL),(219,'User Logged In: EVANS',1,1,0,'2018-04-19 05:17:49',NULL),(220,'User Logged In: EVANS',1,1,0,'2018-04-19 05:19:10',NULL),(221,'User Logged In: Pro-kazi',1,1,0,'2018-04-19 05:19:26',NULL),(222,'User Logged In: EVANS',1,1,0,'2018-04-19 05:20:12',NULL),(223,'User Logged In: Pro-kazi',1,1,0,'2018-04-19 05:26:04',NULL),(224,'User Logged In: Pro-kazi',1,1,0,'2018-04-19 05:27:30',NULL),(225,'User Logged In: Pro-kazi',1,1,0,'2018-04-19 05:48:21',NULL),(226,'User Logged In: EVANS',1,1,0,'2018-04-19 06:09:22',NULL),(227,'User Logged In: EVANS',1,1,0,'2018-04-19 06:09:59',NULL),(228,'User Logged In: Pro-kazi',1,1,0,'2018-04-19 06:10:46',NULL),(229,'User Logged In: EVANS',1,1,0,'2018-04-19 06:12:50',NULL),(230,'User Logged In: Pro-kazi',1,1,0,'2018-04-19 06:14:52',NULL),(231,'User Logged In: Pro-kazi',1,1,0,'2018-04-19 06:16:07',NULL),(232,'User Logged In: Pro-kazi',1,1,0,'2018-04-19 06:24:26',NULL),(233,'User Logged In: Pro-kazi',1,1,0,'2018-04-19 06:27:31',NULL),(234,'User Logged In: Pro-kazi',1,1,1,'2018-04-19 06:30:42','2018-04-19 09:16:11'),(235,'User Logged In: Pro-kazi',1,1,1,'2018-04-19 06:40:07','2018-04-19 09:16:11'),(236,'User Logged In: EVANS',1,1,1,'2018-04-19 06:40:12','2018-04-19 09:16:11'),(237,'User Logged In: JOHN',1,1,1,'2018-04-19 06:41:27','2018-04-19 09:16:11'),(238,'User Logged In: JOHN',1,1,1,'2018-04-19 06:45:43','2018-04-19 09:16:11'),(239,'User Logged In: JOHN',1,1,1,'2018-04-19 07:31:20','2018-04-19 09:16:09'),(240,'User Logged In: Pro-kazi',1,1,1,'2018-04-19 08:05:48','2018-04-19 09:16:09'),(241,'User Logged In: Pro-kazi',1,1,1,'2018-04-19 08:21:04','2018-04-19 08:25:57'),(242,'User Logged In: Pro-kazi',1,1,1,'2018-04-19 08:24:00','2018-04-19 08:25:57'),(243,'User Logged In: Pro-kazi',1,1,1,'2018-04-19 08:24:17','2018-04-19 08:25:57'),(244,'User Logged In: Pro-kazi',1,1,1,'2018-04-19 08:24:27','2018-04-19 08:25:57'),(245,'User Logged In: Washington',1,1,1,'2018-04-19 08:25:32','2018-04-19 08:25:57'),(246,'User Logged In: Pro-kazi',1,1,1,'2018-04-19 08:26:13','2018-04-19 09:16:09'),(247,'User Logged In: Pro-kazi',1,1,1,'2018-04-19 08:41:22','2018-04-19 09:16:09'),(248,'User Logged In: User',1,1,1,'2018-04-19 08:54:56','2018-04-19 09:16:09'),(249,'User Logged In: User',1,1,1,'2018-04-19 08:59:04','2018-04-19 09:15:58'),(250,'User Logged In: User',1,1,1,'2018-04-19 08:59:51','2018-04-19 09:15:58'),(251,'User Logged In: Pro-kazi',1,1,1,'2018-04-19 09:01:42','2018-04-19 09:15:58'),(252,'User Logged In: Vipul',1,1,1,'2018-04-19 09:03:53','2018-04-19 09:15:58'),(253,'User Logged In: Pro-kazi',1,1,1,'2018-04-19 09:13:20','2018-04-19 09:15:58'),(254,'User Logged In: Pro-kazi',1,1,0,'2018-04-19 10:21:11',NULL),(255,'User Logged In: User',1,1,0,'2018-04-19 10:21:57',NULL),(256,'User Logged In: Pro-kazi',1,1,0,'2018-04-19 10:22:19',NULL),(257,'User Logged In: Pro-kazi',1,1,0,'2018-04-19 10:47:58',NULL),(258,'User Logged In: STEPHEN',1,1,0,'2018-04-19 10:49:08',NULL),(259,'User Logged In: STEPHEN',1,1,0,'2018-04-19 10:49:28',NULL),(260,'User Logged In: Pro-kazi',1,1,0,'2018-04-19 10:52:06',NULL),(261,'User Logged In: Pro-kazi',1,1,0,'2018-04-19 11:10:17',NULL),(262,'User Logged In: MOURINE',1,1,0,'2018-04-19 11:16:31',NULL),(263,'User Logged In: JOHN',1,1,0,'2018-04-19 11:30:32',NULL),(264,'User Logged In: Pro-kazi',1,1,0,'2018-04-19 11:38:41',NULL),(265,'User Logged In: Pro-kazi',1,1,0,'2018-04-19 11:51:19',NULL),(266,'User Logged In: Pro-kazi',1,1,0,'2018-04-19 11:52:45',NULL),(267,'User Logged In: Pro-kazi',1,1,0,'2018-04-19 11:58:19',NULL),(268,'User Logged In: Pro-kazi',1,1,0,'2018-04-19 13:39:19',NULL),(269,'User Logged In: DANIEL',1,1,0,'2018-04-19 13:39:50',NULL),(270,'User Logged In: GULJAN',1,1,0,'2018-04-19 13:42:53',NULL),(271,'User Logged In: Pro-kazi',1,1,0,'2018-04-19 13:44:53',NULL),(272,'User Logged In: JOHN',1,1,0,'2018-04-19 13:45:18',NULL),(273,'User Logged In: Benson',1,1,0,'2018-04-19 13:45:26',NULL),(274,'User Logged In: MERCYLINE',1,1,0,'2018-04-19 13:46:21',NULL),(275,'User Logged In: IRENE',1,1,0,'2018-04-19 13:47:22',NULL),(276,'User Logged In: COLLINS',1,1,0,'2018-04-19 13:48:44',NULL),(277,'User Logged In: CATHERINE',1,1,0,'2018-04-19 13:48:51',NULL),(278,'User Logged In: JOHN',1,1,0,'2018-04-19 13:49:16',NULL),(279,'User Logged In: ISAAC',1,1,0,'2018-04-19 13:51:07',NULL),(280,'User Logged In: JUSTUS',1,1,0,'2018-04-19 13:54:00',NULL),(281,'User Logged In: Pro-kazi',1,1,0,'2018-04-19 14:00:48',NULL),(282,'User Logged In: PETER',1,1,0,'2018-04-19 14:12:09',NULL),(283,'User Logged In: EVANS',1,1,0,'2018-04-19 14:16:11',NULL),(284,'User Logged In: Pro-kazi',1,1,0,'2018-04-19 14:17:15',NULL),(285,'User Logged In: Washington',1,1,0,'2018-04-19 14:17:22',NULL),(286,'User Logged In: ERIC',1,1,0,'2018-04-19 14:17:28',NULL),(287,'User Logged In: JOHN',1,1,0,'2018-04-19 14:22:12',NULL),(288,'User Logged In: LENROD',1,1,0,'2018-04-19 14:26:32',NULL),(289,'User Logged In: ERIC',1,1,0,'2018-04-19 14:30:36',NULL),(290,'User Logged In: EVANS',1,1,0,'2018-04-19 14:46:14',NULL),(291,'User Logged In: CATHERINE',1,1,0,'2018-04-19 17:32:49',NULL),(292,'User Logged In: CATHERINE',1,1,0,'2018-04-20 05:57:32',NULL),(293,'User Logged In: JOHN',1,1,0,'2018-04-20 06:05:47',NULL),(294,'User Logged In: EVANS',1,1,0,'2018-04-20 06:08:27',NULL),(295,'User Logged In: MOURINE',1,1,0,'2018-04-20 06:10:02',NULL),(296,'User Logged In: MOURINE',1,1,0,'2018-04-20 06:14:11',NULL),(297,'User Logged In: Pro-kazi',1,1,0,'2018-04-20 06:14:50',NULL),(298,'User Logged In: EVANS',1,1,0,'2018-04-20 06:20:19',NULL),(299,'User Logged In: MOURINE',1,1,0,'2018-04-20 06:20:42',NULL),(300,'User Logged In: JUSTUS',1,1,0,'2018-04-20 06:24:32',NULL),(301,'User Logged In: Pro-kazi',1,1,0,'2018-04-20 06:31:00',NULL),(302,'User Logged In: JOYLINAH',1,1,0,'2018-04-20 06:31:57',NULL),(303,'User Logged In: Pro-kazi',1,1,0,'2018-04-20 06:35:59',NULL),(304,'User Logged In: Pro-kazi',1,1,0,'2018-04-20 06:51:53',NULL),(305,'User Logged In: ERIC',1,1,0,'2018-04-20 06:56:54',NULL),(306,'User Logged In: MOSES',1,1,1,'2018-04-20 07:01:46','2018-04-20 08:32:28'),(307,'User Logged In: Pro-kazi',1,1,1,'2018-04-20 07:02:20','2018-04-20 08:32:28'),(308,'User Logged In: Pro-kazi',1,1,1,'2018-04-20 07:15:25','2018-04-20 08:32:28'),(309,'User Logged In: ISAAC',1,1,1,'2018-04-20 07:26:49','2018-04-20 08:32:28'),(310,'User Logged In: JOHN',1,1,1,'2018-04-20 07:29:44','2018-04-20 08:32:28'),(311,'User Logged In: ISAAC',1,1,1,'2018-04-20 07:49:04','2018-04-20 08:32:21'),(312,'User Logged In: Pro-kazi',1,1,1,'2018-04-20 07:57:53','2018-04-20 08:32:21'),(313,'User Logged In: Pro-kazi',1,1,1,'2018-04-20 07:58:34','2018-04-20 08:32:21'),(314,'User Logged In: JOHN',1,1,1,'2018-04-20 08:27:04','2018-04-20 08:32:21'),(315,'User Logged In: Pro-kazi',1,1,1,'2018-04-20 08:28:05','2018-04-20 08:32:21'),(316,'User Logged In: Pro-kazi',1,1,0,'2018-04-20 09:06:59',NULL),(317,'User Logged In: Pro-kazi',1,1,0,'2018-04-20 09:39:34',NULL),(318,'User Logged In: Pro-kazi',1,1,0,'2018-04-20 09:57:26',NULL),(319,'User Logged In: Clifford',1,1,0,'2018-04-20 10:13:17',NULL),(320,'User Logged In: Pro-kazi',1,1,0,'2018-04-20 10:14:08',NULL),(321,'User Logged In: Pro-kazi',1,1,0,'2018-04-20 10:14:26',NULL),(322,'User Logged In: christine',1,1,0,'2018-04-20 10:22:56',NULL),(323,'User Logged In: Pro-kazi',1,1,0,'2018-04-20 10:24:04',NULL),(324,'User Logged In: Pro-kazi',1,1,0,'2018-04-20 10:24:20',NULL),(325,'User Logged In: JUSTUS',1,1,0,'2018-04-20 10:30:10',NULL),(326,'User Logged In: George',1,1,0,'2018-04-20 10:33:08',NULL),(327,'User Logged In: Pro-kazi',1,1,0,'2018-04-20 10:34:11',NULL),(328,'User Logged In: Pro-kazi',1,1,0,'2018-04-20 10:40:07',NULL),(329,'User Logged In: ISAAC',1,1,0,'2018-04-20 11:27:51',NULL),(330,'User Logged In: ISAAC',1,1,0,'2018-04-20 11:33:55',NULL),(331,'User Logged In: JOHN',1,1,0,'2018-04-20 12:45:52',NULL),(332,'User Logged In: FRANCISCA',1,1,0,'2018-04-20 12:59:47',NULL),(333,'User Logged In: Pro-kazi',1,1,0,'2018-04-20 13:08:59',NULL),(334,'User Logged In: Pro-kazi',1,1,0,'2018-04-20 13:26:14',NULL),(335,'User Logged In: Pro-kazi',1,1,0,'2018-04-20 13:37:37',NULL),(336,'User Logged In: RAYMOND',1,1,0,'2018-04-20 14:02:17',NULL),(337,'User Logged In: EVANS',1,1,0,'2018-04-20 15:45:44',NULL),(338,'User Logged In: EVANS',1,1,0,'2018-04-20 15:46:05',NULL),(339,'User Logged In: EVANS',1,1,0,'2018-04-20 15:57:12',NULL),(340,'User Logged In: JOHN',1,1,0,'2018-04-20 18:42:41',NULL),(341,'User Logged In: EVANS',1,1,0,'2018-04-20 18:47:36',NULL),(342,'User Logged In: JOHN',1,1,0,'2018-04-21 05:37:50',NULL),(343,'User Logged In: EVANS',1,1,0,'2018-04-21 06:19:26',NULL),(344,'User Logged In: JOHN',1,1,0,'2018-04-21 06:26:37',NULL),(345,'User Logged In: JOHN',1,1,0,'2018-04-21 06:41:57',NULL),(346,'User Logged In: FRANCISCA',1,1,0,'2018-04-21 07:00:09',NULL),(347,'User Logged In: ISAAC',1,1,0,'2018-04-21 07:44:21',NULL),(348,'User Logged In: FRANCISCA',1,1,0,'2018-04-21 07:45:31',NULL),(349,'User Logged In: Washington',1,1,0,'2018-04-21 07:51:06',NULL),(350,'User Logged In: EVANS',1,1,0,'2018-04-21 08:04:02',NULL),(351,'User Logged In: FRANCISCA',1,1,0,'2018-04-21 08:28:02',NULL),(352,'User Logged In: Pro-kazi',1,1,0,'2018-04-21 08:31:52',NULL),(353,'User Logged In: FRANCISCA',1,1,0,'2018-04-21 08:37:15',NULL),(354,'User Logged In: Pro-kazi',1,1,0,'2018-04-21 08:42:02',NULL),(355,'User Logged In: JOHN',1,1,0,'2018-04-21 08:44:09',NULL),(356,'User Logged In: MERCYLINE',1,1,0,'2018-04-21 08:47:35',NULL),(357,'User Logged In: Pro-kazi',1,1,0,'2018-04-21 08:49:25',NULL),(358,'User Logged In: Pro-kazi',1,1,0,'2018-04-21 08:51:02',NULL),(359,'User Logged In: Pro-kazi',1,1,0,'2018-04-21 09:31:35',NULL),(360,'User Logged In: FRANCIS',1,1,0,'2018-04-21 09:38:43',NULL),(361,'User Logged In: Pro-kazi',1,1,0,'2018-04-21 09:44:49',NULL),(362,'User Logged In: FRANCISCA',1,1,0,'2018-04-21 10:05:47',NULL),(363,'User Logged In: EVANS',1,1,0,'2018-04-21 10:21:29',NULL),(364,'User Logged In: JOHN',1,1,0,'2018-04-21 10:25:48',NULL),(365,'User Logged In: Washington',1,1,0,'2018-04-21 11:21:32',NULL),(366,'User Logged In: ERIC OLENSI',1,1,0,'2018-04-21 12:09:13',NULL),(367,'User Logged In: Washington',1,1,0,'2018-04-21 12:10:22',NULL),(368,'User Logged In: Pauline',1,1,0,'2018-04-21 12:11:37',NULL),(369,'User Logged In: Pauline',1,1,0,'2018-04-21 12:14:25',NULL),(370,'User Logged In: Pauline',1,1,0,'2018-04-21 12:14:47',NULL),(371,'User Logged In: Pro-kazi',1,1,0,'2018-04-21 12:15:39',NULL),(372,'User Logged In: Washington',1,1,0,'2018-04-21 17:55:14',NULL),(373,'User Logged In: ISAAC',1,1,0,'2018-04-21 19:17:25',NULL),(374,'User Logged In: Pro-kazi',1,1,0,'2018-04-22 15:40:03',NULL),(375,'User Logged In: Pro-kazi',1,1,0,'2018-04-22 20:49:39',NULL),(376,'User Logged In: Pro-kazi',1,1,0,'2018-04-22 20:50:07',NULL),(377,'User Logged In: STEPHEN',1,1,0,'2018-04-23 04:44:59',NULL),(378,'User Logged In: JOHN',1,1,0,'2018-04-23 04:51:55',NULL),(379,'User Logged In: EVANS',1,1,0,'2018-04-23 05:12:15',NULL),(380,'User Logged In: ERIC',1,1,0,'2018-04-23 06:24:47',NULL),(381,'User Logged In: JOHN',1,1,0,'2018-04-23 06:29:46',NULL),(382,'User Logged In: ERIC OLENSI',1,1,0,'2018-04-23 06:37:54',NULL),(383,'User Logged In: FRANCIS',1,1,0,'2018-04-23 06:42:21',NULL),(384,'User Logged In: Washington',1,1,0,'2018-04-23 06:43:12',NULL),(385,'User Logged In: Washington',1,1,0,'2018-04-23 06:57:11',NULL),(386,'User Logged In: FRANCISCA',1,1,0,'2018-04-23 07:50:13',NULL),(387,'User Logged In: FRANCISCA',1,1,0,'2018-04-23 08:13:42',NULL),(388,'User Logged In: Pauline',1,1,0,'2018-04-23 09:15:04',NULL),(389,'User Logged In: JOHN',1,1,0,'2018-04-23 09:40:26',NULL),(390,'User Logged In: Pro-kazi',1,1,0,'2018-04-23 10:50:34',NULL),(391,'User Logged In: FRANCISCA',1,1,0,'2018-04-23 11:05:43',NULL),(392,'User Logged In: FRANCISCA',1,1,0,'2018-04-23 11:09:56',NULL),(393,'User Logged In: Pro-kazi',1,1,0,'2018-04-23 11:14:31',NULL),(394,'User Logged In: ERIC OLENSI',1,1,0,'2018-04-23 11:21:19',NULL),(395,'User Logged In: Washington',1,1,0,'2018-04-23 11:27:57',NULL),(396,'User Logged In: JOHN',1,1,0,'2018-04-23 11:34:40',NULL),(397,'User Logged In: JOHN',1,1,0,'2018-04-23 11:59:14',NULL),(398,'User Logged In: Pauline',1,1,0,'2018-04-23 12:02:33',NULL),(399,'User Logged In: FRANCIS',1,1,0,'2018-04-23 12:03:30',NULL),(400,'User Logged In: JOHN',1,1,0,'2018-04-23 12:10:05',NULL),(401,'User Logged In: Pro-kazi',1,1,0,'2018-04-23 12:51:04',NULL),(402,'User Logged In: ERIC OLENSI',1,1,0,'2018-04-23 13:25:39',NULL),(403,'User Logged In: MARTIN',1,1,0,'2018-04-23 13:42:05',NULL),(404,'User Logged In: Pro-kazi',1,1,0,'2018-04-23 13:43:52',NULL),(405,'User Logged In: Pro-kazi',1,1,0,'2018-04-23 14:06:12',NULL),(406,'User Logged In: MERCYLINE',1,1,0,'2018-04-23 14:24:34',NULL),(407,'User Logged In: JOHN',1,1,0,'2018-04-23 14:29:29',NULL),(408,'User Logged In: ISAAC',1,1,0,'2018-04-23 15:14:42',NULL),(409,'User Logged In: PETER',1,1,0,'2018-04-24 04:57:43',NULL),(410,'User Logged In: STEPHEN',1,1,0,'2018-04-24 05:24:12',NULL),(411,'User Logged In: EVANS',1,1,0,'2018-04-24 05:24:31',NULL),(412,'User Logged In: SILVESTER',1,1,0,'2018-04-24 05:41:35',NULL),(413,'User Logged In: JOHN',1,1,0,'2018-04-24 05:46:03',NULL),(414,'User Logged In: MARTIN',1,1,0,'2018-04-24 06:20:23',NULL),(415,'User Logged In: Pro-kazi',1,1,0,'2018-04-24 06:23:19',NULL),(416,'User Logged In: Washington',1,1,0,'2018-04-24 06:25:17',NULL),(417,'User Logged In: STEPHEN',1,1,0,'2018-04-24 06:43:57',NULL),(418,'User Logged In: LENROD',1,1,0,'2018-04-24 06:53:53',NULL),(419,'User Logged In: EVANS',1,1,0,'2018-04-24 07:14:25',NULL),(420,'User Logged In: Joseph',1,1,0,'2018-04-24 07:36:33',NULL),(421,'User Logged In: Pro-kazi',1,1,0,'2018-04-24 07:43:02',NULL),(422,'User Logged In: SILVESTER',1,1,0,'2018-04-24 08:12:06',NULL),(423,'User Logged In: Pro-kazi',1,1,0,'2018-04-24 08:34:55',NULL),(424,'User Logged In: Pro-kazi',1,1,0,'2018-04-24 09:04:29',NULL),(425,'User Logged In: Pro-kazi',1,1,0,'2018-04-24 09:49:44',NULL),(426,'User Logged In: STEPHEN',1,1,0,'2018-04-24 09:58:36',NULL),(427,'User Logged In: LEONARD',1,1,0,'2018-04-24 11:07:41',NULL),(428,'User Logged In: LEONARD',1,1,0,'2018-04-24 11:08:25',NULL),(429,'User Logged In: Pauline',1,1,0,'2018-04-24 13:58:31',NULL),(430,'User Logged In: JOYLINAH',1,1,0,'2018-04-25 06:01:27',NULL),(431,'User Logged In: Pro-kazi',1,1,0,'2018-04-25 06:40:52',NULL),(432,'User Logged In: JUSTUS',1,1,0,'2018-04-25 06:41:17',NULL),(433,'User Logged In: JUSTUS',1,1,0,'2018-04-25 06:41:40',NULL),(434,'User Logged In: EVANS',1,1,0,'2018-04-25 06:54:28',NULL),(435,'User Logged In: Pro-kazi',1,1,0,'2018-04-25 07:20:37',NULL),(436,'User Logged In: MERCYLINE',1,1,0,'2018-04-25 07:28:08',NULL),(437,'User Logged In: Pro-kazi',1,1,0,'2018-04-25 07:31:52',NULL),(438,'User Logged In: FRANCIS',1,1,0,'2018-04-25 08:03:04',NULL),(439,'User Logged In: ISAAC',1,1,0,'2018-04-25 09:07:21',NULL),(440,'User Logged In: FRANCISCA',1,1,0,'2018-04-25 10:10:08',NULL),(441,'User Logged In: Pro-kazi',1,1,0,'2018-04-25 10:45:46',NULL),(442,'User Logged In: MARTIN',1,1,0,'2018-04-25 11:04:06',NULL),(443,'User Logged In: JOYLINAH',1,1,0,'2018-04-25 11:31:37',NULL),(444,'User Logged In: STEPHEN',1,1,0,'2018-04-25 13:51:39',NULL),(445,'User Logged In: MARTIN',1,1,0,'2018-04-25 14:04:36',NULL),(446,'User Logged In: Pro-kazi',1,1,0,'2018-04-25 14:08:23',NULL),(447,'User Logged In: PATRICK MUKUNDI MBUGUA',1,1,0,'2018-04-25 14:42:05',NULL),(448,'User Logged In: CATHERINE',1,1,0,'2018-04-25 14:42:13',NULL),(449,'User Logged In: Pro-kazi',1,1,0,'2018-04-25 14:42:57',NULL),(450,'User Logged In: PATRICK MUKUNDI MBUGUA',1,1,0,'2018-04-25 14:45:30',NULL),(451,'User Logged In: Pro-kazi',1,1,0,'2018-04-25 14:46:33',NULL),(452,'User Logged In: PATRICK MUKUNDI MBUGUA',1,1,0,'2018-04-25 14:47:18',NULL),(453,'User Logged In: Pro-kazi',1,1,0,'2018-04-25 14:47:34',NULL),(454,'User Logged In: Pauline',1,1,0,'2018-04-25 14:48:05',NULL),(455,'User Logged In: ISAAC',1,1,0,'2018-04-25 14:52:41',NULL),(456,'User Logged In: PATRICK',1,1,0,'2018-04-25 14:52:52',NULL),(457,'User Logged In: PATRICK',1,1,0,'2018-04-25 14:55:43',NULL),(458,'User Logged In: Pro-kazi',1,1,0,'2018-04-25 14:55:55',NULL),(459,'User Logged In: PATRICK',1,1,0,'2018-04-25 14:59:41',NULL),(460,'User Logged In: Pro-kazi',1,1,0,'2018-04-25 17:09:03',NULL),(461,'User Logged In: CATHERINE',1,1,0,'2018-04-25 17:15:14',NULL),(462,'User Logged In: Pro-kazi',1,1,0,'2018-04-25 17:18:19',NULL),(463,'User Logged In: STEPHEN',1,1,0,'2018-04-25 18:24:17',NULL),(464,'User Logged In: ISAAC',1,1,0,'2018-04-26 05:53:34',NULL),(465,'User Logged In: MARTIN',1,1,0,'2018-04-26 06:59:36',NULL),(466,'User Logged In: Pauline',1,1,0,'2018-04-26 07:07:03',NULL),(467,'User Logged In: Pro-kazi',1,1,0,'2018-04-26 07:35:30',NULL),(468,'User Logged In: EVANS',1,1,0,'2018-04-26 07:36:00',NULL),(469,'User Logged In: ERIC',1,1,0,'2018-04-26 07:47:21',NULL),(470,'User Logged In: Washington',1,1,0,'2018-04-26 07:57:24',NULL),(471,'User Logged In: EVANS',1,1,0,'2018-04-26 08:22:12',NULL),(472,'User Logged In: EVANS',1,1,0,'2018-04-26 08:24:24',NULL),(473,'User Logged In: ISAAC',1,1,0,'2018-04-26 09:25:04',NULL),(474,'User Logged In: FRANCIS',1,1,0,'2018-04-26 11:41:12',NULL),(475,'User Logged In: CATHERINE',1,1,0,'2018-04-26 11:55:43',NULL),(476,'User Logged In: MOURINE',1,1,0,'2018-04-26 12:02:38',NULL),(477,'User Logged In: CATHERINE',1,1,0,'2018-04-26 12:07:10',NULL),(478,'User Logged In: JOHN',1,1,0,'2018-04-26 12:18:21',NULL),(479,'User Logged In: CATHERINE',1,1,0,'2018-04-26 12:19:45',NULL),(480,'User Logged In: ARSHUR',1,1,0,'2018-04-26 12:22:36',NULL),(481,'User Logged In: CATHERINE',1,1,0,'2018-04-26 12:23:10',NULL),(482,'User Logged In: CATHERINE',1,1,0,'2018-04-26 12:26:38',NULL),(483,'User Logged In: ISAAC',1,1,0,'2018-04-26 12:38:22',NULL),(484,'User Logged In: ISAAC',1,1,0,'2018-04-26 12:47:09',NULL),(485,'User Logged In: MOUREEN',1,1,0,'2018-04-26 13:05:45',NULL),(486,'User Logged In: MERCYLINE',1,1,0,'2018-04-26 13:14:24',NULL),(487,'User Logged In: Washington',1,1,0,'2018-04-26 13:29:30',NULL),(488,'User Logged In: CATHERINE',1,1,0,'2018-04-26 13:38:18',NULL),(489,'User Logged In: CATHERINE',1,1,0,'2018-04-26 13:39:04',NULL),(490,'User Logged In: ISAAC',1,1,0,'2018-04-26 14:35:29',NULL),(491,'User Logged In: ISAAC',1,1,0,'2018-04-27 06:40:53',NULL),(492,'User Logged In: EVANS',1,1,0,'2018-04-27 06:48:15',NULL),(493,'User Logged In: FRANCIS',1,1,0,'2018-04-27 06:57:31',NULL),(494,'User Logged In: CATHERINE',1,1,0,'2018-04-27 08:04:12',NULL),(495,'User Logged In: Pro-kazi',1,1,0,'2018-04-27 09:11:30',NULL),(496,'User Logged In: ISAAC',1,1,0,'2018-04-27 09:34:04',NULL),(497,'User Logged In: FLORENCE',1,1,0,'2018-04-27 09:34:22',NULL),(498,'User Logged In: JOYLINAH',1,1,0,'2018-04-27 11:47:21',NULL),(499,'User Logged In: FRANCISCA',1,1,0,'2018-04-27 12:05:52',NULL),(500,'User Logged In: CATHERINE',1,1,0,'2018-04-27 12:25:16',NULL),(501,'User Logged In: FRANCIS',1,1,0,'2018-04-27 12:39:27',NULL),(502,'User Logged In: FRANCIS',1,1,0,'2018-04-27 12:41:33',NULL),(503,'User Logged In: FRANCIS',1,1,0,'2018-04-27 12:56:03',NULL),(504,'User Logged In: MERCYLINE',1,1,0,'2018-04-27 13:31:07',NULL),(505,'User Logged In: MOURINE',1,1,0,'2018-04-27 13:43:32',NULL),(506,'User Logged In: EVANS',1,1,0,'2018-04-27 15:08:23',NULL),(507,'User Logged In: ERIC',1,1,0,'2018-04-28 06:59:24',NULL),(508,'User Logged In: Pro-kazi',1,1,0,'2018-04-28 07:38:12',NULL),(509,'User Logged In: RAYMOND',1,1,0,'2018-04-28 07:53:04',NULL),(510,'User Logged In: MERCYLINE',1,1,0,'2018-04-28 08:34:54',NULL),(511,'User Logged In: RAYMOND',1,1,0,'2018-04-28 08:51:42',NULL),(512,'User Logged In: ERIC',1,1,0,'2018-04-28 08:57:51',NULL),(513,'User Logged In: LEONARD',1,1,0,'2018-04-28 09:28:35',NULL),(514,'User Logged In: LEONARD',1,1,1,'2018-04-28 09:34:42','2018-04-30 08:00:01'),(515,'User Logged In: ISAAC',1,1,1,'2018-04-28 10:43:29','2018-04-30 08:00:01'),(516,'User Logged In: ISAAC',1,1,1,'2018-04-28 12:56:09','2018-04-30 08:00:01'),(517,'User Logged In: Washington',1,1,1,'2018-04-29 17:44:50','2018-04-30 08:00:01'),(518,'User Logged In: EVANS',1,1,1,'2018-04-30 06:03:15','2018-04-30 08:00:01'),(519,'User Logged In: ERIC',1,1,1,'2018-04-30 06:07:20','2018-04-30 07:58:06'),(520,'User Logged In: LENROD',1,1,1,'2018-04-30 06:09:26','2018-04-30 07:58:06'),(521,'User Logged In: ERIC OLENSI',1,1,1,'2018-04-30 07:12:05','2018-04-30 07:58:06'),(522,'User Logged In: ERIC',1,1,1,'2018-04-30 07:32:23','2018-04-30 07:58:06'),(523,'User Logged In: Pro-kazi',1,1,1,'2018-04-30 07:53:21','2018-04-30 07:58:06'),(524,'User Logged In: ERIC OLENSI',1,1,0,'2018-04-30 08:42:41',NULL),(525,'User Logged In: EVANS',1,1,0,'2018-04-30 09:18:14',NULL),(526,'User Logged In: ERIC OLENSI',1,1,0,'2018-04-30 09:20:12',NULL),(527,'User Logged In: MARTIN',1,1,0,'2018-04-30 09:41:37',NULL),(528,'User Logged In: STEPHEN',1,1,0,'2018-04-30 09:45:50',NULL),(529,'User Logged In: ISAAC',1,1,0,'2018-04-30 10:25:42',NULL),(530,'User Logged In: LENROD',1,1,0,'2018-04-30 11:17:51',NULL),(531,'User Logged In: CATHERINE',1,1,0,'2018-04-30 11:35:23',NULL),(532,'User Logged In: EVANS',1,1,0,'2018-04-30 14:30:17',NULL),(533,'User Logged In: JOHN',1,1,0,'2018-05-02 04:58:11',NULL),(534,'User Logged In: JOHN',1,1,0,'2018-05-02 04:59:02',NULL),(535,'User Logged In: ERIC',1,1,0,'2018-05-02 05:54:37',NULL),(536,'User Logged In: EVANS',1,1,0,'2018-05-02 05:56:57',NULL),(537,'User Logged In: ISAAC',1,1,0,'2018-05-02 06:38:48',NULL),(538,'User Logged In: Washington',1,1,0,'2018-05-02 07:11:08',NULL),(539,'User Logged In: MARTIN',1,1,0,'2018-05-02 07:12:24',NULL),(540,'User Logged In: STEPHEN',1,1,0,'2018-05-02 07:22:11',NULL),(541,'User Logged In: ISAAC',1,1,0,'2018-05-02 07:26:41',NULL),(542,'User Logged In: Pro-kazi',1,1,0,'2018-05-02 07:44:51',NULL),(543,'User Logged In: GRACE',1,1,0,'2018-05-02 07:59:53',NULL),(544,'User Logged In: JOYLINAH',1,1,0,'2018-05-02 08:08:01',NULL),(545,'User Logged In: ERIC OLENSI',1,1,0,'2018-05-02 08:24:47',NULL),(546,'User Logged In: EVANS',1,1,0,'2018-05-02 08:44:17',NULL),(547,'User Logged In: MAUREEN',1,1,0,'2018-05-02 08:49:56',NULL),(548,'User Logged In: MERCYLINE',1,1,0,'2018-05-02 09:06:08',NULL),(549,'User Logged In: CATHERINE',1,1,0,'2018-05-02 11:39:14',NULL),(550,'User Logged In: GRACE',1,1,0,'2018-05-02 12:02:39',NULL),(551,'User Logged In: STEPHEN',1,1,0,'2018-05-02 12:30:57',NULL),(552,'User Logged In: Pro-kazi',1,1,0,'2018-05-02 13:21:44',NULL),(553,'User Logged In: Washington',1,1,0,'2018-05-02 13:25:45',NULL),(554,'User Logged In: ERIC OLENSI',1,1,0,'2018-05-02 13:44:16',NULL),(555,'User Logged In: ERIC OLENSI',1,1,0,'2018-05-02 14:02:36',NULL),(556,'User Logged In: PETER',1,1,0,'2018-05-03 05:09:11',NULL),(557,'User Logged In: ISAAC',1,1,0,'2018-05-03 06:06:00',NULL),(558,'User Logged In: ERIC',1,1,0,'2018-05-03 06:31:33',NULL),(559,'User Logged In: FRANCIS',1,1,0,'2018-05-03 06:34:16',NULL),(560,'User Logged In: SILVESTER',1,1,0,'2018-05-03 06:35:40',NULL),(561,'User Logged In: Pro-kazi',1,1,0,'2018-05-03 06:37:12',NULL),(562,'User Logged In: Pro-kazi',1,1,0,'2018-05-03 06:38:18',NULL),(563,'User Logged In: Pro-kazi',1,1,0,'2018-05-03 06:38:37',NULL),(564,'User Logged In: SILVESTER',1,1,0,'2018-05-03 06:41:45',NULL),(565,'User Logged In: SILVESTER',1,1,0,'2018-05-03 06:41:58',NULL),(566,'User Logged In: SILVESTER',1,1,0,'2018-05-03 06:47:52',NULL),(567,'User Logged In: RAYMOND',1,1,0,'2018-05-03 06:57:28',NULL),(568,'User Logged In: SILVESTER',1,1,0,'2018-05-03 07:01:32',NULL),(569,'User Logged In: JUSTUS',1,1,0,'2018-05-03 08:42:47',NULL),(570,'User Logged In: JUSTUS',1,1,0,'2018-05-03 08:47:30',NULL),(571,'User Logged In: PATRICK',1,1,0,'2018-05-03 08:48:05',NULL),(572,'User Logged In: LENROD',1,1,0,'2018-05-03 11:03:04',NULL),(573,'User Logged In: ISAAC',1,1,0,'2018-05-03 11:25:44',NULL),(574,'User Logged In: PETER',1,1,0,'2018-05-03 11:44:18',NULL),(575,'User Logged In: RAYMOND',1,1,0,'2018-05-03 12:08:53',NULL),(576,'User Logged In: PETER',1,1,0,'2018-05-04 04:47:33',NULL),(577,'User Logged In: STEPHEN',1,1,0,'2018-05-04 05:41:20',NULL),(578,'User Logged In: ISAAC',1,1,0,'2018-05-04 07:29:36',NULL),(579,'User Logged In: PETER',1,1,0,'2018-05-04 07:44:46',NULL),(580,'User Logged In: Washington',1,1,0,'2018-05-04 08:04:38',NULL),(581,'User Logged In: ISAAC',1,1,0,'2018-05-04 11:17:07',NULL),(582,'User Logged In: GRACE',1,1,0,'2018-05-04 12:26:25',NULL),(583,'User Logged In: EVANS',1,1,0,'2018-05-04 13:26:21',NULL),(584,'User Logged In: Pro-kazi',1,1,0,'2018-05-04 13:48:07',NULL),(585,'User Logged In: Pro-kazi',1,1,0,'2018-05-04 14:10:19',NULL),(586,'User Logged In: LENROD',1,1,0,'2018-05-05 06:03:13',NULL),(587,'User Logged In: PETER',1,1,0,'2018-05-05 06:34:18',NULL),(588,'User Logged In: STEPHEN',1,1,0,'2018-05-05 06:34:22',NULL),(589,'User Logged In: FRANCISCA',1,1,0,'2018-05-05 06:40:02',NULL),(590,'User Logged In: FRANCISCA',1,1,0,'2018-05-05 07:11:37',NULL),(591,'User Logged In: ERIC',1,1,0,'2018-05-05 07:34:18',NULL),(592,'User Logged In: EVANS',1,1,0,'2018-05-05 07:41:14',NULL),(593,'User Logged In: FRANCISCA',1,1,0,'2018-05-05 08:04:17',NULL),(594,'User Logged In: ISAAC',1,1,0,'2018-05-05 08:55:27',NULL),(595,'User Logged In: LAWRENCE',1,1,0,'2018-05-05 08:55:44',NULL),(596,'User Logged In: Pro-kazi',1,1,1,'2018-05-05 09:27:14','2018-05-05 12:45:30'),(597,'User Logged In: FRANCISCA',1,1,1,'2018-05-05 09:41:10','2018-05-05 12:45:30'),(598,'User Logged In: FRANCISCA',1,1,1,'2018-05-05 10:09:16','2018-05-05 12:45:30'),(599,'User Logged In: FRANCISCA',1,1,1,'2018-05-05 12:13:55','2018-05-05 12:45:30'),(600,'User Logged In: Pro-kazi',1,1,1,'2018-05-05 12:21:08','2018-05-05 12:45:30'),(601,'User Logged In: Pro-kazi',1,1,0,'2018-05-05 16:17:24',NULL),(602,'User Logged In: Pro-kazi',1,1,0,'2018-05-05 16:50:04',NULL),(603,'User Logged In: Pro-kazi',1,1,0,'2018-05-05 17:15:36',NULL),(604,'User Logged In: PETER',1,1,0,'2018-05-07 05:19:03',NULL),(605,'User Logged In: FRANCISCA',1,1,0,'2018-05-07 05:19:59',NULL),(606,'User Logged In: MAUREEN',1,1,0,'2018-05-07 05:51:44',NULL),(607,'User Logged In: Pro-kazi',1,1,0,'2018-05-07 06:23:48',NULL),(608,'User Logged In: Pro-kazi',1,1,0,'2018-05-07 06:52:47',NULL),(609,'User Logged In: LEONARD',1,1,0,'2018-05-07 07:04:07',NULL),(610,'User Logged In: FRANCISCA',1,1,0,'2018-05-07 07:33:03',NULL),(611,'User Logged In: RAYMOND',1,1,0,'2018-05-07 08:37:06',NULL),(612,'User Logged In: FRANCISCA',1,1,0,'2018-05-07 08:56:31',NULL),(613,'User Logged In: LENROD',1,1,0,'2018-05-07 10:18:11',NULL),(614,'User Logged In: MAUREEN',1,1,0,'2018-05-07 10:34:16',NULL),(615,'User Logged In: Pro-kazi',1,1,0,'2018-05-07 10:52:33',NULL),(616,'User Logged In: Pro-kazi',1,1,0,'2018-05-07 10:57:26',NULL),(617,'User Logged In: JOHN',1,1,0,'2018-05-07 11:09:15',NULL),(618,'User Logged In: JUSTUS',1,1,0,'2018-05-07 11:10:08',NULL),(619,'User Logged In: JOHN',1,1,0,'2018-05-07 11:11:13',NULL),(620,'User Logged In: JOHN',1,1,0,'2018-05-07 11:11:34',NULL),(621,'User Logged In: JOHN',1,1,0,'2018-05-07 11:12:41',NULL),(622,'User Logged In: JOHN',1,1,0,'2018-05-07 11:13:23',NULL),(623,'User Logged In: Pro-kazi',1,1,0,'2018-05-07 11:14:12',NULL),(624,'User Logged In: Pro-kazi',1,1,0,'2018-05-07 11:15:04',NULL),(625,'User Logged In: JOHN',1,1,0,'2018-05-07 11:17:30',NULL),(626,'User Logged In: JUSTUS',1,1,0,'2018-05-07 11:18:08',NULL),(627,'User Logged In: Pro-kazi',1,1,0,'2018-05-07 11:18:16',NULL),(628,'User Logged In: Pro-kazi',1,1,0,'2018-05-07 11:35:21',NULL),(629,'User Logged In: JOHN',1,1,0,'2018-05-07 11:35:34',NULL),(630,'User Logged In: FRANCISCA',1,1,0,'2018-05-07 11:56:44',NULL),(631,'User Logged In: FRANCISCA',1,1,0,'2018-05-07 11:58:10',NULL),(632,'User Logged In: STEPHEN',1,1,0,'2018-05-07 12:03:01',NULL),(633,'User Logged In: FRANCISCA',1,1,0,'2018-05-07 12:04:32',NULL),(634,'User Logged In: FRANCISCA',1,1,0,'2018-05-07 12:04:56',NULL),(635,'User Logged In: CATHERINE',1,1,0,'2018-05-07 12:05:06',NULL),(636,'User Logged In: ISAAC',1,1,0,'2018-05-07 12:14:28',NULL),(637,'User Logged In: PETER',1,1,0,'2018-05-07 12:18:22',NULL),(638,'User Logged In: FRANCISCA',1,1,0,'2018-05-07 12:23:39',NULL),(639,'User Logged In: JUSTUS',1,1,0,'2018-05-07 12:36:41',NULL),(640,'User Logged In: Pro-kazi',1,1,0,'2018-05-07 12:37:18',NULL),(641,'User Logged In: JUSTUS',1,1,0,'2018-05-07 12:38:00',NULL),(642,'User Logged In: JUSTUS',1,1,0,'2018-05-07 12:39:36',NULL),(643,'User Logged In: JOHN',1,1,0,'2018-05-07 13:02:01',NULL),(644,'User Logged In: JOHN',1,1,0,'2018-05-07 13:03:17',NULL),(645,'User Logged In: JUSTUS',1,1,0,'2018-05-08 04:27:40',NULL),(646,'User Logged In: JUSTUS',1,1,0,'2018-05-08 04:32:45',NULL),(647,'User Logged In: CATHERINE',1,1,0,'2018-05-08 04:43:01',NULL),(648,'User Logged In: LENROD',1,1,0,'2018-05-08 06:09:18',NULL),(649,'User Logged In: JOHN',1,1,0,'2018-05-08 06:10:58',NULL),(650,'User Logged In: FRANCISCA',1,1,0,'2018-05-08 06:45:37',NULL),(651,'User Logged In: Pro-kazi',1,1,0,'2018-05-08 07:02:14',NULL),(652,'User Logged In: PETER',1,1,0,'2018-05-08 07:10:33',NULL),(653,'User Logged In: ISAAC',1,1,0,'2018-05-08 07:20:51',NULL),(654,'User Logged In: Pro-kazi',1,1,0,'2018-05-08 07:22:19',NULL),(655,'User Logged In: EVANS',1,1,0,'2018-05-08 08:11:46',NULL),(656,'User Logged In: Pro-kazi',1,1,0,'2018-05-08 08:35:00',NULL),(657,'User Logged In: JOHN',1,1,0,'2018-05-08 08:55:22',NULL),(658,'User Logged In: RAYMOND',1,1,0,'2018-05-08 08:57:57',NULL),(659,'User Logged In: STEPHEN',1,1,0,'2018-05-08 09:09:49',NULL),(660,'User Logged In: FRANCISCA',1,1,0,'2018-05-08 11:28:29',NULL),(661,'User Logged In: MOURINE',1,1,0,'2018-05-08 12:09:11',NULL),(662,'User Logged In: Pro-kazi',1,1,0,'2018-05-08 12:13:13',NULL),(663,'User Logged In: Pro-kazi',1,1,0,'2018-05-08 12:23:21',NULL),(664,'User Logged In: RAYMOND',1,1,0,'2018-05-08 12:34:03',NULL),(665,'User Logged In: JOHN',1,1,0,'2018-05-08 12:41:31',NULL),(666,'User Logged In: JOHN',1,1,0,'2018-05-08 12:43:20',NULL),(667,'User Logged In: FRANCISCA',1,1,0,'2018-05-08 13:28:53',NULL),(668,'User Logged In: FRANCISCA',1,1,0,'2018-05-08 13:30:33',NULL),(669,'User Logged In: ISAAC',1,1,0,'2018-05-08 13:46:05',NULL),(670,'User Logged In: Joseph',1,1,0,'2018-05-09 05:46:59',NULL),(671,'User Logged In: FRANCISCA',1,1,0,'2018-05-09 05:57:57',NULL),(672,'User Logged In: MAUREEN',1,1,0,'2018-05-09 06:54:09',NULL),(673,'User Logged In: STEPHEN',1,1,0,'2018-05-09 07:08:06',NULL),(674,'User Logged In: Pro-kazi',1,1,0,'2018-05-09 07:29:51',NULL),(675,'User Logged In: FRANCISCA',1,1,0,'2018-05-09 07:34:25',NULL),(676,'User Logged In: Pro-kazi',1,1,0,'2018-05-09 07:54:25',NULL),(677,'User Logged In: CATHERINE',1,1,0,'2018-05-09 08:26:42',NULL),(678,'User Logged In: GRACE',1,1,0,'2018-05-09 09:01:17',NULL),(679,'User Logged In: ISAAC',1,1,0,'2018-05-09 09:42:48',NULL),(680,'User Logged In: Washington',1,1,0,'2018-05-09 09:45:59',NULL),(681,'User Logged In: FRANCISCA',1,1,0,'2018-05-09 10:12:59',NULL),(682,'User Logged In: CATHERINE',1,1,0,'2018-05-09 12:25:19',NULL),(683,'User Logged In: GULJAN',1,1,0,'2018-05-09 13:04:30',NULL),(684,'User Logged In: EVANS',1,1,0,'2018-05-09 14:53:53',NULL),(685,'User Logged In: ISAAC',1,1,0,'2018-05-09 14:57:16',NULL),(686,'User Logged In: GULJAN',1,1,0,'2018-05-09 15:29:57',NULL),(687,'User Logged In: EVANS',1,1,0,'2018-05-10 05:44:26',NULL),(688,'User Logged In: JOHN',1,1,0,'2018-05-10 05:48:32',NULL),(689,'User Logged In: PETER',1,1,0,'2018-05-10 06:39:30',NULL),(690,'User Logged In: FRANCISCA',1,1,0,'2018-05-10 06:48:00',NULL),(691,'User Logged In: CATHERINE',1,1,0,'2018-05-10 06:54:02',NULL),(692,'User Logged In: COLLINS',1,1,0,'2018-05-10 06:55:20',NULL),(693,'User Logged In: MERCYLINE',1,1,0,'2018-05-10 06:55:43',NULL),(694,'User Logged In: ISAAC',1,1,0,'2018-05-10 07:00:32',NULL),(695,'User Logged In: LENROD',1,1,0,'2018-05-10 07:18:45',NULL),(696,'User Logged In: ALOICE',1,1,0,'2018-05-10 07:22:15',NULL),(697,'User Logged In: MOURINE',1,1,0,'2018-05-10 08:26:19',NULL),(698,'User Logged In: RAYMOND',1,1,0,'2018-05-10 08:44:56',NULL),(699,'User Logged In: GULJAN',1,1,0,'2018-05-10 09:06:35',NULL),(700,'User Logged In: FRANCIS',1,1,0,'2018-05-10 09:10:09',NULL),(701,'User Logged In: FRANCIS',1,1,0,'2018-05-10 09:12:16',NULL),(702,'User Logged In: CATHERINE',1,1,0,'2018-05-10 09:23:30',NULL),(703,'User Logged In: JOHN',1,1,0,'2018-05-10 10:12:56',NULL),(704,'User Logged In: JOYLINAH',1,1,0,'2018-05-10 10:16:39',NULL),(705,'User Logged In: FRANCISCA',1,1,0,'2018-05-10 11:16:55',NULL),(706,'User Logged In: RAYMOND',1,1,0,'2018-05-10 11:49:38',NULL),(707,'User Logged In: Washington',1,1,0,'2018-05-10 11:50:53',NULL),(708,'User Logged In: STEPHEN',1,1,0,'2018-05-10 12:00:50',NULL),(709,'User Logged In: PETER',1,1,0,'2018-05-10 12:05:56',NULL),(710,'User Logged In: GULJAN',1,1,0,'2018-05-10 12:12:27',NULL),(711,'User Logged In: ISAAC',1,1,0,'2018-05-10 12:25:06',NULL),(712,'User Logged In: JOHN',1,1,0,'2018-05-10 12:36:22',NULL),(713,'User Logged In: Pauline',1,1,0,'2018-05-10 12:41:59',NULL),(714,'User Logged In: GRACE',1,1,0,'2018-05-10 12:49:04',NULL),(715,'User Logged In: FRANCISCA',1,1,0,'2018-05-10 13:24:45',NULL),(716,'User Logged In: CATHERINE',1,1,0,'2018-05-10 14:43:23',NULL),(717,'User Logged In: MARTIN',1,1,0,'2018-05-10 15:01:37',NULL),(718,'User Logged In: FRANCISCA',1,1,0,'2018-05-11 05:22:07',NULL),(719,'User Logged In: STEPHEN',1,1,0,'2018-05-11 05:56:19',NULL),(720,'User Logged In: GULJAN',1,1,0,'2018-05-11 06:05:08',NULL),(721,'User Logged In: PETER',1,1,0,'2018-05-11 06:14:12',NULL),(722,'User Logged In: EVANS',1,1,0,'2018-05-11 06:53:14',NULL),(723,'User Logged In: Benson',1,1,0,'2018-05-11 07:14:21',NULL),(724,'User Logged In: LENROD',1,1,0,'2018-05-11 08:17:09',NULL),(725,'User Logged In: Pro-kazi',1,1,0,'2018-05-11 08:32:01',NULL),(726,'User Logged In: RAYMOND',1,1,0,'2018-05-11 08:33:32',NULL),(727,'User Logged In: GRACE',1,1,0,'2018-05-11 08:38:59',NULL),(728,'User Logged In: GULJAN',1,1,0,'2018-05-11 08:57:35',NULL),(729,'User Logged In: Pauline',1,1,0,'2018-05-11 08:59:48',NULL),(730,'User Logged In: Benson',1,1,0,'2018-05-11 09:15:32',NULL),(731,'User Logged In: JOHN',1,1,0,'2018-05-11 09:29:53',NULL),(732,'User Logged In: EVANS',1,1,0,'2018-05-11 09:36:43',NULL),(733,'User Logged In: FRANCIS',1,1,0,'2018-05-11 09:41:28',NULL),(734,'User Logged In: EVANS',1,1,0,'2018-05-11 09:49:18',NULL),(735,'User Logged In: EVANS',1,1,0,'2018-05-11 09:50:26',NULL),(736,'User Logged In: Benson',1,1,0,'2018-05-11 10:15:01',NULL),(737,'User Logged In: MOSES',1,1,0,'2018-05-11 10:28:57',NULL),(738,'User Logged In: JOHN',1,1,0,'2018-05-11 10:32:54',NULL),(739,'User Logged In: Benson',1,1,0,'2018-05-11 10:41:22',NULL),(740,'User Logged In: Benson',1,1,0,'2018-05-11 10:54:54',NULL),(741,'User Logged In: MOSES',1,1,0,'2018-05-11 11:17:17',NULL),(742,'User Logged In: MOSES',1,1,0,'2018-05-11 11:18:02',NULL),(743,'User Logged In: MOSES',1,1,0,'2018-05-11 11:21:27',NULL),(744,'User Logged In: MOSES',1,1,0,'2018-05-11 11:26:16',NULL),(745,'User Logged In: LENROD',1,1,0,'2018-05-11 11:27:12',NULL),(746,'User Logged In: CHRISPUS',1,1,0,'2018-05-11 11:46:42',NULL),(747,'User Logged In: JOHN',1,1,0,'2018-05-11 11:50:31',NULL),(748,'User Logged In: EVANS',1,1,0,'2018-05-11 11:51:34',NULL),(749,'User Logged In: PETER',1,1,0,'2018-05-11 11:54:59',NULL),(750,'User Logged In: JUSTUS',1,1,0,'2018-05-11 11:57:03',NULL),(751,'User Logged In: GULJAN',1,1,0,'2018-05-11 12:16:30',NULL),(752,'User Logged In: Washington',1,1,0,'2018-05-11 12:28:00',NULL),(753,'User Logged In: Pro-kazi',1,1,0,'2018-05-11 12:38:00',NULL),(754,'User Logged In: Pauline',1,1,0,'2018-05-11 12:41:02',NULL),(755,'User Logged In: FRANCISCA',1,1,0,'2018-05-11 12:55:47',NULL),(756,'User Logged In: JOYLINAH',1,1,0,'2018-05-11 13:13:18',NULL),(757,'User Logged In: RAYMOND',1,1,0,'2018-05-11 13:22:58',NULL),(758,'User Logged In: JOHN',1,1,0,'2018-05-11 19:02:32',NULL),(759,'User Logged In: GULJAN',1,1,0,'2018-05-12 05:45:07',NULL),(760,'User Logged In: PETER',1,1,0,'2018-05-12 05:51:20',NULL),(761,'User Logged In: Benson',1,1,0,'2018-05-12 05:55:57',NULL),(762,'User Logged In: Benson',1,1,0,'2018-05-12 05:58:39',NULL),(763,'User Logged In: JOHN',1,1,0,'2018-05-12 06:10:21',NULL),(764,'User Logged In: STEPHEN',1,1,0,'2018-05-12 06:46:42',NULL),(765,'User Logged In: CHRISPUS',1,1,0,'2018-05-12 07:03:28',NULL),(766,'User Logged In: CHRISPUS',1,1,0,'2018-05-12 07:11:17',NULL),(767,'User Logged In: ERIC OLENSI',1,1,0,'2018-05-12 07:40:26',NULL),(768,'User Logged In: JOHN',1,1,0,'2018-05-12 07:44:49',NULL),(769,'User Logged In: FRANCISCA',1,1,0,'2018-05-12 07:46:53',NULL),(770,'User Logged In: JUSTUS',1,1,0,'2018-05-12 08:23:38',NULL),(771,'User Logged In: ERIC OLENSI',1,1,0,'2018-05-12 08:40:19',NULL),(772,'User Logged In: ALOICE',1,1,0,'2018-05-12 09:07:40',NULL),(773,'User Logged In: MOURINE',1,1,0,'2018-05-12 09:13:51',NULL),(774,'User Logged In: STEPHEN',1,1,0,'2018-05-12 09:24:08',NULL),(775,'User Logged In: FRANCISCA',1,1,0,'2018-05-12 09:29:53',NULL),(776,'User Logged In: MARTIN',1,1,0,'2018-05-12 11:44:52',NULL),(777,'User Logged In: STEPHEN',1,1,0,'2018-05-12 14:11:39',NULL),(778,'User Logged In: Benson',1,1,0,'2018-05-12 15:56:26',NULL),(779,'User Logged In: STEPHEN',1,1,0,'2018-05-12 16:41:30',NULL),(780,'User Logged In: RAYMOND',1,1,0,'2018-05-13 06:58:20',NULL),(781,'User Logged In: JOHN',1,1,0,'2018-05-13 16:42:05',NULL),(782,'User Logged In: MARTIN',1,1,0,'2018-05-13 20:00:16',NULL),(783,'User Logged In: ERIC OLENSI',1,1,0,'2018-05-14 04:35:56',NULL),(784,'User Logged In: PETER',1,1,0,'2018-05-14 05:00:58',NULL),(785,'User Logged In: EVANS',1,1,0,'2018-05-14 05:16:19',NULL),(786,'User Logged In: EVANS',1,1,0,'2018-05-14 05:21:46',NULL),(787,'User Logged In: Benson',1,1,0,'2018-05-14 05:30:04',NULL),(788,'User Logged In: Pro-kazi',1,1,0,'2018-05-14 05:43:30',NULL),(789,'User Logged In: STEPHEN',1,1,0,'2018-05-14 05:58:05',NULL),(790,'User Logged In: GULJAN',1,1,0,'2018-05-14 06:24:41',NULL),(791,'User Logged In: CHRISPUS',1,1,0,'2018-05-14 06:29:34',NULL),(792,'User Logged In: GULJAN',1,1,0,'2018-05-14 06:33:24',NULL),(793,'User Logged In: JUSTUS',1,1,0,'2018-05-14 06:37:29',NULL),(794,'User Logged In: JUSTUS',1,1,0,'2018-05-14 06:38:41',NULL),(795,'User Logged In: JUSTUS',1,1,0,'2018-05-14 06:38:50',NULL),(796,'User Logged In: JUSTUS',1,1,0,'2018-05-14 06:39:17',NULL),(797,'User Logged In: MOURINE',1,1,0,'2018-05-14 06:45:14',NULL),(798,'User Logged In: STEPHEN',1,1,0,'2018-05-14 07:03:52',NULL),(799,'User Logged In: COLLINS',1,1,0,'2018-05-14 07:06:31',NULL),(800,'User Logged In: JOHN',1,1,0,'2018-05-14 07:16:43',NULL),(801,'User Logged In: Pro-kazi',1,1,0,'2018-05-14 07:17:29',NULL),(802,'User Logged In: Pro-kazi',1,1,0,'2018-05-14 07:17:58',NULL),(803,'User Logged In: RAYMOND',1,1,0,'2018-05-14 07:26:22',NULL),(804,'User Logged In: FRANCISCA',1,1,0,'2018-05-14 07:41:57',NULL),(805,'User Logged In: RAYMOND',1,1,0,'2018-05-14 08:21:31',NULL),(806,'User Logged In: FRANCIS',1,1,0,'2018-05-14 08:27:07',NULL),(807,'User Logged In: CHRISPUS',1,1,0,'2018-05-14 08:30:31',NULL),(808,'User Logged In: FRANCIS',1,1,0,'2018-05-14 08:36:32',NULL),(809,'User Logged In: FRANCIS',1,1,0,'2018-05-14 08:40:26',NULL),(810,'User Logged In: JUSTUS',1,1,0,'2018-05-14 09:11:09',NULL),(811,'User Logged In: JOYLINAH',1,1,0,'2018-05-14 09:18:11',NULL),(812,'User Logged In: MERCYLINE',1,1,0,'2018-05-14 09:51:27',NULL),(813,'User Logged In: JOHN',1,1,0,'2018-05-14 09:52:08',NULL),(814,'User Logged In: MOURINE',1,1,0,'2018-05-14 10:25:02',NULL),(815,'User Logged In: LENROD',1,1,0,'2018-05-14 10:44:05',NULL),(816,'User Logged In: CHRISPUS',1,1,0,'2018-05-14 11:37:01',NULL),(817,'User Logged In: GULJAN',1,1,0,'2018-05-14 11:47:53',NULL),(818,'User Logged In: MOURINE',1,1,0,'2018-05-14 11:52:02',NULL),(819,'User Logged In: Pro-kazi',1,1,0,'2018-05-14 12:08:28',NULL),(820,'User Logged In: FRANCISCA',1,1,0,'2018-05-14 12:14:19',NULL),(821,'User Logged In: Pro-kazi',1,1,0,'2018-05-14 12:17:34',NULL),(822,'User Logged In: COLLINS',1,1,0,'2018-05-14 12:17:40',NULL),(823,'User Logged In: Pro-kazi',1,1,0,'2018-05-14 12:17:45',NULL),(824,'User Logged In: ISAAC',1,1,0,'2018-05-14 12:31:23',NULL),(825,'User Logged In: PATRICK',1,1,0,'2018-05-14 12:46:16',NULL),(826,'User Logged In: LENROD',1,1,0,'2018-05-14 13:06:46',NULL),(827,'User Logged In: MERCYLINE',1,1,0,'2018-05-14 13:18:54',NULL),(828,'User Logged In: Pro-kazi',1,1,0,'2018-05-14 13:22:42',NULL),(829,'User Logged In: COLLINS',1,1,0,'2018-05-14 13:24:55',NULL),(830,'User Logged In: Jesinta',1,1,0,'2018-05-14 13:25:55',NULL),(831,'User Logged In: Pro-kazi',1,1,0,'2018-05-14 13:26:22',NULL),(832,'User Logged In: RAYMOND',1,1,0,'2018-05-14 13:35:45',NULL),(833,'User Logged In: STEPHEN',1,1,0,'2018-05-14 13:41:42',NULL),(834,'User Logged In: Pauline',1,1,0,'2018-05-14 14:05:18',NULL),(835,'User Logged In: Pro-kazi',1,1,0,'2018-05-14 14:11:20',NULL),(836,'User Logged In: ALOICE',1,1,0,'2018-05-14 14:19:10',NULL),(837,'User Logged In: IRENE',1,1,0,'2018-05-14 14:30:09',NULL),(838,'User Logged In: GULJAN',1,1,0,'2018-05-14 14:33:55',NULL),(839,'User Logged In: Pro-kazi',1,1,0,'2018-05-14 14:36:27',NULL),(840,'User Logged In: GULJAN',1,1,0,'2018-05-14 14:58:39',NULL),(841,'User Logged In: PATRICK',1,1,0,'2018-05-14 15:10:51',NULL),(842,'User Logged In: PATRICK',1,1,0,'2018-05-14 15:23:10',NULL),(843,'User Logged In: RAYMOND',1,1,0,'2018-05-14 19:48:14',NULL),(844,'User Logged In: STEPHEN',1,1,0,'2018-05-15 04:38:12',NULL),(845,'User Logged In: SILVESTER',1,1,0,'2018-05-15 06:18:49',NULL),(846,'User Logged In: SILVESTER',1,1,0,'2018-05-15 06:23:52',NULL),(847,'User Logged In: JOHN',1,1,0,'2018-05-15 06:33:52',NULL),(848,'User Logged In: JOHN',1,1,0,'2018-05-15 07:27:13',NULL),(849,'User Logged In: Jesinta',1,1,0,'2018-05-15 07:39:29',NULL),(850,'User Logged In: MERCYLINE',1,1,0,'2018-05-15 09:19:24',NULL),(851,'User Logged In: Pro-kazi',1,1,0,'2018-05-15 09:22:34',NULL),(852,'User Logged In: PATRICK',1,1,0,'2018-05-15 10:17:01',NULL),(853,'User Logged In: PATRICK',1,1,0,'2018-05-15 10:17:30',NULL),(854,'User Logged In: PATRICK',1,1,0,'2018-05-15 10:17:56',NULL),(855,'User Logged In: PATRICK',1,1,0,'2018-05-15 10:21:42',NULL),(856,'User Logged In: PATRICK',1,1,0,'2018-05-15 10:21:54',NULL),(857,'User Logged In: MERCYLINE',1,1,0,'2018-05-15 10:23:13',NULL),(858,'User Logged In: PATRICK',1,1,0,'2018-05-15 10:25:29',NULL),(859,'User Logged In: EVANS',1,1,0,'2018-05-15 11:25:33',NULL),(860,'User Logged In: GULJAN',1,1,0,'2018-05-15 11:28:14',NULL),(861,'User Logged In: FRANCIS',1,1,0,'2018-05-15 11:34:26',NULL),(862,'User Logged In: MARTIN',1,1,0,'2018-05-15 11:34:34',NULL),(863,'User Logged In: CATHERINE',1,1,0,'2018-05-15 11:44:58',NULL),(864,'User Logged In: MOURINE',1,1,0,'2018-05-15 12:05:41',NULL),(865,'User Logged In: JUSTUS',1,1,0,'2018-05-15 12:09:11',NULL),(866,'User Logged In: FRANCISCA',1,1,0,'2018-05-15 12:25:44',NULL),(867,'User Logged In: CHRISPUS',1,1,0,'2018-05-15 12:28:44',NULL),(868,'User Logged In: GRACE',1,1,0,'2018-05-15 12:59:12',NULL),(869,'User Logged In: PETER',1,1,0,'2018-05-15 13:51:23',NULL),(870,'User Logged In: JOYLINAH',1,1,0,'2018-05-16 05:42:53',NULL),(871,'User Logged In: Pro-kazi',1,1,0,'2018-05-16 05:47:20',NULL),(872,'User Logged In: Jesinta',1,1,0,'2018-05-16 05:47:34',NULL),(873,'User Logged In: MOURINE',1,1,0,'2018-05-16 05:53:13',NULL),(874,'User Logged In: JUSTUS',1,1,0,'2018-05-16 05:55:53',NULL),(875,'User Logged In: Dominic',1,1,0,'2018-05-16 06:03:34',NULL),(876,'User Logged In: Jesinta',1,1,0,'2018-05-16 06:14:45',NULL),(877,'User Logged In: FRANCISCA',1,1,0,'2018-05-16 07:07:32',NULL),(878,'User Logged In: PATRICK',1,1,0,'2018-05-16 07:16:57',NULL),(879,'User Logged In: PATRICK',1,1,0,'2018-05-16 07:17:07',NULL),(880,'User Logged In: ISAAC',1,1,0,'2018-05-16 07:20:32',NULL),(881,'User Logged In: SILVESTER',1,1,0,'2018-05-16 08:22:22',NULL),(882,'User Logged In: FRANCISCA',1,1,0,'2018-05-16 08:29:04',NULL),(883,'User Logged In: STEPHEN',1,1,0,'2018-05-16 08:29:25',NULL),(884,'User Logged In: LENROD',1,1,0,'2018-05-16 08:33:17',NULL),(885,'User Logged In: FRANCISCA',1,1,0,'2018-05-16 08:36:26',NULL),(886,'User Logged In: MERCYLINE',1,1,0,'2018-05-16 08:36:30',NULL),(887,'User Logged In: GRACE',1,1,0,'2018-05-16 08:40:33',NULL),(888,'User Logged In: FLORENCE',1,1,0,'2018-05-16 08:42:46',NULL),(889,'User Logged In: FRANCISCA',1,1,0,'2018-05-16 09:05:22',NULL),(890,'User Logged In: MARTIN',1,1,0,'2018-05-16 09:05:51',NULL),(891,'User Logged In: Washington',1,1,0,'2018-05-16 09:10:16',NULL),(892,'User Logged In: FRANCISCA',1,1,0,'2018-05-16 09:36:02',NULL),(893,'User Logged In: EVANS',1,1,0,'2018-05-16 09:37:40',NULL),(894,'User Logged In: GULJAN',1,1,0,'2018-05-16 09:58:12',NULL),(895,'User Logged In: JOHN',1,1,0,'2018-05-16 10:01:15',NULL),(896,'User Logged In: CHRISPUS',1,1,0,'2018-05-16 10:15:56',NULL),(897,'User Logged In: PATRICK',1,1,0,'2018-05-16 10:20:39',NULL),(898,'User Logged In: PATRICK',1,1,0,'2018-05-16 10:20:57',NULL),(899,'User Logged In: FRANCISCA',1,1,0,'2018-05-16 10:29:21',NULL),(900,'User Logged In: JOHN',1,1,0,'2018-05-16 10:30:35',NULL),(901,'User Logged In: Jesinta',1,1,0,'2018-05-16 10:58:30',NULL),(902,'User Logged In: FRANCIS',1,1,0,'2018-05-16 11:21:54',NULL),(903,'User Logged In: LENROD',1,1,0,'2018-05-16 11:49:02',NULL),(904,'User Logged In: CHRISPUS',1,1,0,'2018-05-16 12:04:05',NULL),(905,'User Logged In: Dominic',1,1,0,'2018-05-16 12:14:16',NULL),(906,'User Logged In: LAWRENCE',1,1,0,'2018-05-16 12:18:44',NULL),(907,'User Logged In: Pro-kazi',1,1,0,'2018-05-16 12:24:14',NULL),(908,'User Logged In: COLLINS',1,1,0,'2018-05-16 12:34:30',NULL),(909,'User Logged In: Pauline',1,1,0,'2018-05-16 12:39:50',NULL),(910,'User Logged In: FRANCISCA',1,1,0,'2018-05-16 12:41:47',NULL),(911,'User Logged In: Washington',1,1,0,'2018-05-16 12:42:04',NULL),(912,'User Logged In: FRANCISCA',1,1,0,'2018-05-16 12:42:41',NULL),(913,'User Logged In: FRANCISCA',1,1,0,'2018-05-16 12:43:01',NULL),(914,'User Logged In: Pro-kazi',1,1,0,'2018-05-16 12:51:54',NULL),(915,'User Logged In: STEPHEN',1,1,0,'2018-05-16 12:55:35',NULL),(916,'User Logged In: JOHN',1,1,0,'2018-05-16 13:15:01',NULL),(917,'User Logged In: Washington',1,1,0,'2018-05-16 13:17:39',NULL),(918,'User Logged In: CATHERINE',1,1,0,'2018-05-16 13:37:38',NULL),(919,'User Logged In: JOHN',1,1,0,'2018-05-16 14:11:18',NULL),(920,'User Logged In: PATRICK',1,1,1,'2018-05-16 14:13:27','2018-05-16 14:46:26'),(921,'User Logged In: PATRICK',1,1,1,'2018-05-16 14:13:38','2018-05-16 14:46:26'),(922,'User Logged In: RAYMOND',1,1,1,'2018-05-16 14:14:41','2018-05-16 14:46:26'),(923,'User Logged In: MERCYLINE',1,1,1,'2018-05-16 14:30:29','2018-05-16 14:46:26'),(924,'User Logged In: Pro-kazi',1,1,1,'2018-05-16 14:42:18','2018-05-16 14:46:26'),(925,'User Logged In: Jesinta',1,1,0,'2018-05-17 06:12:48',NULL),(926,'User Logged In: STEPHEN',1,1,0,'2018-05-17 06:20:34',NULL),(927,'User Logged In: GRACE',1,1,0,'2018-05-17 06:40:58',NULL),(928,'User Logged In: COLLINS',1,1,0,'2018-05-17 07:19:34',NULL),(929,'User Logged In: Clifford',1,1,0,'2018-05-17 07:21:03',NULL),(930,'User Logged In: MOSES',1,1,0,'2018-05-17 07:21:21',NULL),(931,'User Logged In: Dominic',1,1,0,'2018-05-17 07:28:45',NULL),(932,'User Logged In: FRANCISCA',1,1,0,'2018-05-17 07:50:48',NULL),(933,'User Logged In: PATRICK',1,1,0,'2018-05-17 07:56:31',NULL),(934,'User Logged In: PATRICK',1,1,0,'2018-05-17 07:57:10',NULL),(935,'User Logged In: Washington',1,1,0,'2018-05-17 08:00:52',NULL),(936,'User Logged In: MARTIN',1,1,0,'2018-05-17 08:10:06',NULL),(937,'User Logged In: FRANCIS',1,1,0,'2018-05-17 08:15:51',NULL),(938,'User Logged In: CATHERINE',1,1,0,'2018-05-17 08:20:15',NULL),(939,'User Logged In: COLLINS',1,1,0,'2018-05-17 08:21:06',NULL),(940,'User Logged In: LAWRENCE',1,1,0,'2018-05-17 08:27:34',NULL),(941,'User Logged In: JOHN',1,1,0,'2018-05-17 08:33:28',NULL),(942,'User Logged In: STEPHEN',1,1,0,'2018-05-17 08:47:59',NULL),(943,'User Logged In: EVANS',1,1,0,'2018-05-17 08:48:21',NULL),(944,'User Logged In: MERCYLINE',1,1,0,'2018-05-17 08:51:15',NULL),(945,'User Logged In: Pro-kazi',1,1,0,'2018-05-17 09:00:14',NULL),(946,'User Logged In: ISAAC',1,1,0,'2018-05-17 09:07:08',NULL),(947,'User Logged In: Pro-kazi',1,1,0,'2018-05-17 09:25:10',NULL),(948,'User Logged In: Jesinta',1,1,0,'2018-05-17 09:32:17',NULL),(949,'User Logged In: Jesinta',1,1,0,'2018-05-17 09:32:33',NULL),(950,'User Logged In: Pauline',1,1,0,'2018-05-17 09:35:33',NULL),(951,'User Logged In: Clifford',1,1,0,'2018-05-17 09:37:55',NULL),(952,'User Logged In: Washington',1,1,0,'2018-05-17 10:27:52',NULL),(953,'User Logged In: Joseph',1,1,0,'2018-05-17 10:30:08',NULL),(954,'User Logged In: COLLINS',1,1,0,'2018-05-17 11:27:36',NULL),(955,'User Logged In: JUSTUS',1,1,0,'2018-05-17 11:33:12',NULL),(956,'User Logged In: CHRISPUS',1,1,0,'2018-05-17 11:36:07',NULL),(957,'User Logged In: Joseph',1,1,0,'2018-05-17 12:38:43',NULL),(958,'User Logged In: FRANCISCA',1,1,0,'2018-05-17 12:44:44',NULL),(959,'User Logged In: PETER',1,1,0,'2018-05-17 12:45:21',NULL),(960,'User Logged In: GULJAN',1,1,0,'2018-05-17 12:56:40',NULL),(961,'User Logged In: GRACE',1,1,0,'2018-05-17 13:09:44',NULL),(962,'User Logged In: Salim',1,1,0,'2018-05-17 13:15:22',NULL),(963,'User Logged In: JOHN',1,1,0,'2018-05-17 13:31:30',NULL),(964,'User Logged In: MAUREEN',1,1,0,'2018-05-17 14:23:14',NULL),(965,'User Logged In: JOHN',1,1,0,'2018-05-17 14:35:33',NULL),(966,'User Logged In: FLORENCE',1,1,0,'2018-05-17 14:42:51',NULL),(967,'User Logged In: MAUREEN',1,1,0,'2018-05-17 14:55:36',NULL),(968,'User Logged In: JOHN',1,1,0,'2018-05-17 15:04:59',NULL),(969,'User Logged In: Dominic',1,1,0,'2018-05-17 15:26:18',NULL),(970,'User Logged In: Clifford',1,1,0,'2018-05-18 04:40:10',NULL),(971,'User Logged In: JOHN',1,1,0,'2018-05-18 04:52:45',NULL),(972,'User Logged In: JOHN',1,1,0,'2018-05-18 05:37:42',NULL),(973,'User Logged In: PATRICK',1,1,0,'2018-05-18 05:38:20',NULL),(974,'User Logged In: PATRICK',1,1,0,'2018-05-18 05:38:38',NULL),(975,'User Logged In: EVANS',1,1,0,'2018-05-18 05:41:17',NULL),(976,'User Logged In: PATRICK',1,1,0,'2018-05-18 05:50:29',NULL),(977,'User Logged In: Jesinta',1,1,0,'2018-05-18 06:10:02',NULL),(978,'User Logged In: Pro-kazi',1,1,0,'2018-05-18 06:13:39',NULL),(979,'User Logged In: Pro-kazi',1,1,0,'2018-05-18 06:23:42',NULL),(980,'User Logged In: FRANCISCA',1,1,0,'2018-05-18 06:46:59',NULL),(981,'User Logged In: Joseph',1,1,0,'2018-05-18 07:13:47',NULL),(982,'User Logged In: FRANCISCA',1,1,0,'2018-05-18 07:14:16',NULL),(983,'User Logged In: Washington',1,1,0,'2018-05-18 07:17:15',NULL),(984,'User Logged In: COLLINS',1,1,0,'2018-05-18 07:18:36',NULL),(985,'User Logged In: Clifford',1,1,0,'2018-05-18 07:32:44',NULL),(986,'User Logged In: LENROD',1,1,0,'2018-05-18 07:36:08',NULL),(987,'User Logged In: FRANCISCA',1,1,0,'2018-05-18 07:44:09',NULL),(988,'User Logged In: GRACE',1,1,0,'2018-05-18 08:02:14',NULL),(989,'User Logged In: PATRICK',1,1,0,'2018-05-18 08:03:25',NULL),(990,'User Logged In: PATRICK',1,1,0,'2018-05-18 08:03:41',NULL),(991,'User Logged In: Pro-kazi',1,1,0,'2018-05-18 08:03:58',NULL),(992,'User Logged In: Pro-kazi',1,1,0,'2018-05-18 08:06:41',NULL),(993,'User Logged In: Pro-kazi',1,1,0,'2018-05-18 08:08:16',NULL),(994,'User Logged In: Pro-kazi',1,1,0,'2018-05-18 08:11:57',NULL),(995,'User Logged In: Pro-kazi',1,1,0,'2018-05-18 08:12:15',NULL),(996,'User Logged In: BILHA AMAGOVE',1,1,0,'2018-05-18 08:27:01',NULL),(997,'User Logged In: BILHA AMAGOVE',1,1,0,'2018-05-18 08:27:41',NULL),(998,'User Logged In: BILHA AMAGOVE',1,1,0,'2018-05-18 08:28:34',NULL),(999,'User Logged In: BILHA AMAGOVE',1,1,0,'2018-05-18 08:31:12',NULL),(1000,'User Logged In: BILHA AMAGOVE',1,1,0,'2018-05-18 08:31:34',NULL),(1001,'User Logged In: JUSTUS',1,1,0,'2018-05-18 08:33:58',NULL),(1002,'User Logged In: BILHA AMAGOVE',1,1,0,'2018-05-18 08:37:18',NULL),(1003,'User Logged In: MERCYLINE',1,1,0,'2018-05-18 08:37:22',NULL),(1004,'User Logged In: MOURINE',1,1,0,'2018-05-18 08:38:01',NULL),(1005,'User Logged In: Pro-kazi',1,1,0,'2018-05-18 08:44:26',NULL),(1006,'User Logged In: BILHA AMAGOVE',1,1,0,'2018-05-18 09:03:40',NULL),(1007,'User Logged In: FRANCISCA',1,1,0,'2018-05-18 09:08:16',NULL),(1008,'User Logged In: JOYLINAH',1,1,0,'2018-05-18 09:29:12',NULL),(1009,'User Logged In: ERIC OLENSI',1,1,0,'2018-05-18 09:29:54',NULL),(1010,'User Logged In: MOUREEN',1,1,0,'2018-05-18 09:37:34',NULL),(1011,'User Logged In: RAYMOND',1,1,0,'2018-05-18 09:43:27',NULL),(1012,'User Logged In: ISAAC',1,1,0,'2018-05-18 10:00:53',NULL),(1013,'User Logged In: PETER',1,1,0,'2018-05-18 10:11:03',NULL),(1014,'User Logged In: FRANCISCA',1,1,0,'2018-05-18 10:28:46',NULL),(1015,'User Logged In: CATHERINE',1,1,0,'2018-05-18 10:53:37',NULL),(1016,'User Logged In: MERCYLINE',1,1,0,'2018-05-18 11:03:22',NULL),(1017,'User Logged In: ISAAC',1,1,0,'2018-05-18 11:22:38',NULL),(1018,'User Logged In: ARSHUR',1,1,0,'2018-05-18 11:23:13',NULL),(1019,'User Logged In: CHRISPUS',1,1,0,'2018-05-18 12:07:49',NULL),(1020,'User Logged In: COLLINS',1,1,0,'2018-05-18 12:56:02',NULL),(1021,'User Logged In: CHRISPUS',1,1,0,'2018-05-18 13:00:24',NULL),(1022,'User Logged In: MARTIN',1,1,0,'2018-05-18 13:09:58',NULL),(1023,'User Logged In: ISAAC',1,1,0,'2018-05-18 13:22:53',NULL),(1024,'User Logged In: GRACE',1,1,0,'2018-05-18 14:14:08',NULL),(1025,'User Logged In: ERIC OLENSI',1,1,0,'2018-05-18 14:28:48',NULL),(1026,'User Logged In: LAWRENCE',1,1,0,'2018-05-18 14:50:51',NULL),(1027,'User Logged In: Joseph',1,1,0,'2018-05-18 14:51:46',NULL),(1028,'User Logged In: STEPHEN',1,1,0,'2018-05-18 15:38:43',NULL),(1029,'User Logged In: EVANS',1,1,0,'2018-05-18 17:38:44',NULL),(1030,'User Logged In: Salim',1,1,0,'2018-05-19 06:12:45',NULL),(1031,'User Logged In: PETER',1,1,0,'2018-05-19 06:13:44',NULL),(1032,'User Logged In: BILHA AMAGOVE',1,1,0,'2018-05-19 06:14:33',NULL),(1033,'User Logged In: Benson',1,1,0,'2018-05-19 06:16:39',NULL),(1034,'User Logged In: LAWRENCE',1,1,0,'2018-05-19 06:40:35',NULL),(1035,'User Logged In: LENROD',1,1,0,'2018-05-19 08:50:16',NULL),(1036,'User Logged In: MERCYLINE',1,1,0,'2018-05-19 08:51:05',NULL),(1037,'User Logged In: LAWRENCE',1,1,0,'2018-05-19 10:03:34',NULL),(1038,'User Logged In: EVANS',1,1,0,'2018-05-19 10:41:07',NULL),(1039,'User Logged In: EVANS',1,1,0,'2018-05-19 10:41:23',NULL),(1040,'User Logged In: Pro-kazi',1,1,0,'2018-05-19 11:10:02',NULL),(1041,'User Logged In: EVANS',1,1,0,'2018-05-19 19:09:43',NULL),(1042,'User Logged In: PETER',1,1,0,'2018-05-21 05:12:03',NULL),(1043,'User Logged In: EVANS',1,1,0,'2018-05-21 05:16:49',NULL),(1044,'User Logged In: LENROD',1,1,0,'2018-05-21 05:28:10',NULL),(1045,'User Logged In: Jesinta',1,1,0,'2018-05-21 05:31:10',NULL),(1046,'User Logged In: MARTIN',1,1,0,'2018-05-21 05:59:28',NULL),(1047,'User Logged In: MOURINE',1,1,0,'2018-05-21 06:18:18',NULL),(1048,'User Logged In: JOHN',1,1,0,'2018-05-21 06:20:22',NULL),(1049,'User Logged In: FRANCISCA',1,1,0,'2018-05-21 06:22:05',NULL),(1050,'User Logged In: GRACE',1,1,0,'2018-05-21 06:23:49',NULL),(1051,'User Logged In: STEPHEN',1,1,0,'2018-05-21 06:25:36',NULL),(1052,'User Logged In: JOHN',1,1,0,'2018-05-21 06:37:22',NULL),(1053,'User Logged In: MERCYLINE',1,1,0,'2018-05-21 06:39:49',NULL),(1054,'User Logged In: Washington',1,1,0,'2018-05-21 07:48:27',NULL),(1055,'User Logged In: PATRICK',1,1,0,'2018-05-21 07:56:53',NULL),(1056,'User Logged In: PATRICK',1,1,0,'2018-05-21 07:58:41',NULL),(1057,'User Logged In: CHRISPUS',1,1,0,'2018-05-21 08:10:13',NULL),(1058,'User Logged In: PATRICK',1,1,0,'2018-05-21 08:14:58',NULL),(1059,'User Logged In: ISAAC',1,1,0,'2018-05-21 08:17:47',NULL),(1060,'User Logged In: JUSTUS',1,1,0,'2018-05-21 08:22:15',NULL),(1061,'User Logged In: MERCYLINE',1,1,0,'2018-05-21 08:53:10',NULL),(1062,'User Logged In: FRANCISCA',1,1,0,'2018-05-21 09:08:34',NULL),(1063,'User Logged In: LENROD',1,1,0,'2018-05-21 09:24:17',NULL),(1064,'User Logged In: RAYMOND',1,1,0,'2018-05-21 09:36:04',NULL),(1065,'User Logged In: PATRICK',1,1,0,'2018-05-21 09:50:01',NULL),(1066,'User Logged In: Pro-kazi',1,1,0,'2018-05-21 09:55:17',NULL),(1067,'User Logged In: FRANCIS',1,1,0,'2018-05-21 10:20:44',NULL),(1068,'User Logged In: MARTIN',1,1,0,'2018-05-21 10:38:01',NULL),(1069,'User Logged In: CHRISPUS',1,1,0,'2018-05-21 11:47:58',NULL),(1070,'User Logged In: Pro-kazi',1,1,0,'2018-05-21 11:54:27',NULL),(1071,'User Logged In: MERCYLINE',1,1,0,'2018-05-21 11:59:33',NULL),(1072,'User Logged In: ISAAC',1,1,0,'2018-05-21 13:08:10',NULL),(1073,'User Logged In: RAYMOND',1,1,0,'2018-05-21 14:09:36',NULL),(1074,'User Logged In: GRACE',1,1,0,'2018-05-21 14:26:05',NULL),(1075,'User Logged In: BILHA AMAGOVE',1,1,0,'2018-05-21 14:45:26',NULL),(1076,'User Logged In: LENROD',1,1,0,'2018-05-22 05:05:11',NULL),(1077,'User Logged In: PATRICK',1,1,0,'2018-05-22 05:06:48',NULL),(1078,'User Logged In: PATRICK',1,1,0,'2018-05-22 05:07:06',NULL),(1079,'User Logged In: FRANCISCA',1,1,0,'2018-05-22 05:50:27',NULL),(1080,'User Logged In: ISAAC',1,1,0,'2018-05-22 06:07:08',NULL),(1081,'User Logged In: PETER',1,1,0,'2018-05-22 06:15:25',NULL),(1082,'User Logged In: EVANS',1,1,0,'2018-05-22 06:30:03',NULL),(1083,'User Logged In: Benson',1,1,0,'2018-05-22 06:35:33',NULL),(1084,'User Logged In: ERIC OLENSI',1,1,0,'2018-05-22 06:50:20',NULL),(1085,'User Logged In: CHRISPUS',1,1,0,'2018-05-22 06:50:21',NULL),(1086,'User Logged In: Joseph',1,1,0,'2018-05-22 06:53:46',NULL),(1087,'User Logged In: Pro-kazi',1,1,0,'2018-05-22 06:54:14',NULL),(1088,'User Logged In: Washington',1,1,0,'2018-05-22 06:55:23',NULL),(1089,'User Logged In: MOSES',1,1,0,'2018-05-22 06:55:57',NULL),(1090,'User Logged In: Salim',1,1,0,'2018-05-22 06:56:03',NULL),(1091,'User Logged In: Phides',1,1,0,'2018-05-22 06:56:56',NULL),(1092,'User Logged In: LAWRENCE',1,1,0,'2018-05-22 06:57:03',NULL),(1093,'User Logged In: Pro-kazi',1,1,0,'2018-05-22 06:57:38',NULL),(1094,'User Logged In: Phides',1,1,0,'2018-05-22 06:59:44',NULL),(1095,'User Logged In: Phides',1,1,0,'2018-05-22 07:00:19',NULL),(1096,'User Logged In: JOHN',1,1,0,'2018-05-22 07:01:31',NULL),(1097,'User Logged In: Pro-kazi',1,1,0,'2018-05-22 07:02:41',NULL),(1098,'User Logged In: Pro-kazi',1,1,0,'2018-05-22 07:04:36',NULL),(1099,'User Logged In: Pro-kazi',1,1,0,'2018-05-22 07:04:46',NULL),(1100,'User Logged In: Dominic',1,1,0,'2018-05-22 07:07:29',NULL),(1101,'User Logged In: Dominic',1,1,0,'2018-05-22 07:08:54',NULL),(1102,'User Logged In: Dominic',1,1,0,'2018-05-22 07:08:57',NULL),(1103,'User Logged In: Phides',1,1,0,'2018-05-22 07:15:01',NULL),(1104,'User Logged In: MERCYLINE',1,1,0,'2018-05-22 07:22:53',NULL),(1105,'User Logged In: Washington',1,1,0,'2018-05-22 07:23:51',NULL),(1106,'User Logged In: Dominic',1,1,0,'2018-05-22 07:24:22',NULL),(1107,'User Logged In: GRACE',1,1,0,'2018-05-22 07:29:19',NULL),(1108,'User Logged In: LENROD',1,1,0,'2018-05-22 07:49:53',NULL),(1109,'User Logged In: MARTIN',1,1,0,'2018-05-22 08:27:07',NULL),(1110,'User Logged In: FRANCIS',1,1,0,'2018-05-22 08:33:24',NULL),(1111,'User Logged In: Jesinta',1,1,0,'2018-05-22 08:58:56',NULL),(1112,'User Logged In: BILHA AMAGOVE',1,1,0,'2018-05-22 09:03:36',NULL),(1113,'User Logged In: JOYLINAH',1,1,0,'2018-05-22 10:11:40',NULL),(1114,'User Logged In: Clifford',1,1,0,'2018-05-22 10:16:39',NULL),(1115,'User Logged In: CATHERINE',1,1,0,'2018-05-22 10:17:03',NULL),(1116,'User Logged In: Pauline',1,1,0,'2018-05-22 10:22:09',NULL),(1117,'User Logged In: STEPHEN',1,1,0,'2018-05-22 10:23:44',NULL),(1118,'User Logged In: CATHERINE',1,1,0,'2018-05-22 10:48:58',NULL),(1119,'User Logged In: MERCYLINE',1,1,0,'2018-05-22 11:07:29',NULL),(1120,'User Logged In: ISAAC',1,1,0,'2018-05-22 11:09:03',NULL),(1121,'User Logged In: CHRISPUS',1,1,0,'2018-05-22 11:17:26',NULL),(1122,'User Logged In: FRANCIS',1,1,0,'2018-05-22 11:44:40',NULL),(1123,'User Logged In: GRACE',1,1,0,'2018-05-22 12:05:04',NULL),(1124,'User Logged In: RAYMOND',1,1,0,'2018-05-22 12:14:29',NULL),(1125,'User Logged In: STEPHEN',1,1,0,'2018-05-22 12:45:40',NULL),(1126,'User Logged In: CATHERINE',1,1,0,'2018-05-22 12:49:27',NULL),(1127,'User Logged In: Clifford',1,1,0,'2018-05-22 12:58:02',NULL),(1128,'User Logged In: Jesinta',1,1,0,'2018-05-22 13:17:17',NULL),(1129,'User Logged In: ALOICE',1,1,0,'2018-05-22 13:28:16',NULL),(1130,'User Logged In: MOUREEN',1,1,0,'2018-05-22 13:56:33',NULL),(1131,'User Logged In: Pro-kazi',1,1,0,'2018-05-22 14:03:52',NULL),(1132,'User Logged In: BILHA AMAGOVE',1,1,0,'2018-05-22 14:09:15',NULL),(1133,'User Logged In: CATHERINE',1,1,0,'2018-05-23 04:00:27',NULL),(1134,'User Logged In: MOUREEN',1,1,0,'2018-05-23 05:30:10',NULL),(1135,'User Logged In: Jesinta',1,1,0,'2018-05-23 05:34:18',NULL),(1136,'User Logged In: JOHN',1,1,0,'2018-05-23 06:25:29',NULL),(1137,'User Logged In: Benson',1,1,0,'2018-05-23 06:58:17',NULL),(1138,'User Logged In: CHRISPUS',1,1,0,'2018-05-23 07:03:15',NULL),(1139,'User Logged In: RAYMOND',1,1,0,'2018-05-23 07:39:40',NULL),(1140,'User Logged In: FRANCIS',1,1,0,'2018-05-23 07:55:56',NULL),(1141,'User Logged In: ERICKSON',1,1,0,'2018-05-23 08:21:11',NULL),(1142,'User Logged In: JOHN',1,1,0,'2018-05-23 08:22:03',NULL),(1143,'User Logged In: MOSES',1,1,0,'2018-05-23 08:25:39',NULL),(1144,'User Logged In: ERICKSON',1,1,0,'2018-05-23 08:25:57',NULL),(1145,'User Logged In: CATHERINE',1,1,0,'2018-05-23 08:30:07',NULL),(1146,'User Logged In: JUSTUS',1,1,0,'2018-05-23 08:35:02',NULL),(1147,'User Logged In: Pauline',1,1,0,'2018-05-23 08:46:13',NULL),(1148,'User Logged In: CATHERINE',1,1,0,'2018-05-23 08:48:58',NULL),(1149,'User Logged In: GRACE',1,1,0,'2018-05-23 08:53:31',NULL),(1150,'User Logged In: ISAAC',1,1,0,'2018-05-23 08:54:05',NULL),(1151,'User Logged In: Pro-kazi',1,1,0,'2018-05-23 09:14:32',NULL),(1152,'User Logged In: FRANCISCA',1,1,0,'2018-05-23 09:23:20',NULL),(1153,'User Logged In: Joseph',1,1,0,'2018-05-23 09:28:57',NULL),(1154,'User Logged In: MERCYLINE',1,1,0,'2018-05-23 09:30:58',NULL),(1155,'User Logged In: LAWRENCE',1,1,0,'2018-05-23 09:40:48',NULL),(1156,'User Logged In: Clifford',1,1,0,'2018-05-23 09:45:48',NULL),(1157,'User Logged In: MOURINE',1,1,0,'2018-05-23 09:48:26',NULL),(1158,'User Logged In: Salim',1,1,0,'2018-05-23 10:36:25',NULL),(1159,'User Logged In: RAYMOND',1,1,0,'2018-05-23 11:11:09',NULL),(1160,'User Logged In: CHRISPUS',1,1,0,'2018-05-23 11:21:03',NULL),(1161,'User Logged In: JUSTUS',1,1,0,'2018-05-23 11:23:23',NULL),(1162,'User Logged In: STEPHEN',1,1,0,'2018-05-23 12:06:47',NULL),(1163,'User Logged In: FRANCISCA',1,1,0,'2018-05-23 12:09:16',NULL),(1164,'User Logged In: MERCYLINE',1,1,0,'2018-05-23 13:04:06',NULL),(1165,'User Logged In: CATHERINE',1,1,0,'2018-05-23 13:04:25',NULL),(1166,'User Logged In: Washington',1,1,0,'2018-05-23 13:12:34',NULL),(1167,'User Logged In: Pro-kazi',1,1,0,'2018-05-23 13:12:41',NULL),(1168,'User Logged In: MARTIN',1,1,0,'2018-05-23 14:07:55',NULL),(1169,'User Logged In: BILHA AMAGOVE',1,1,0,'2018-05-23 14:12:14',NULL),(1170,'User Logged In: Joseph',1,1,0,'2018-05-23 14:23:07',NULL),(1171,'User Logged In: GRACE',1,1,0,'2018-05-23 14:23:38',NULL),(1172,'User Logged In: STEPHEN',1,1,0,'2018-05-23 14:54:46',NULL),(1173,'User Logged In: GULJAN',1,1,0,'2018-05-23 17:16:57',NULL),(1174,'User Logged In: JUSTUS',1,1,0,'2018-05-24 04:15:48',NULL),(1175,'User Logged In: STEPHEN',1,1,0,'2018-05-24 05:11:17',NULL),(1176,'User Logged In: JOHN',1,1,0,'2018-05-24 05:35:07',NULL),(1177,'User Logged In: Jesinta',1,1,0,'2018-05-24 05:37:58',NULL),(1178,'User Logged In: MERCYLINE',1,1,0,'2018-05-24 06:21:24',NULL),(1179,'User Logged In: ISAAC',1,1,0,'2018-05-24 06:24:11',NULL),(1180,'User Logged In: MERCYLINE',1,1,0,'2018-05-24 06:25:19',NULL),(1181,'User Logged In: MAUREEN',1,1,0,'2018-05-24 06:31:44',NULL),(1182,'User Logged In: Benson',1,1,0,'2018-05-24 06:32:39',NULL),(1183,'User Logged In: EVANS',1,1,0,'2018-05-24 06:37:40',NULL),(1184,'User Logged In: Pro-kazi',1,1,0,'2018-05-24 07:38:59',NULL),(1185,'User Logged In: JOYLINAH',1,1,0,'2018-05-24 07:50:35',NULL),(1186,'User Logged In: JOYLINAH',1,1,0,'2018-05-24 11:22:50',NULL),(1187,'User Logged In: JUSTUS',1,1,0,'2018-05-24 11:26:55',NULL),(1188,'User Logged In: GRACE',1,1,0,'2018-05-24 11:33:39',NULL),(1189,'User Logged In: PATRICK',1,1,0,'2018-05-24 12:45:07',NULL),(1190,'User Logged In: PATRICK',1,1,0,'2018-05-24 12:45:15',NULL),(1191,'User Logged In: Pro-kazi',1,1,0,'2018-05-24 13:29:50',NULL),(1192,'User Logged In: STEPHEN',1,1,0,'2018-05-24 13:33:15',NULL),(1193,'User Logged In: Phides',1,1,0,'2018-05-24 13:47:09',NULL),(1194,'User Logged In: RAYMOND',1,1,0,'2018-05-24 13:48:16',NULL),(1195,'User Logged In: FRANCISCA',1,1,0,'2018-05-24 13:48:38',NULL),(1196,'User Logged In: RAYMOND',1,1,0,'2018-05-24 19:37:22',NULL),(1197,'User Logged In: JUSTUS',1,1,0,'2018-05-25 04:59:20',NULL),(1198,'User Logged In: JOHN',1,1,0,'2018-05-25 05:11:18',NULL),(1199,'User Logged In: MOUREEN',1,1,0,'2018-05-25 05:19:19',NULL),(1200,'User Logged In: Jesinta',1,1,0,'2018-05-25 05:53:59',NULL),(1201,'User Logged In: ISAAC',1,1,0,'2018-05-25 06:35:28',NULL),(1202,'User Logged In: Pro-kazi',1,1,0,'2018-05-25 06:49:02',NULL),(1203,'User Logged In: Benson',1,1,0,'2018-05-25 06:49:32',NULL),(1204,'User Logged In: CATHERINE',1,1,0,'2018-05-25 08:51:34',NULL),(1205,'User Logged In: FRANCISCA',1,1,0,'2018-05-25 08:52:16',NULL),(1206,'User Logged In: JOHN',1,1,0,'2018-05-25 09:03:31',NULL),(1207,'User Logged In: JUSTUS',1,1,0,'2018-05-25 09:21:33',NULL),(1208,'User Logged In: ISAAC',1,1,0,'2018-05-25 10:07:01',NULL),(1209,'User Logged In: RAYMOND',1,1,0,'2018-05-25 10:09:21',NULL),(1210,'User Logged In: ISAAC',1,1,0,'2018-05-25 10:11:08',NULL),(1211,'User Logged In: STEPHEN',1,1,0,'2018-05-25 11:18:16',NULL),(1212,'User Logged In: EVANS',1,1,0,'2018-05-25 11:25:28',NULL),(1213,'User Logged In: SILVESTER',1,1,0,'2018-05-25 11:38:14',NULL),(1214,'User Logged In: MARTIN',1,1,0,'2018-05-25 12:14:52',NULL),(1215,'User Logged In: JOHN',1,1,0,'2018-05-25 12:44:26',NULL),(1216,'User Logged In: Pauline',1,1,0,'2018-05-25 12:45:09',NULL),(1217,'User Logged In: FRANCISCA',1,1,0,'2018-05-25 13:01:41',NULL),(1218,'User Logged In: BILHA AMAGOVE',1,1,0,'2018-05-25 13:21:04',NULL),(1219,'User Logged In: Jesinta',1,1,0,'2018-05-25 13:30:47',NULL),(1220,'User Logged In: MOURINE',1,1,0,'2018-05-25 13:35:02',NULL),(1221,'User Logged In: Washington',1,1,0,'2018-05-25 14:27:21',NULL),(1222,'User Logged In: ISAAC',1,1,0,'2018-05-25 16:22:16',NULL),(1223,'User Logged In: STEPHEN',1,1,0,'2018-05-25 17:08:08',NULL),(1224,'User Logged In: LENROD',1,1,0,'2018-05-26 06:30:03',NULL),(1225,'User Logged In: ISAAC',1,1,0,'2018-05-26 06:35:02',NULL),(1226,'User Logged In: ISAAC',1,1,0,'2018-05-26 06:37:46',NULL),(1227,'User Logged In: MOURINE',1,1,0,'2018-05-26 06:49:42',NULL),(1228,'User Logged In: MARTIN',1,1,0,'2018-05-26 08:08:37',NULL),(1229,'User Logged In: RAYMOND',1,1,0,'2018-05-26 10:34:13',NULL),(1230,'User Logged In: ISAAC',1,1,0,'2018-05-26 11:39:11',NULL),(1231,'User Logged In: LAWRENCE',1,1,0,'2018-05-26 13:28:11',NULL),(1232,'User Logged In: STEPHEN',1,1,0,'2018-05-27 11:55:44',NULL),(1233,'User Logged In: MOSES',1,1,0,'2018-05-28 05:21:53',NULL),(1234,'User Logged In: Jesinta',1,1,0,'2018-05-28 05:24:15',NULL),(1235,'User Logged In: JUSTUS',1,1,0,'2018-05-28 05:26:08',NULL),(1236,'User Logged In: ERIC',1,1,0,'2018-05-28 05:35:31',NULL),(1237,'User Logged In: RAYMOND',1,1,0,'2018-05-28 05:37:43',NULL),(1238,'User Logged In: EVANS',1,1,0,'2018-05-28 05:51:39',NULL),(1239,'User Logged In: PETER',1,1,0,'2018-05-28 06:02:07',NULL),(1240,'User Logged In: MOURINE',1,1,0,'2018-05-28 06:37:36',NULL),(1241,'User Logged In: CHRISPUS',1,1,0,'2018-05-28 06:45:13',NULL),(1242,'User Logged In: JOYLINAH',1,1,0,'2018-05-28 06:50:30',NULL),(1243,'User Logged In: STEPHEN',1,1,0,'2018-05-28 06:55:41',NULL),(1244,'User Logged In: WASHINGTON',1,1,0,'2018-05-28 07:48:56',NULL),(1245,'User Logged In: LENROD',1,1,0,'2018-05-28 07:53:33',NULL),(1246,'User Logged In: RAYMOND',1,1,0,'2018-05-28 08:02:04',NULL),(1247,'User Logged In: Dominic',1,1,0,'2018-05-28 08:28:44',NULL),(1248,'User Logged In: MOUREEN',1,1,0,'2018-05-28 09:20:56',NULL),(1249,'User Logged In: Salim',1,1,0,'2018-05-28 09:26:46',NULL),(1250,'User Logged In: CATHERINE',1,1,0,'2018-05-28 11:02:31',NULL),(1251,'User Logged In: BILHA AMAGOVE',1,1,0,'2018-05-28 11:16:43',NULL),(1252,'User Logged In: Phides',1,1,0,'2018-05-28 14:22:29',NULL),(1253,'User Logged In: FRANCIS',1,1,0,'2018-05-28 14:51:58',NULL),(1254,'User Logged In: FRANCISCA',1,1,0,'2018-05-28 15:43:57',NULL),(1255,'User Logged In: JOHN',1,1,0,'2018-05-29 03:57:04',NULL),(1256,'User Logged In: JUSTUS',1,1,0,'2018-05-29 05:00:40',NULL),(1257,'User Logged In: Benson',1,1,0,'2018-05-29 05:21:36',NULL),(1258,'User Logged In: MOSES',1,1,0,'2018-05-29 05:30:00',NULL),(1259,'User Logged In: CHRISPUS',1,1,0,'2018-05-29 05:35:43',NULL),(1260,'User Logged In: ISAAC',1,1,0,'2018-05-29 05:48:56',NULL),(1261,'User Logged In: PETER',1,1,0,'2018-05-29 05:49:27',NULL),(1262,'User Logged In: FRANCISCA',1,1,0,'2018-05-29 05:52:24',NULL),(1263,'User Logged In: Jesinta',1,1,0,'2018-05-29 06:01:50',NULL),(1264,'User Logged In: MERCYLINE',1,1,0,'2018-05-29 06:05:18',NULL),(1265,'User Logged In: LENROD',1,1,0,'2018-05-29 06:07:59',NULL),(1266,'User Logged In: EVANS',1,1,0,'2018-05-29 06:34:27',NULL),(1267,'User Logged In: STEPHEN',1,1,0,'2018-05-29 07:13:13',NULL),(1268,'User Logged In: ERIC OLENSI',1,1,0,'2018-05-29 07:26:48',NULL),(1269,'User Logged In: JUSTUS',1,1,0,'2018-05-29 07:37:44',NULL),(1270,'User Logged In: Joseph',1,1,0,'2018-05-29 07:39:17',NULL),(1271,'User Logged In: Pauline',1,1,0,'2018-05-29 08:16:07',NULL),(1272,'User Logged In: JOHN',1,1,0,'2018-05-29 08:19:23',NULL),(1273,'User Logged In: PETER',1,1,0,'2018-05-29 08:49:01',NULL),(1274,'User Logged In: Washington',1,1,0,'2018-05-29 09:02:46',NULL),(1275,'User Logged In: EVANS',1,1,0,'2018-05-29 09:23:22',NULL),(1276,'User Logged In: MERCYLINE',1,1,0,'2018-05-29 09:32:45',NULL),(1277,'User Logged In: PETER',1,1,0,'2018-05-29 09:34:28',NULL),(1278,'User Logged In: RAYMOND',1,1,0,'2018-05-29 09:51:40',NULL),(1279,'User Logged In: ISAAC',1,1,0,'2018-05-29 11:21:32',NULL),(1280,'User Logged In: FRANCISCA',1,1,0,'2018-05-29 12:05:46',NULL),(1281,'User Logged In: MOURINE',1,1,0,'2018-05-29 12:06:25',NULL),(1282,'User Logged In: Jesinta',1,1,0,'2018-05-29 12:07:45',NULL),(1283,'User Logged In: CHRISPUS',1,1,0,'2018-05-29 12:13:19',NULL),(1284,'User Logged In: Benson',1,1,0,'2018-05-29 12:40:52',NULL),(1285,'User Logged In: Joseph',1,1,0,'2018-05-29 12:50:45',NULL),(1286,'User Logged In: GRACE',1,1,0,'2018-05-29 13:22:35',NULL),(1287,'User Logged In: Phides',1,1,0,'2018-05-29 13:47:02',NULL),(1288,'User Logged In: KENNEDY',1,1,0,'2018-05-29 13:58:51',NULL),(1289,'User Logged In: PATRICK',1,1,0,'2018-05-29 13:59:13',NULL),(1290,'User Logged In: PATRICK',1,1,0,'2018-05-29 13:59:20',NULL),(1291,'User Logged In: KENNEDY',1,1,0,'2018-05-29 13:59:32',NULL),(1292,'User Logged In: KENNEDY',1,1,0,'2018-05-29 14:01:01',NULL),(1293,'User Logged In: KENNEDY',1,1,0,'2018-05-29 14:04:13',NULL),(1294,'User Logged In: RAYMOND',1,1,0,'2018-05-29 14:08:45',NULL),(1295,'User Logged In: BILHA AMAGOVE',1,1,0,'2018-05-29 14:12:10',NULL),(1296,'User Logged In: LEONARD',1,1,0,'2018-05-29 17:35:52',NULL),(1297,'User Logged In: Phides',1,1,0,'2018-05-30 02:17:54',NULL),(1298,'User Logged In: Jesinta',1,1,0,'2018-05-30 05:36:57',NULL),(1299,'User Logged In: JOHN',1,1,0,'2018-05-30 06:58:33',NULL),(1300,'User Logged In: RAYMOND',1,1,0,'2018-05-30 09:00:50',NULL),(1301,'User Logged In: JUSTUS',1,1,0,'2018-05-30 09:16:29',NULL),(1302,'User Logged In: ISAAC',1,1,0,'2018-05-30 09:23:47',NULL),(1303,'User Logged In: CHRISPUS',1,1,0,'2018-05-30 09:35:28',NULL),(1304,'User Logged In: WASHINGTON',1,1,0,'2018-05-30 10:00:29',NULL),(1305,'User Logged In: CATHERINE',1,1,0,'2018-05-30 10:44:05',NULL),(1306,'User Logged In: JOYLINAH',1,1,0,'2018-05-30 11:32:15',NULL),(1307,'User Logged In: FRANCISCA',1,1,0,'2018-05-30 11:51:59',NULL),(1308,'User Logged In: FRANCISCA',1,1,0,'2018-05-30 12:59:13',NULL),(1309,'User Logged In: PATRICK',1,1,0,'2018-05-30 13:24:24',NULL),(1310,'User Logged In: PATRICK',1,1,0,'2018-05-30 13:24:34',NULL),(1311,'User Logged In: GRACE',1,1,0,'2018-05-30 13:40:55',NULL),(1312,'User Logged In: Jesinta',1,1,0,'2018-05-30 13:42:25',NULL),(1313,'User Logged In: LAWRENCE',1,1,0,'2018-05-30 14:12:41',NULL),(1314,'User Logged In: MARTIN',1,1,0,'2018-05-30 14:59:05',NULL),(1315,'User Logged In: Clifford',1,1,0,'2018-05-31 04:56:46',NULL),(1316,'User Logged In: LENROD',1,1,0,'2018-05-31 05:55:09',NULL),(1317,'User Logged In: FRANCISCA',1,1,0,'2018-05-31 06:12:51',NULL),(1318,'User Logged In: FRANCIS',1,1,0,'2018-05-31 06:20:47',NULL),(1319,'User Logged In: RAYMOND',1,1,0,'2018-05-31 06:23:42',NULL),(1320,'User Logged In: JOHN',1,1,0,'2018-05-31 06:46:23',NULL),(1321,'User Logged In: Jesinta',1,1,0,'2018-05-31 07:06:19',NULL),(1322,'User Logged In: Dominic',1,1,0,'2018-05-31 07:19:52',NULL),(1323,'User Logged In: JOYLINAH',1,1,0,'2018-05-31 08:01:03',NULL),(1324,'User Logged In: Clifford',1,1,0,'2018-05-31 08:02:05',NULL),(1325,'User Logged In: Phides',1,1,0,'2018-05-31 08:05:04',NULL),(1326,'User Logged In: JOHN',1,1,0,'2018-05-31 08:29:52',NULL),(1327,'User Logged In: CATHERINE',1,1,0,'2018-05-31 08:55:10',NULL),(1328,'User Logged In: Jesinta',1,1,0,'2018-05-31 09:45:29',NULL),(1329,'User Logged In: FRANCISCA',1,1,0,'2018-05-31 10:41:31',NULL),(1330,'User Logged In: WASHINGTON',1,1,0,'2018-05-31 12:21:57',NULL),(1331,'User Logged In: ISAAC',1,1,0,'2018-05-31 13:17:26',NULL),(1332,'User Logged In: ISAAC',1,1,0,'2018-05-31 13:23:43',NULL),(1333,'User Logged In: KENNEDY',1,1,0,'2018-05-31 13:26:31',NULL),(1334,'User Logged In: STEPHEN',1,1,0,'2018-05-31 13:27:58',NULL),(1335,'User Logged In: BILHA AMAGOVE',1,1,0,'2018-05-31 14:15:43',NULL),(1336,'User Logged In: Benson',1,1,0,'2018-06-01 05:13:07',NULL),(1337,'User Logged In: RAYMOND',1,1,0,'2018-06-01 12:02:57',NULL),(1338,'User Logged In: WASHINGTON',1,1,0,'2018-06-01 19:09:34',NULL),(1339,'User Logged In: RAYMOND',1,1,0,'2018-06-01 19:25:25',NULL),(1340,'User Logged In: CATHERINE',1,1,0,'2018-06-02 04:37:54',NULL),(1341,'User Logged In: PETER',1,1,0,'2018-06-02 05:26:46',NULL),(1342,'User Logged In: RAYMOND',1,1,0,'2018-06-02 06:06:52',NULL),(1343,'User Logged In: Clifford',1,1,0,'2018-06-02 06:48:39',NULL),(1344,'User Logged In: LAWRENCE',1,1,0,'2018-06-02 07:02:17',NULL),(1345,'User Logged In: STEPHEN',1,1,0,'2018-06-02 07:14:32',NULL),(1346,'User Logged In: ISAAC',1,1,0,'2018-06-02 07:15:15',NULL),(1347,'User Logged In: JOHN',1,1,0,'2018-06-02 07:17:29',NULL),(1348,'User Logged In: STEPHEN',1,1,0,'2018-06-02 07:19:25',NULL),(1349,'User Logged In: STEPHEN',1,1,0,'2018-06-02 07:19:30',NULL),(1350,'User Logged In: JOHN',1,1,0,'2018-06-02 07:20:42',NULL),(1351,'User Logged In: George',1,1,0,'2018-06-02 07:23:37',NULL),(1352,'User Logged In: Jesinta',1,1,0,'2018-06-02 07:23:57',NULL),(1353,'User Logged In: George',1,1,0,'2018-06-02 07:24:26',NULL),(1354,'User Logged In: CHRISPUS',1,1,0,'2018-06-02 08:19:45',NULL),(1355,'User Logged In: ISAAC',1,1,0,'2018-06-02 09:12:42',NULL),(1356,'User Logged In: FRANCIS',1,1,0,'2018-06-02 14:14:44',NULL),(1357,'User Logged In: RAYMOND',1,1,0,'2018-06-03 14:07:16',NULL),(1358,'User Logged In: JUSTUS',1,1,0,'2018-06-04 04:37:18',NULL),(1359,'User Logged In: EVANS',1,1,0,'2018-06-04 05:55:52',NULL),(1360,'User Logged In: CHRISPUS',1,1,0,'2018-06-04 06:00:56',NULL),(1361,'User Logged In: Jesinta',1,1,0,'2018-06-04 06:04:38',NULL),(1362,'User Logged In: MOSES',1,1,0,'2018-06-04 06:48:30',NULL),(1363,'User Logged In: JUSTUS',1,1,0,'2018-06-04 07:55:21',NULL),(1364,'User Logged In: ERIC',1,1,0,'2018-06-04 07:58:43',NULL),(1365,'User Logged In: ISAAC',1,1,0,'2018-06-04 07:59:09',NULL),(1366,'User Logged In: RAYMOND',1,1,0,'2018-06-04 08:14:31',NULL),(1367,'User Logged In: PETER',1,1,0,'2018-06-04 08:16:17',NULL),(1368,'User Logged In: Jesinta',1,1,0,'2018-06-04 09:29:35',NULL),(1369,'User Logged In: MOUREEN',1,1,0,'2018-06-04 10:14:37',NULL),(1370,'User Logged In: SILVESTER',1,1,0,'2018-06-04 12:33:51',NULL),(1371,'User Logged In: Jesinta',1,1,0,'2018-06-04 12:42:03',NULL),(1372,'User Logged In: RAYMOND',1,1,0,'2018-06-04 13:37:11',NULL),(1373,'User Logged In: STEPHEN',1,1,0,'2018-06-05 05:01:46',NULL),(1374,'User Logged In: PETER',1,1,0,'2018-06-05 05:48:33',NULL),(1375,'User Logged In: LENROD',1,1,0,'2018-06-05 05:49:55',NULL),(1376,'User Logged In: MOUREEN',1,1,0,'2018-06-05 05:51:03',NULL),(1377,'User Logged In: GRACE',1,1,0,'2018-06-05 06:14:46',NULL),(1378,'User Logged In: Jesinta',1,1,0,'2018-06-05 06:14:48',NULL),(1379,'User Logged In: RAYMOND',1,1,0,'2018-06-05 06:22:36',NULL),(1380,'User Logged In: JUSTUS',1,1,0,'2018-06-05 06:23:05',NULL),(1381,'User Logged In: WASHINGTON',1,1,0,'2018-06-05 06:25:16',NULL),(1382,'User Logged In: CATHERINE',1,1,0,'2018-06-05 06:36:14',NULL),(1383,'User Logged In: Jesinta',1,1,0,'2018-06-05 08:22:40',NULL),(1384,'User Logged In: PATRICK',1,1,0,'2018-06-05 08:34:43',NULL),(1385,'User Logged In: PATRICK',1,1,0,'2018-06-05 08:35:02',NULL),(1386,'User Logged In: CATHERINE',1,1,0,'2018-06-05 08:51:32',NULL),(1387,'User Logged In: STEPHEN',1,1,0,'2018-06-05 08:56:20',NULL),(1388,'User Logged In: CATHERINE',1,1,0,'2018-06-05 08:58:53',NULL),(1389,'User Logged In: JUSTUS',1,1,0,'2018-06-05 09:40:20',NULL),(1390,'User Logged In: CHRISPUS',1,1,0,'2018-06-05 09:44:36',NULL),(1391,'User Logged In: Joseph',1,1,0,'2018-06-05 10:15:42',NULL),(1392,'User Logged In: ERIC OLENSI',1,1,0,'2018-06-05 10:38:36',NULL),(1393,'User Logged In: COLLINS',1,1,0,'2018-06-05 11:05:45',NULL),(1394,'User Logged In: STEPHEN',1,1,0,'2018-06-05 11:29:56',NULL),(1395,'User Logged In: RAYMOND',1,1,0,'2018-06-05 11:30:15',NULL),(1396,'User Logged In: Jesinta',1,1,0,'2018-06-05 11:31:35',NULL),(1397,'User Logged In: MERCYLINE',1,1,0,'2018-06-05 11:37:56',NULL),(1398,'User Logged In: ISAAC',1,1,0,'2018-06-05 12:03:23',NULL),(1399,'User Logged In: Salim',1,1,0,'2018-06-05 13:18:24',NULL),(1400,'User Logged In: GRACE',1,1,0,'2018-06-05 15:05:40',NULL),(1401,'User Logged In: CHRISPUS',1,1,0,'2018-06-06 05:38:10',NULL),(1402,'User Logged In: Jesinta',1,1,0,'2018-06-06 07:12:19',NULL),(1403,'User Logged In: PETER',1,1,0,'2018-06-06 08:03:18',NULL),(1404,'User Logged In: COLLINS',1,1,0,'2018-06-06 08:06:10',NULL),(1405,'User Logged In: CHRISPUS',1,1,0,'2018-06-06 08:51:41',NULL),(1406,'User Logged In: ERIC OLENSI',1,1,0,'2018-06-06 08:55:14',NULL),(1407,'User Logged In: MOUREEN',1,1,0,'2018-06-06 09:13:29',NULL),(1408,'User Logged In: STEPHEN',1,1,0,'2018-06-06 10:06:33',NULL),(1409,'User Logged In: MERCYLINE',1,1,0,'2018-06-06 11:02:12',NULL),(1410,'User Logged In: PATRICK',1,1,0,'2018-06-06 11:49:00',NULL),(1411,'User Logged In: PATRICK',1,1,0,'2018-06-06 11:49:09',NULL),(1412,'User Logged In: CATHERINE',1,1,0,'2018-06-06 12:42:13',NULL),(1413,'User Logged In: MERCYLINE',1,1,0,'2018-06-06 13:44:55',NULL),(1414,'User Logged In: Jesinta',1,1,0,'2018-06-06 14:13:58',NULL),(1415,'User Logged In: ERIC OLENSI',1,1,0,'2018-06-06 15:26:28',NULL),(1416,'User Logged In: JUSTUS',1,1,0,'2018-06-07 04:27:52',NULL),(1417,'User Logged In: STEPHEN',1,1,0,'2018-06-07 05:04:31',NULL),(1418,'User Logged In: FRANCIS',1,1,0,'2018-06-07 05:14:28',NULL),(1419,'User Logged In: Jesinta',1,1,0,'2018-06-07 05:26:15',NULL),(1420,'User Logged In: PATRICK',1,1,0,'2018-06-07 05:54:42',NULL),(1421,'User Logged In: PATRICK',1,1,0,'2018-06-07 06:11:32',NULL),(1422,'User Logged In: CATHERINE',1,1,0,'2018-06-07 06:49:46',NULL),(1423,'User Logged In: COLLINS',1,1,0,'2018-06-07 06:51:27',NULL),(1424,'User Logged In: ISAAC',1,1,0,'2018-06-07 06:56:54',NULL),(1425,'User Logged In: George',1,1,0,'2018-06-07 07:43:00',NULL),(1426,'User Logged In: LENROD',1,1,0,'2018-06-07 07:47:31',NULL),(1427,'User Logged In: JOHN',1,1,0,'2018-06-07 07:50:53',NULL),(1428,'User Logged In: EVANS',1,1,0,'2018-06-07 07:57:38',NULL),(1429,'User Logged In: ERIC OLENSI',1,1,0,'2018-06-07 08:09:33',NULL),(1430,'User Logged In: Pro-kazi',1,1,0,'2018-06-07 08:13:56',NULL),(1431,'User Logged In: ERIC',1,1,0,'2018-06-07 09:23:21',NULL),(1432,'User Logged In: Jesinta',1,1,0,'2018-06-07 10:33:26',NULL),(1433,'User Logged In: MERCYLINE',1,1,0,'2018-06-07 11:28:19',NULL),(1434,'User Logged In: MARTIN',1,1,0,'2018-06-07 12:16:50',NULL),(1435,'User Logged In: STEPHEN',1,1,0,'2018-06-07 13:33:49',NULL),(1436,'User Logged In: ISAAC',1,1,0,'2018-06-07 13:36:41',NULL),(1437,'User Logged In: ISAAC',1,1,0,'2018-06-07 13:40:56',NULL),(1438,'User Logged In: GRACE',1,1,0,'2018-06-07 15:12:57',NULL),(1439,'User Logged In: MARTIN',1,1,0,'2018-06-07 15:14:53',NULL),(1440,'User Logged In: RAYMOND',1,1,0,'2018-06-07 16:43:48',NULL),(1441,'User Logged In: JOYLINAH',1,1,0,'2018-06-08 05:18:20',NULL),(1442,'User Logged In: PETER',1,1,0,'2018-06-08 05:25:36',NULL),(1443,'User Logged In: MOSES',1,1,0,'2018-06-08 05:45:25',NULL),(1444,'User Logged In: MOSES',1,1,0,'2018-06-08 05:57:44',NULL),(1445,'User Logged In: Dominic',1,1,0,'2018-06-08 06:01:44',NULL),(1446,'User Logged In: EVANS',1,1,0,'2018-06-08 06:02:57',NULL),(1447,'User Logged In: JOHN',1,1,0,'2018-06-08 06:09:54',NULL),(1448,'User Logged In: MERCYLINE',1,1,0,'2018-06-08 06:40:51',NULL),(1449,'User Logged In: Jesinta',1,1,0,'2018-06-08 07:00:08',NULL),(1450,'User Logged In: MERCYLINE',1,1,0,'2018-06-08 07:05:33',NULL),(1451,'User Logged In: PETER',1,1,0,'2018-06-08 07:30:22',NULL),(1452,'User Logged In: JOYLINAH',1,1,0,'2018-06-08 08:03:11',NULL),(1453,'User Logged In: MOURINE',1,1,0,'2018-06-08 08:12:39',NULL),(1454,'User Logged In: JUSTUS',1,1,0,'2018-06-08 08:21:31',NULL),(1455,'User Logged In: CHRISPUS',1,1,0,'2018-06-08 08:36:53',NULL),(1456,'User Logged In: STEPHEN',1,1,0,'2018-06-08 10:48:32',NULL),(1457,'User Logged In: GRACE',1,1,0,'2018-06-08 12:25:17',NULL),(1458,'User Logged In: STEPHEN',1,1,0,'2018-06-08 13:06:12',NULL),(1459,'User Logged In: Pauline',1,1,0,'2018-06-08 13:28:23',NULL),(1460,'User Logged In: ISAAC',1,1,0,'2018-06-08 13:34:20',NULL),(1461,'User Logged In: MERCYLINE',1,1,0,'2018-06-08 14:32:04',NULL),(1462,'User Logged In: GRACE',1,1,0,'2018-06-08 15:36:48',NULL),(1463,'User Logged In: RAYMOND',1,1,0,'2018-06-09 05:39:45',NULL),(1464,'User Logged In: STEPHEN',1,1,0,'2018-06-09 05:41:45',NULL),(1465,'User Logged In: MOSES',1,1,0,'2018-06-09 05:52:29',NULL),(1466,'User Logged In: FRANCIS',1,1,0,'2018-06-09 06:15:03',NULL),(1467,'User Logged In: CHRISPUS',1,1,0,'2018-06-09 06:28:30',NULL),(1468,'User Logged In: ISAAC',1,1,0,'2018-06-09 06:48:19',NULL),(1469,'User Logged In: Jesinta',1,1,0,'2018-06-09 08:26:35',NULL),(1470,'User Logged In: Salim',1,1,0,'2018-06-09 08:35:46',NULL),(1471,'User Logged In: GRACE',1,1,0,'2018-06-09 11:36:21',NULL),(1472,'User Logged In: GRACE',1,1,0,'2018-06-09 11:36:44',NULL),(1473,'User Logged In: MARTIN',1,1,0,'2018-06-10 13:40:39',NULL),(1474,'User Logged In: JUSTUS',1,1,0,'2018-06-11 04:54:10',NULL),(1475,'User Logged In: JOHN',1,1,0,'2018-06-11 05:07:51',NULL),(1476,'User Logged In: Jesinta',1,1,0,'2018-06-11 05:30:03',NULL),(1477,'User Logged In: ISAAC',1,1,0,'2018-06-11 05:31:33',NULL),(1478,'User Logged In: LENROD',1,1,0,'2018-06-11 05:48:29',NULL),(1479,'User Logged In: EVANS',1,1,0,'2018-06-11 05:50:21',NULL),(1480,'User Logged In: MOUREEN',1,1,0,'2018-06-11 06:46:00',NULL),(1481,'User Logged In: Clifford',1,1,0,'2018-06-11 06:48:29',NULL),(1482,'User Logged In: Pro-kazi',1,1,0,'2018-06-11 06:53:17',NULL),(1483,'User Logged In: PETER',1,1,0,'2018-06-11 06:59:17',NULL),(1484,'User Logged In: Pauline',1,1,0,'2018-06-11 07:02:46',NULL),(1485,'User Logged In: JUSTUS',1,1,0,'2018-06-11 07:23:56',NULL),(1486,'User Logged In: ISAAC',1,1,0,'2018-06-11 07:40:58',NULL),(1487,'User Logged In: Pro-kazi',1,1,0,'2018-06-11 07:50:02',NULL),(1488,'User Logged In: FRANCIS',1,1,0,'2018-06-11 08:47:33',NULL),(1489,'User Logged In: FLORENCE',1,1,0,'2018-06-11 09:07:08',NULL),(1490,'User Logged In: EVANS',1,1,0,'2018-06-11 09:07:37',NULL),(1491,'User Logged In: FLORENCE',1,1,0,'2018-06-11 09:08:38',NULL),(1492,'User Logged In: Pro-kazi',1,1,0,'2018-06-11 09:19:31',NULL),(1493,'User Logged In: Pro-kazi',1,1,0,'2018-06-11 09:30:50',NULL),(1494,'User Logged In: Clifford',1,1,0,'2018-06-11 09:33:20',NULL),(1495,'User Logged In: Jesinta',1,1,0,'2018-06-11 11:25:35',NULL),(1496,'User Logged In: EVANS',1,1,0,'2018-06-11 12:06:23',NULL),(1497,'User Logged In: LAWRENCE',1,1,0,'2018-06-11 14:10:57',NULL),(1498,'User Logged In: GRACE',1,1,0,'2018-06-11 15:03:23',NULL),(1499,'User Logged In: CATHERINE',1,1,0,'2018-06-12 03:06:19',NULL),(1500,'User Logged In: JUSTUS',1,1,0,'2018-06-12 05:11:49',NULL),(1501,'User Logged In: Jesinta',1,1,0,'2018-06-12 05:52:44',NULL),(1502,'User Logged In: LENROD',1,1,0,'2018-06-12 05:56:16',NULL),(1503,'User Logged In: Salim',1,1,0,'2018-06-12 07:28:16',NULL),(1504,'User Logged In: MOUREEN',1,1,0,'2018-06-12 08:12:49',NULL),(1505,'User Logged In: FLORENCE',1,1,0,'2018-06-12 08:14:09',NULL),(1506,'User Logged In: MERCYLINE',1,1,0,'2018-06-12 08:22:08',NULL),(1507,'User Logged In: JUSTUS',1,1,0,'2018-06-12 09:02:39',NULL),(1508,'User Logged In: Washington',1,1,0,'2018-06-12 09:06:53',NULL),(1509,'User Logged In: COLLINS',1,1,0,'2018-06-12 10:07:35',NULL),(1510,'User Logged In: LAWRENCE',1,1,0,'2018-06-12 10:37:09',NULL),(1511,'User Logged In: GRACE',1,1,0,'2018-06-12 10:38:03',NULL),(1512,'User Logged In: JOYLINAH',1,1,0,'2018-06-12 11:21:59',NULL),(1513,'User Logged In: FRANCIS',1,1,0,'2018-06-12 12:02:07',NULL),(1514,'User Logged In: ISAAC',1,1,0,'2018-06-12 12:56:21',NULL),(1515,'User Logged In: GRACE',1,1,0,'2018-06-12 15:21:58',NULL),(1516,'User Logged In: Washington',1,1,0,'2018-06-12 20:26:32',NULL),(1517,'User Logged In: PETER',1,1,0,'2018-06-13 05:25:46',NULL),(1518,'User Logged In: STEPHEN',1,1,0,'2018-06-13 05:39:44',NULL),(1519,'User Logged In: JOYLINAH',1,1,0,'2018-06-13 05:52:27',NULL),(1520,'User Logged In: Jesinta',1,1,0,'2018-06-13 06:03:24',NULL),(1521,'User Logged In: FLORENCE',1,1,0,'2018-06-13 06:48:33',NULL),(1522,'User Logged In: LENROD',1,1,0,'2018-06-13 08:38:16',NULL),(1523,'User Logged In: ERIC OLENSI',1,1,0,'2018-06-13 11:08:20',NULL),(1524,'User Logged In: MOUREEN',1,1,0,'2018-06-13 11:13:51',NULL),(1525,'User Logged In: JUSTUS',1,1,0,'2018-06-13 11:29:31',NULL),(1526,'User Logged In: GRACE',1,1,0,'2018-06-13 13:46:27',NULL),(1527,'User Logged In: LENROD',1,1,0,'2018-06-13 14:04:44',NULL),(1528,'User Logged In: ERIC',1,1,0,'2018-06-13 14:30:26',NULL),(1529,'User Logged In: MOUREEN',1,1,0,'2018-06-13 15:53:38',NULL),(1530,'User Logged In: FLORENCE',1,1,0,'2018-06-13 16:46:37',NULL),(1531,'User Logged In: JUSTUS',1,1,0,'2018-06-14 04:25:22',NULL),(1532,'User Logged In: STEPHEN',1,1,0,'2018-06-14 04:47:46',NULL),(1533,'User Logged In: ERIC OLENSI',1,1,0,'2018-06-14 05:06:52',NULL),(1534,'User Logged In: ISAAC',1,1,0,'2018-06-14 05:17:19',NULL),(1535,'User Logged In: Clifford',1,1,0,'2018-06-14 05:29:04',NULL),(1536,'User Logged In: PETER',1,1,0,'2018-06-14 05:43:26',NULL),(1537,'User Logged In: PETER',1,1,0,'2018-06-14 06:23:15',NULL),(1538,'User Logged In: MOSES',1,1,0,'2018-06-14 06:24:31',NULL),(1539,'User Logged In: PETER',1,1,0,'2018-06-14 06:28:25',NULL),(1540,'User Logged In: PETER',1,1,0,'2018-06-14 06:28:36',NULL),(1541,'User Logged In: CATHERINE',1,1,0,'2018-06-14 06:30:01',NULL),(1542,'User Logged In: JOHN',1,1,0,'2018-06-14 07:05:57',NULL),(1543,'User Logged In: MOUREEN',1,1,0,'2018-06-14 07:42:24',NULL),(1544,'User Logged In: JUSTUS',1,1,0,'2018-06-14 07:48:46',NULL),(1545,'User Logged In: CHRISPUS',1,1,0,'2018-06-14 07:53:40',NULL),(1546,'User Logged In: Jesinta',1,1,0,'2018-06-14 08:00:05',NULL),(1547,'User Logged In: GRACE',1,1,0,'2018-06-14 08:25:49',NULL),(1548,'User Logged In: FRANCIS',1,1,0,'2018-06-14 09:02:51',NULL),(1549,'User Logged In: STEPHEN',1,1,0,'2018-06-14 09:19:38',NULL),(1550,'User Logged In: PETER',1,1,0,'2018-06-14 09:33:48',NULL),(1551,'User Logged In: CATHERINE',1,1,0,'2018-06-14 09:44:44',NULL),(1552,'User Logged In: Joseph',1,1,0,'2018-06-14 09:59:31',NULL),(1553,'User Logged In: FRANCIS',1,1,0,'2018-06-14 13:54:43',NULL),(1554,'User Logged In: GRACE',1,1,0,'2018-06-14 14:18:33',NULL),(1555,'User Logged In: MARTIN',1,1,0,'2018-06-14 15:33:49',NULL),(1556,'User Logged In: ISAAC',1,1,0,'2018-06-14 18:57:05',NULL),(1557,'User Logged In: FRANCISCA',1,1,0,'2018-06-16 03:40:19',NULL),(1558,'User Logged In: ISAAC',1,1,0,'2018-06-16 04:07:12',NULL),(1559,'User Logged In: ISAAC',1,1,0,'2018-06-16 04:09:59',NULL),(1560,'User Logged In: PETER',1,1,0,'2018-06-16 05:39:17',NULL),(1561,'User Logged In: RAYMOND',1,1,0,'2018-06-16 05:58:54',NULL),(1562,'User Logged In: ISAAC',1,1,0,'2018-06-16 06:16:24',NULL),(1563,'User Logged In: CHRISPUS',1,1,0,'2018-06-16 06:24:57',NULL),(1564,'User Logged In: JOHN',1,1,0,'2018-06-16 06:37:57',NULL),(1565,'User Logged In: ERIC OLENSI',1,1,0,'2018-06-16 06:40:56',NULL),(1566,'User Logged In: CHRISPUS',1,1,0,'2018-06-16 06:45:18',NULL),(1567,'User Logged In: Jesinta',1,1,0,'2018-06-16 07:06:58',NULL),(1568,'User Logged In: FRANCIS',1,1,0,'2018-06-16 07:52:19',NULL),(1569,'User Logged In: JOYLINAH',1,1,0,'2018-06-16 08:45:52',NULL),(1570,'User Logged In: GRACE',1,1,0,'2018-06-16 14:49:34',NULL),(1571,'User Logged In: PETER',1,1,0,'2018-06-18 05:24:24',NULL),(1572,'User Logged In: EVANS',1,1,0,'2018-06-18 05:44:04',NULL),(1573,'User Logged In: Jesinta',1,1,0,'2018-06-18 05:46:08',NULL),(1574,'User Logged In: LENROD',1,1,0,'2018-06-18 06:11:35',NULL),(1575,'User Logged In: ISAAC',1,1,0,'2018-06-18 06:17:25',NULL),(1576,'User Logged In: STEPHEN',1,1,0,'2018-06-18 06:53:28',NULL),(1577,'User Logged In: Benson',1,1,0,'2018-06-18 07:30:32',NULL),(1578,'User Logged In: MERCYLINE',1,1,0,'2018-06-18 07:32:12',NULL),(1579,'User Logged In: PETER',1,1,0,'2018-06-18 07:57:38',NULL),(1580,'User Logged In: PETER',1,1,0,'2018-06-18 07:58:36',NULL),(1581,'User Logged In: JOHN',1,1,0,'2018-06-18 08:37:21',NULL),(1582,'User Logged In: JOHN',1,1,0,'2018-06-18 08:42:43',NULL),(1583,'User Logged In: ERIC OLENSI',1,1,0,'2018-06-18 09:47:21',NULL),(1584,'User Logged In: JOYLINAH',1,1,0,'2018-06-18 10:41:37',NULL),(1585,'User Logged In: FRANCISCA',1,1,0,'2018-06-18 10:50:14',NULL),(1586,'User Logged In: MERCYLINE',1,1,0,'2018-06-18 11:25:18',NULL),(1587,'User Logged In: FRANCIS',1,1,0,'2018-06-18 11:27:12',NULL),(1588,'User Logged In: RAYMOND',1,1,0,'2018-06-18 11:33:25',NULL),(1589,'User Logged In: JUSTUS',1,1,0,'2018-06-18 11:43:17',NULL),(1590,'User Logged In: LEONARD',1,1,0,'2018-06-18 12:58:50',NULL),(1591,'User Logged In: EVANS',1,1,0,'2018-06-18 13:02:56',NULL),(1592,'User Logged In: GRACE',1,1,0,'2018-06-18 13:15:36',NULL),(1593,'User Logged In: Jesinta',1,1,0,'2018-06-18 13:58:13',NULL),(1594,'User Logged In: JUSTUS',1,1,0,'2018-06-19 04:08:18',NULL),(1595,'User Logged In: RAYMOND',1,1,0,'2018-06-19 05:12:05',NULL),(1596,'User Logged In: ISAAC',1,1,0,'2018-06-19 05:39:43',NULL),(1597,'User Logged In: JOYLINAH',1,1,0,'2018-06-19 05:47:24',NULL),(1598,'User Logged In: Dominic',1,1,0,'2018-06-19 06:03:25',NULL),(1599,'User Logged In: Jesinta',1,1,0,'2018-06-19 08:14:59',NULL),(1600,'User Logged In: RAYMOND',1,1,0,'2018-06-19 08:23:33',NULL),(1601,'User Logged In: JOHN',1,1,0,'2018-06-19 08:35:49',NULL),(1602,'User Logged In: JOYLINAH',1,1,0,'2018-06-19 08:41:18',NULL),(1603,'User Logged In: GRACE',1,1,0,'2018-06-19 09:17:43',NULL),(1604,'User Logged In: CATHERINE',1,1,0,'2018-06-19 09:29:10',NULL),(1605,'User Logged In: ISAAC',1,1,0,'2018-06-19 09:35:00',NULL),(1606,'User Logged In: CATHERINE',1,1,0,'2018-06-19 11:44:19',NULL),(1607,'User Logged In: PETER',1,1,0,'2018-06-19 12:07:04',NULL),(1608,'User Logged In: Jesinta',1,1,0,'2018-06-19 13:33:42',NULL),(1609,'User Logged In: FLORENCE',1,1,0,'2018-06-19 13:56:45',NULL),(1610,'User Logged In: Washington',1,1,0,'2018-06-19 15:06:11',NULL),(1611,'User Logged In: ERIC OLENSI',1,1,0,'2018-06-19 15:07:39',NULL),(1612,'User Logged In: WASHINGTON',1,1,0,'2018-06-19 15:26:57',NULL),(1613,'User Logged In: Jesinta',1,1,0,'2018-06-20 05:25:41',NULL),(1614,'User Logged In: PETER',1,1,0,'2018-06-20 05:57:34',NULL),(1615,'User Logged In: ALOICE',1,1,0,'2018-06-20 07:20:20',NULL),(1616,'User Logged In: FLORENCE',1,1,0,'2018-06-20 07:41:40',NULL),(1617,'User Logged In: FRANCISCA',1,1,0,'2018-06-20 07:50:16',NULL),(1618,'User Logged In: ISAAC',1,1,0,'2018-06-20 08:05:36',NULL),(1619,'User Logged In: MERCYLINE',1,1,0,'2018-06-20 08:11:50',NULL),(1620,'User Logged In: PATRICK',1,1,0,'2018-06-20 08:13:46',NULL),(1621,'User Logged In: PATRICK',1,1,0,'2018-06-20 08:13:55',NULL),(1622,'User Logged In: LENROD',1,1,0,'2018-06-20 08:38:57',NULL),(1623,'User Logged In: LENROD',1,1,0,'2018-06-20 08:40:24',NULL),(1624,'User Logged In: JOHN',1,1,0,'2018-06-20 08:42:07',NULL),(1625,'User Logged In: PATRICK',1,1,0,'2018-06-20 08:59:06',NULL),(1626,'User Logged In: Pro-kazi',1,1,0,'2018-06-20 09:18:00',NULL),(1627,'User Logged In: PETER',1,1,0,'2018-06-20 09:33:20',NULL),(1628,'User Logged In: MOURINE',1,1,0,'2018-06-20 09:37:58',NULL),(1629,'User Logged In: JOHN',1,1,0,'2018-06-20 09:53:25',NULL),(1630,'User Logged In: RAYMOND',1,1,0,'2018-06-20 10:06:49',NULL),(1631,'User Logged In: Pro-kazi',1,1,0,'2018-06-20 11:22:01',NULL),(1632,'User Logged In: FLORENCE',1,1,0,'2018-06-20 11:32:22',NULL),(1633,'User Logged In: FRANCISCA',1,1,0,'2018-06-20 12:06:01',NULL),(1634,'User Logged In: JUSTUS',1,1,0,'2018-06-20 12:23:18',NULL),(1635,'User Logged In: JUSTUS',1,1,0,'2018-06-20 12:23:22',NULL),(1636,'User Logged In: CATHERINE',1,1,0,'2018-06-20 13:28:40',NULL),(1637,'User Logged In: WASHINGTON',1,1,0,'2018-06-20 17:36:50',NULL),(1638,'User Logged In: Jesinta',1,1,0,'2018-06-21 06:34:23',NULL),(1639,'User Logged In: MERCYLINE',1,1,0,'2018-06-21 08:40:37',NULL),(1640,'User Logged In: FRANCIS',1,1,0,'2018-06-21 08:46:06',NULL),(1641,'User Logged In: JOHN',1,1,0,'2018-06-21 08:57:59',NULL),(1642,'User Logged In: RAYMOND',1,1,0,'2018-06-21 09:17:11',NULL),(1643,'User Logged In: GRACE',1,1,0,'2018-06-21 10:57:41',NULL),(1644,'User Logged In: RAYMOND',1,1,0,'2018-06-21 12:42:03',NULL),(1645,'User Logged In: ERIC OLENSI',1,1,0,'2018-06-21 13:21:15',NULL),(1646,'User Logged In: PETER',1,1,0,'2018-06-21 13:22:21',NULL),(1647,'User Logged In: ISAAC',1,1,0,'2018-06-21 13:26:35',NULL),(1648,'User Logged In: GRACE',1,1,0,'2018-06-21 15:02:15',NULL),(1649,'User Logged In: Jesinta',1,1,0,'2018-06-21 15:04:48',NULL),(1650,'User Logged In: ISAAC',1,1,0,'2018-06-22 05:06:56',NULL),(1651,'User Logged In: ISAAC',1,1,0,'2018-06-22 05:11:05',NULL),(1652,'User Logged In: Jesinta',1,1,0,'2018-06-22 05:51:27',NULL),(1653,'User Logged In: MERCYLINE',1,1,0,'2018-06-22 06:55:26',NULL),(1654,'User Logged In: JOYLINAH',1,1,0,'2018-06-22 07:42:42',NULL),(1655,'User Logged In: JUSTUS',1,1,0,'2018-06-22 11:50:20',NULL),(1656,'User Logged In: JOHN',1,1,0,'2018-06-22 11:56:55',NULL),(1657,'User Logged In: FRANCISCA',1,1,0,'2018-06-22 12:01:22',NULL),(1658,'User Logged In: EVANS',1,1,0,'2018-06-22 12:03:33',NULL),(1659,'User Logged In: GRACE',1,1,0,'2018-06-22 14:25:42',NULL),(1660,'User Logged In: STEPHEN',1,1,0,'2018-06-22 16:38:55',NULL),(1661,'User Logged In: Washington',1,1,0,'2018-06-22 20:33:53',NULL),(1662,'User Logged In: STEPHEN',1,1,0,'2018-06-23 07:50:04',NULL),(1663,'User Logged In: JOHN',1,1,0,'2018-06-25 04:44:58',NULL),(1664,'User Logged In: JOHN',1,1,0,'2018-06-25 04:57:30',NULL),(1665,'User Logged In: EVANS',1,1,0,'2018-06-25 05:57:45',NULL),(1666,'User Logged In: ERIC',1,1,0,'2018-06-25 07:06:49',NULL),(1667,'User Logged In: Pro-kazi',1,1,0,'2018-06-25 07:22:02',NULL),(1668,'User Logged In: CATHERINE',1,1,0,'2018-06-25 08:28:26',NULL),(1669,'User Logged In: Jesinta',1,1,0,'2018-06-25 08:39:24',NULL),(1670,'User Logged In: Clifford',1,1,0,'2018-06-25 09:16:28',NULL),(1671,'User Logged In: FRANCISCA',1,1,0,'2018-06-25 09:32:12',NULL),(1672,'User Logged In: Pro-kazi',1,1,0,'2018-06-25 09:38:17',NULL),(1673,'User Logged In: Phides',1,1,0,'2018-06-25 09:55:39',NULL),(1674,'User Logged In: GRACE',1,1,0,'2018-06-25 11:19:34',NULL),(1675,'User Logged In: Pauline',1,1,0,'2018-06-25 12:13:45',NULL),(1676,'User Logged In: Jesinta',1,1,0,'2018-06-25 13:35:43',NULL),(1677,'User Logged In: MERCYLINE',1,1,0,'2018-06-25 14:21:40',NULL),(1678,'User Logged In: GRACE',1,1,0,'2018-06-25 15:24:22',NULL),(1679,'User Logged In: Jesinta',1,1,0,'2018-06-26 07:07:54',NULL),(1680,'User Logged In: FRANCISCA',1,1,0,'2018-06-26 07:56:36',NULL),(1681,'User Logged In: FLORENCE',1,1,0,'2018-06-26 09:09:41',NULL),(1682,'User Logged In: STEPHEN',1,1,0,'2018-06-26 09:48:31',NULL),(1683,'User Logged In: MERCYLINE',1,1,0,'2018-06-26 11:13:42',NULL),(1684,'User Logged In: JOHN',1,1,0,'2018-06-26 11:27:40',NULL),(1685,'User Logged In: BILHA AMAGOVE',1,1,0,'2018-06-26 12:46:06',NULL),(1686,'User Logged In: George',1,1,0,'2018-06-27 06:40:38',NULL),(1687,'User Logged In: Jesinta',1,1,0,'2018-06-27 06:43:33',NULL),(1688,'User Logged In: MERCYLINE',1,1,0,'2018-06-27 06:55:06',NULL),(1689,'User Logged In: ISAAC',1,1,0,'2018-06-27 08:10:47',NULL),(1690,'User Logged In: ISAAC',1,1,0,'2018-06-27 08:13:54',NULL),(1691,'User Logged In: FRANCISCA',1,1,0,'2018-06-27 08:47:11',NULL),(1692,'User Logged In: MERCYLINE',1,1,0,'2018-06-27 09:00:35',NULL),(1693,'User Logged In: CATHERINE',1,1,0,'2018-06-27 12:52:23',NULL),(1694,'User Logged In: FRANCISCA',1,1,0,'2018-06-27 13:03:57',NULL),(1695,'User Logged In: GRACE',1,1,0,'2018-06-27 16:20:26',NULL),(1696,'User Logged In: MOUREEN',1,1,0,'2018-06-27 17:25:36',NULL),(1697,'User Logged In: Jesinta',1,1,0,'2018-06-28 07:30:43',NULL),(1698,'User Logged In: Benson',1,1,0,'2018-06-28 07:51:05',NULL),(1699,'User Logged In: BILHA AMAGOVE',1,1,0,'2018-06-28 08:53:07',NULL),(1700,'User Logged In: JOYLINAH',1,1,0,'2018-06-28 11:22:07',NULL),(1701,'User Logged In: GRACE',1,1,0,'2018-06-28 13:36:03',NULL),(1702,'User Logged In: FRANCISCA',1,1,0,'2018-06-29 08:11:42',NULL),(1703,'User Logged In: Jesinta',1,1,0,'2018-06-29 09:05:51',NULL),(1704,'User Logged In: JOYLINAH',1,1,0,'2018-06-29 11:56:21',NULL),(1705,'User Logged In: Jesinta',1,1,0,'2018-06-29 13:46:11',NULL),(1706,'User Logged In: Washington',1,1,0,'2018-06-29 22:29:07',NULL),(1707,'User Logged In: Jesinta',1,1,0,'2018-06-30 06:53:55',NULL),(1708,'User Logged In: FLORENCE',1,1,0,'2018-06-30 10:32:36',NULL),(1709,'User Logged In: ISAAC',1,1,0,'2018-07-01 13:10:35',NULL),(1710,'User Logged In: JUSTUS',1,1,0,'2018-07-02 04:36:38',NULL),(1711,'User Logged In: Jesinta',1,1,0,'2018-07-02 06:49:00',NULL),(1712,'User Logged In: ISAAC',1,1,0,'2018-07-02 08:17:46',NULL),(1713,'User Logged In: PETER',1,1,0,'2018-07-02 10:45:49',NULL),(1714,'User Logged In: CATHERINE',1,1,0,'2018-07-02 12:51:54',NULL),(1715,'User Logged In: ISAAC',1,1,0,'2018-07-03 07:08:45',NULL),(1716,'User Logged In: MERCYLINE',1,1,0,'2018-07-03 07:25:36',NULL),(1717,'User Logged In: Jesinta',1,1,0,'2018-07-03 08:39:31',NULL),(1718,'User Logged In: MOUREEN',1,1,0,'2018-07-03 09:03:00',NULL),(1719,'User Logged In: STEPHEN',1,1,0,'2018-07-03 09:12:01',NULL),(1720,'User Logged In: FRANCISCA',1,1,0,'2018-07-03 12:19:03',NULL),(1721,'User Logged In: STEPHEN',1,1,0,'2018-07-03 13:21:45',NULL),(1722,'User Logged In: EVANS',1,1,0,'2018-07-03 13:24:41',NULL),(1723,'User Logged In: RAYMOND',1,1,0,'2018-07-03 13:56:02',NULL),(1724,'User Logged In: GRACE',1,1,0,'2018-07-03 14:37:36',NULL),(1725,'User Logged In: Jesinta',1,1,0,'2018-07-03 15:01:14',NULL),(1726,'User Logged In: PETER',1,1,0,'2018-07-04 06:24:01',NULL),(1727,'User Logged In: ISAAC',1,1,0,'2018-07-04 10:08:50',NULL),(1728,'User Logged In: Jesinta',1,1,0,'2018-07-04 11:04:04',NULL),(1729,'User Logged In: EVANS',1,1,0,'2018-07-04 16:46:00',NULL),(1730,'User Logged In: ISAAC',1,1,0,'2018-07-04 17:53:19',NULL),(1731,'User Logged In: ERIC OLENSI',1,1,0,'2018-07-05 04:10:54',NULL),(1732,'User Logged In: ISAAC',1,1,0,'2018-07-05 04:58:14',NULL),(1733,'User Logged In: Jesinta',1,1,0,'2018-07-05 06:59:45',NULL),(1734,'User Logged In: PETER',1,1,0,'2018-07-05 09:55:16',NULL),(1735,'User Logged In: Jesinta',1,1,0,'2018-07-05 10:39:17',NULL),(1736,'User Logged In: EVANS',1,1,0,'2018-07-05 11:01:30',NULL),(1737,'User Logged In: CATHERINE',1,1,0,'2018-07-05 11:40:23',NULL),(1738,'User Logged In: JOYLINAH',1,1,0,'2018-07-05 12:57:38',NULL),(1739,'User Logged In: JOYLINAH',1,1,0,'2018-07-05 12:58:33',NULL),(1740,'User Logged In: Washington',1,1,0,'2018-07-05 15:38:55',NULL),(1741,'User Logged In: Washington',1,1,0,'2018-07-06 05:56:34',NULL),(1742,'User Logged In: LENROD',1,1,0,'2018-07-06 06:45:19',NULL),(1743,'User Logged In: Clifford',1,1,0,'2018-07-06 07:04:10',NULL),(1744,'User Logged In: EVANS',1,1,0,'2018-07-06 09:21:48',NULL),(1745,'User Logged In: MERCYLINE',1,1,0,'2018-07-06 10:20:13',NULL),(1746,'User Logged In: Clifford',1,1,0,'2018-07-06 11:26:56',NULL),(1747,'User Logged In: Pauline',1,1,0,'2018-07-06 11:44:54',NULL),(1748,'User Logged In: PETER',1,1,0,'2018-07-06 12:08:55',NULL),(1749,'User Logged In: ISAAC',1,1,0,'2018-07-06 12:26:15',NULL),(1750,'User Logged In: PATRICK',1,1,0,'2018-07-06 12:35:38',NULL),(1751,'User Logged In: PATRICK',1,1,0,'2018-07-06 12:35:45',NULL),(1752,'User Logged In: PATRICK',1,1,0,'2018-07-06 13:07:27',NULL),(1753,'User Logged In: FRANCISCA',1,1,0,'2018-07-06 13:10:08',NULL),(1754,'User Logged In: Jesinta',1,1,0,'2018-07-06 14:27:54',NULL),(1755,'User Logged In: PATRICK',1,1,0,'2018-07-06 14:33:28',NULL),(1756,'User Logged In: Washington',1,1,0,'2018-07-06 16:08:04',NULL),(1757,'User Logged In: Clifford',1,1,0,'2018-07-07 04:53:22',NULL),(1758,'User Logged In: PETER',1,1,0,'2018-07-07 06:15:53',NULL),(1759,'User Logged In: Jesinta',1,1,0,'2018-07-07 07:28:41',NULL),(1760,'User Logged In: GRACE',1,1,0,'2018-07-07 14:10:52',NULL),(1761,'User Logged In: ERIC OLENSI',1,1,0,'2018-07-07 15:29:20',NULL),(1762,'User Logged In: JOHN',1,1,1,'2018-07-09 05:08:04','2018-07-09 05:36:48'),(1763,'User Logged In: JOHN',1,1,1,'2018-07-09 05:25:54','2018-07-09 05:36:48'),(1764,'User Logged In: Pro-kazi',1,1,1,'2018-07-09 05:26:34','2018-07-09 05:36:48'),(1765,'User Logged In: Pro-kazi',1,1,1,'2018-07-09 05:27:14','2018-07-09 05:36:48'),(1766,'User Logged In: ERIC OLENSI',1,1,1,'2018-07-09 05:29:04','2018-07-09 05:36:48'),(1767,'User Logged In: PETER',1,1,0,'2018-07-09 05:45:42',NULL),(1768,'User Logged In: LENROD',1,1,0,'2018-07-09 06:04:10',NULL),(1769,'User Logged In: MOSES',1,1,0,'2018-07-09 07:14:54',NULL),(1770,'User Logged In: JOHN',1,1,0,'2018-07-09 07:40:18',NULL),(1771,'User Logged In: Pro-kazi',1,1,0,'2018-07-09 07:41:15',NULL),(1772,'User Logged In: Pro-kazi',1,1,0,'2018-07-09 07:53:06',NULL),(1773,'User Logged In: MERCYLINE',1,1,0,'2018-07-09 08:21:37',NULL),(1774,'User Logged In: ISAAC',1,1,0,'2018-07-09 08:51:20',NULL),(1775,'User Logged In: EVANS',1,1,0,'2018-07-09 08:52:11',NULL),(1776,'User Logged In: Pro-kazi',1,1,0,'2018-07-09 09:25:11',NULL),(1777,'User Logged In: christine',1,1,0,'2018-07-09 09:28:04',NULL),(1778,'User Logged In: JUSTUS',1,1,0,'2018-07-09 09:59:15',NULL),(1779,'User Logged In: Jesinta',1,1,0,'2018-07-09 12:05:10',NULL),(1780,'User Logged In: FLORENCE',1,1,0,'2018-07-09 12:26:48',NULL),(1781,'User Logged In: STEPHEN',1,1,0,'2018-07-09 15:12:44',NULL),(1782,'User Logged In: GRACE',1,1,0,'2018-07-09 15:30:39',NULL),(1783,'User Logged In: ERIC OLENSI',1,1,0,'2018-07-10 03:46:21',NULL),(1784,'User Logged In: MERCYLINE',1,1,0,'2018-07-10 05:06:31',NULL),(1785,'User Logged In: Clifford',1,1,0,'2018-07-10 05:27:46',NULL),(1786,'User Logged In: JUSTUS',1,1,0,'2018-07-10 05:45:55',NULL),(1787,'User Logged In: MOSES',1,1,0,'2018-07-10 05:51:59',NULL),(1788,'User Logged In: Benson',1,1,0,'2018-07-10 06:11:43',NULL),(1789,'User Logged In: ISAAC',1,1,0,'2018-07-10 06:18:34',NULL),(1790,'User Logged In: STEPHEN',1,1,0,'2018-07-10 06:45:07',NULL),(1791,'User Logged In: Jesinta',1,1,0,'2018-07-10 07:18:59',NULL),(1792,'User Logged In: FRANCISCA',1,1,0,'2018-07-10 08:55:32',NULL),(1793,'User Logged In: ISAAC',1,1,0,'2018-07-10 08:59:32',NULL),(1794,'User Logged In: MERCYLINE',1,1,0,'2018-07-10 09:11:19',NULL),(1795,'User Logged In: PETER',1,1,0,'2018-07-10 09:14:12',NULL),(1796,'User Logged In: Clifford',1,1,0,'2018-07-10 12:25:57',NULL),(1797,'User Logged In: Pauline',1,1,0,'2018-07-10 12:40:13',NULL),(1798,'User Logged In: Jesinta',1,1,0,'2018-07-10 13:57:12',NULL),(1799,'User Logged In: ISAAC',1,1,0,'2018-07-10 14:29:51',NULL),(1800,'User Logged In: GRACE',1,1,0,'2018-07-10 14:31:09',NULL),(1801,'User Logged In: Jesinta',1,1,0,'2018-07-11 05:21:21',NULL),(1802,'User Logged In: Jesinta',1,1,0,'2018-07-11 08:46:53',NULL),(1803,'User Logged In: STEPHEN',1,1,0,'2018-07-11 09:02:50',NULL),(1804,'User Logged In: EVANS',1,1,0,'2018-07-11 11:08:00',NULL),(1805,'User Logged In: RAYMOND',1,1,0,'2018-07-11 12:37:20',NULL),(1806,'User Logged In: Salim',1,1,0,'2018-07-11 12:39:46',NULL),(1807,'User Logged In: EVANS',1,1,0,'2018-07-11 13:31:00',NULL),(1808,'User Logged In: FRANCIS',1,1,0,'2018-07-11 13:31:36',NULL),(1809,'User Logged In: GRACE',1,1,0,'2018-07-11 14:42:38',NULL),(1810,'User Logged In: CATHERINE',1,1,0,'2018-07-12 04:12:22',NULL),(1811,'User Logged In: PETER',1,1,0,'2018-07-12 05:44:56',NULL),(1812,'User Logged In: Salim',1,1,0,'2018-07-12 06:57:55',NULL),(1813,'User Logged In: GRACE',1,1,0,'2018-07-12 07:54:38',NULL),(1814,'User Logged In: Jesinta',1,1,0,'2018-07-12 10:04:21',NULL),(1815,'User Logged In: Washington',1,1,0,'2018-07-12 10:16:33',NULL),(1816,'User Logged In: EVANS',1,1,0,'2018-07-12 10:18:27',NULL),(1817,'User Logged In: JOHN',1,1,0,'2018-07-12 10:22:45',NULL),(1818,'User Logged In: Jesinta',1,1,0,'2018-07-12 12:57:52',NULL),(1819,'User Logged In: MOUREEN',1,1,0,'2018-07-12 12:59:26',NULL),(1820,'User Logged In: JOHN',1,1,0,'2018-07-12 12:59:58',NULL),(1821,'User Logged In: Pro-kazi',1,1,0,'2018-07-12 13:00:40',NULL),(1822,'User Logged In: MOSES',1,1,0,'2018-07-12 13:13:17',NULL),(1823,'User Logged In: Pro-kazi',1,1,0,'2018-07-12 13:19:30',NULL),(1824,'User Logged In: Pro-kazi',1,1,0,'2018-07-12 13:21:04',NULL),(1825,'User Logged In: Pro-kazi',1,1,0,'2018-07-12 14:00:38',NULL),(1826,'User Logged In: Pro-kazi',1,1,0,'2018-07-12 14:48:44',NULL),(1827,'User Logged In: Pro-kazi',1,1,0,'2018-07-12 14:50:23',NULL),(1828,'User Logged In: Joseph',1,1,0,'2018-07-13 05:36:21',NULL),(1829,'User Logged In: Salim',1,1,0,'2018-07-13 06:02:32',NULL),(1830,'User Logged In: JOHN',1,1,0,'2018-07-13 06:14:57',NULL),(1831,'User Logged In: Pro-kazi',1,1,0,'2018-07-13 06:15:18',NULL),(1832,'User Logged In: MOSES',1,1,0,'2018-07-13 06:34:08',NULL),(1833,'User Logged In: LENROD',1,1,0,'2018-07-13 06:39:46',NULL),(1834,'User Logged In: RAYMOND',1,1,0,'2018-07-13 06:40:46',NULL),(1835,'User Logged In: Pro-kazi',1,1,0,'2018-07-13 06:49:20',NULL),(1836,'User Logged In: Pro-kazi',1,1,0,'2018-07-13 07:05:41',NULL),(1837,'User Logged In: JOYLINAH',1,1,0,'2018-07-13 08:39:23',NULL),(1838,'User Logged In: STEPHEN',1,1,0,'2018-07-13 09:23:41',NULL),(1839,'User Logged In: Jesinta',1,1,0,'2018-07-13 09:50:57',NULL),(1840,'User Logged In: ISAAC',1,1,0,'2018-07-13 11:04:58',NULL),(1841,'User Logged In: MERCYLINE',1,1,0,'2018-07-13 11:29:26',NULL),(1842,'User Logged In: FRANCISCA',1,1,0,'2018-07-13 11:49:24',NULL),(1843,'User Logged In: MERCYLINE',1,1,0,'2018-07-13 12:40:54',NULL),(1844,'User Logged In: GRACE',1,1,0,'2018-07-13 13:47:04',NULL),(1845,'User Logged In: PATRICK',1,1,0,'2018-07-13 14:43:06',NULL),(1846,'User Logged In: PATRICK',1,1,0,'2018-07-13 14:43:15',NULL),(1847,'User Logged In: FRANCIS',1,1,0,'2018-07-13 14:54:15',NULL),(1848,'User Logged In: ISAAC',1,1,0,'2018-07-13 15:06:14',NULL),(1849,'User Logged In: Pro-kazi',1,1,0,'2018-07-13 17:36:43',NULL),(1850,'User Logged In: Pro-kazi',1,1,0,'2018-07-13 17:42:34',NULL),(1851,'User Logged In: EVANS',1,1,0,'2018-07-13 18:55:40',NULL),(1852,'User Logged In: EVANS',1,1,0,'2018-07-13 18:59:21',NULL),(1853,'User Logged In: ISAAC',1,1,0,'2018-07-14 05:41:28',NULL),(1854,'User Logged In: MERCYLINE',1,1,0,'2018-07-14 05:54:52',NULL),(1855,'User Logged In: PATRICK',1,1,0,'2018-07-14 07:40:10',NULL),(1856,'User Logged In: PATRICK',1,1,0,'2018-07-14 07:40:22',NULL),(1857,'User Logged In: Jesinta',1,1,0,'2018-07-14 07:58:56',NULL),(1858,'User Logged In: MERCYLINE',1,1,0,'2018-07-14 10:22:50',NULL),(1859,'User Logged In: GRACE',1,1,0,'2018-07-14 11:34:42',NULL),(1860,'User Logged In: FLORENCE',1,1,0,'2018-07-16 05:49:53',NULL),(1861,'User Logged In: EVANS',1,1,0,'2018-07-16 05:50:20',NULL),(1862,'User Logged In: Jesinta',1,1,0,'2018-07-16 05:57:45',NULL),(1863,'User Logged In: Dominic',1,1,0,'2018-07-16 06:43:11',NULL),(1864,'User Logged In: STEPHEN',1,1,0,'2018-07-16 07:10:12',NULL),(1865,'User Logged In: RAYMOND',1,1,0,'2018-07-16 07:11:51',NULL),(1866,'User Logged In: PATRICK',1,1,0,'2018-07-16 07:42:34',NULL),(1867,'User Logged In: PATRICK',1,1,0,'2018-07-16 07:42:41',NULL),(1868,'User Logged In: Pro-kazi',1,1,0,'2018-07-16 08:54:27',NULL),(1869,'User Logged In: PETER',1,1,0,'2018-07-16 09:38:15',NULL),(1870,'User Logged In: CATHERINE',1,1,0,'2018-07-16 10:56:15',NULL),(1871,'User Logged In: Dominic',1,1,0,'2018-07-16 14:25:58',NULL),(1872,'User Logged In: MOSES',1,1,0,'2018-07-16 14:28:15',NULL),(1873,'User Logged In: ISAAC',1,1,0,'2018-07-16 16:06:27',NULL),(1874,'User Logged In: CATHERINE',1,1,0,'2018-07-17 02:58:07',NULL),(1875,'User Logged In: PETER',1,1,0,'2018-07-17 05:24:15',NULL),(1876,'User Logged In: STEPHEN',1,1,0,'2018-07-17 09:47:05',NULL),(1877,'User Logged In: Jesinta',1,1,0,'2018-07-17 09:49:18',NULL),(1878,'User Logged In: FRANCISCA',1,1,0,'2018-07-17 13:31:44',NULL),(1879,'User Logged In: MERCYLINE',1,1,0,'2018-07-17 13:34:14',NULL),(1880,'User Logged In: RAYMOND',1,1,0,'2018-07-17 14:32:38',NULL),(1881,'User Logged In: RAYMOND',1,1,0,'2018-07-17 19:38:07',NULL),(1882,'User Logged In: Jesinta',1,1,0,'2018-07-18 08:36:41',NULL),(1883,'User Logged In: FRANCISCA',1,1,0,'2018-07-18 08:59:46',NULL),(1884,'User Logged In: PETER',1,1,0,'2018-07-18 11:52:44',NULL),(1885,'User Logged In: FRANCISCA',1,1,0,'2018-07-18 13:20:39',NULL),(1886,'User Logged In: PETER',1,1,0,'2018-07-19 05:17:40',NULL),(1887,'User Logged In: STEPHEN',1,1,0,'2018-07-19 05:30:18',NULL),(1888,'User Logged In: MERCYLINE',1,1,0,'2018-07-19 06:22:13',NULL),(1889,'User Logged In: Benson',1,1,0,'2018-07-19 07:05:55',NULL),(1890,'User Logged In: JOHN',1,1,0,'2018-07-19 07:20:56',NULL),(1891,'User Logged In: Pro-kazi',1,1,0,'2018-07-19 07:21:16',NULL),(1892,'User Logged In: FRANCISCA',1,1,0,'2018-07-19 08:41:33',NULL),(1893,'User Logged In: STEPHEN',1,1,0,'2018-07-19 09:43:56',NULL),(1894,'User Logged In: EVANS',1,1,0,'2018-07-19 09:44:13',NULL),(1895,'User Logged In: EVANS',1,1,0,'2018-07-19 09:44:17',NULL),(1896,'User Logged In: MERCYLINE',1,1,0,'2018-07-19 09:48:23',NULL),(1897,'User Logged In: Pro-kazi',1,1,0,'2018-07-19 10:32:08',NULL),(1898,'User Logged In: FRANCISCA',1,1,0,'2018-07-19 11:30:08',NULL),(1899,'User Logged In: Jesinta',1,1,0,'2018-07-19 12:17:01',NULL),(1900,'User Logged In: ISAAC',1,1,0,'2018-07-19 14:10:26',NULL),(1901,'User Logged In: EVANS',1,1,0,'2018-07-20 04:57:54',NULL),(1902,'User Logged In: Pro-kazi',1,1,0,'2018-07-20 06:58:03',NULL),(1903,'User Logged In: Pro-kazi',1,1,0,'2018-07-20 07:49:41',NULL),(1904,'User Logged In: Jesinta',1,1,0,'2018-07-20 08:18:35',NULL),(1905,'User Logged In: FRANCISCA',1,1,0,'2018-07-20 08:57:43',NULL),(1906,'User Logged In: JOYLINAH',1,1,0,'2018-07-20 10:27:16',NULL),(1907,'User Logged In: CATHERINE',1,1,0,'2018-07-20 11:03:25',NULL),(1908,'User Logged In: ISAAC',1,1,0,'2018-07-20 11:40:12',NULL),(1909,'User Logged In: FRANCISCA',1,1,0,'2018-07-20 13:09:44',NULL),(1910,'User Logged In: LAWRENCE',1,1,0,'2018-07-20 15:24:29',NULL),(1911,'User Logged In: STEPHEN',1,1,0,'2018-07-20 17:36:36',NULL),(1912,'User Logged In: STEPHEN',1,1,0,'2018-07-21 06:11:06',NULL),(1913,'User Logged In: RAYMOND',1,1,0,'2018-07-21 07:59:02',NULL),(1914,'User Logged In: STEPHEN',1,1,0,'2018-07-23 05:07:28',NULL),(1915,'User Logged In: IRENE',1,1,0,'2018-07-23 06:29:51',NULL),(1916,'User Logged In: MERCYLINE',1,1,0,'2018-07-23 06:31:59',NULL),(1917,'User Logged In: Pro-kazi',1,1,0,'2018-07-23 06:49:47',NULL),(1918,'User Logged In: CHRISPUS',1,1,0,'2018-07-23 07:24:07',NULL),(1919,'User Logged In: Washington',1,1,0,'2018-07-23 08:25:26',NULL),(1920,'User Logged In: EVANS',1,1,0,'2018-07-23 08:32:36',NULL),(1921,'User Logged In: Jesinta',1,1,0,'2018-07-23 08:35:57',NULL),(1922,'User Logged In: PETER',1,1,0,'2018-07-23 10:30:00',NULL),(1923,'User Logged In: Benson',1,1,0,'2018-07-23 12:24:27',NULL),(1924,'User Logged In: Salim',1,1,0,'2018-07-23 14:30:33',NULL),(1925,'User Logged In: Joseph',1,1,0,'2018-07-23 15:48:20',NULL),(1926,'User Logged In: Pro-kazi',1,1,0,'2018-07-24 06:42:28',NULL),(1927,'User Logged In: JOHN',1,1,0,'2018-07-24 06:58:48',NULL),(1928,'User Logged In: EVANS',1,1,0,'2018-07-24 07:00:15',NULL),(1929,'User Logged In: CATHERINE',1,1,0,'2018-07-24 07:23:05',NULL),(1930,'User Logged In: LENROD',1,1,0,'2018-07-24 08:59:36',NULL),(1931,'User Logged In: JOHN',1,1,0,'2018-07-24 09:34:19',NULL),(1932,'User Logged In: Salim',1,1,0,'2018-07-24 10:41:02',NULL),(1933,'User Logged In: WASHINGTON',1,1,0,'2018-07-24 11:43:12',NULL),(1934,'User Logged In: JOHN',1,1,0,'2018-07-24 12:57:50',NULL),(1935,'User Logged In: STEPHEN',1,1,0,'2018-07-24 13:11:27',NULL),(1936,'User Logged In: RAYMOND',1,1,0,'2018-07-25 05:10:39',NULL),(1937,'User Logged In: GULJAN',1,1,0,'2018-07-25 06:46:35',NULL),(1938,'User Logged In: MERCYLINE',1,1,0,'2018-07-25 07:18:11',NULL),(1939,'User Logged In: GRACE',1,1,0,'2018-07-25 07:18:49',NULL),(1940,'User Logged In: EVANS',1,1,0,'2018-07-25 07:30:24',NULL),(1941,'User Logged In: Clifford',1,1,0,'2018-07-25 07:42:36',NULL),(1942,'User Logged In: Jesinta',1,1,0,'2018-07-25 07:56:57',NULL),(1943,'User Logged In: ISAAC',1,1,0,'2018-07-25 08:57:37',NULL),(1944,'User Logged In: WASHINGTON',1,1,0,'2018-07-25 10:06:03',NULL),(1945,'User Logged In: STEPHEN',1,1,0,'2018-07-25 10:18:20',NULL),(1946,'User Logged In: CHRISPUS',1,1,0,'2018-07-25 11:36:47',NULL),(1947,'User Logged In: JUSTUS',1,1,0,'2018-07-25 13:11:26',NULL),(1948,'User Logged In: WASHINGTON',1,1,0,'2018-07-25 13:54:29',NULL),(1949,'User Logged In: ISAAC',1,1,0,'2018-07-25 17:32:11',NULL),(1950,'User Logged In: EVANS',1,1,0,'2018-07-25 17:44:30',NULL),(1951,'User Logged In: JUSTUS',1,1,0,'2018-07-26 05:29:42',NULL),(1952,'User Logged In: GULJAN',1,1,0,'2018-07-26 06:33:43',NULL),(1953,'User Logged In: RAYMOND',1,1,0,'2018-07-26 07:07:39',NULL),(1954,'User Logged In: Jesinta',1,1,0,'2018-07-26 07:16:08',NULL),(1955,'User Logged In: FRANCISCA',1,1,0,'2018-07-26 08:26:07',NULL),(1956,'User Logged In: WASHINGTON',1,1,0,'2018-07-26 08:33:39',NULL),(1957,'User Logged In: GULJAN',1,1,0,'2018-07-26 08:41:29',NULL),(1958,'User Logged In: LENROD',1,1,0,'2018-07-26 08:44:45',NULL),(1959,'User Logged In: GRACE',1,1,0,'2018-07-26 08:48:17',NULL),(1960,'User Logged In: EVANS',1,1,0,'2018-07-26 09:13:54',NULL),(1961,'User Logged In: MERCYLINE',1,1,0,'2018-07-26 12:16:16',NULL),(1962,'User Logged In: MERCYLINE',1,1,0,'2018-07-26 12:45:07',NULL),(1963,'User Logged In: CATHERINE',1,1,0,'2018-07-26 16:58:01',NULL),(1964,'User Logged In: FRANCISCA',1,1,0,'2018-07-27 06:22:55',NULL),(1965,'User Logged In: JUSTUS',1,1,0,'2018-07-27 07:02:05',NULL),(1966,'User Logged In: Pro-kazi',1,1,0,'2018-07-27 07:15:11',NULL),(1967,'User Logged In: STEPHEN',1,1,0,'2018-07-27 07:24:59',NULL),(1968,'User Logged In: JOHN',1,1,0,'2018-07-27 07:33:44',NULL),(1969,'User Logged In: BILHA AMAGOVE',1,1,0,'2018-07-27 07:47:24',NULL),(1970,'User Logged In: Pro-kazi',1,1,0,'2018-07-27 07:48:08',NULL),(1971,'User Logged In: Jesinta',1,1,0,'2018-07-27 08:08:15',NULL),(1972,'User Logged In: Pro-kazi',1,1,0,'2018-07-27 08:34:40',NULL),(1973,'User Logged In: RAYMOND',1,1,0,'2018-07-27 09:55:25',NULL),(1974,'User Logged In: Pro-kazi',1,1,0,'2018-07-27 11:00:36',NULL),(1975,'User Logged In: JOYLINAH',1,1,0,'2018-07-27 11:49:47',NULL),(1976,'User Logged In: IRENE',1,1,0,'2018-07-27 11:50:34',NULL),(1977,'User Logged In: GRACE',1,1,0,'2018-07-27 11:51:00',NULL),(1978,'User Logged In: ISAAC',1,1,0,'2018-07-27 12:33:54',NULL),(1979,'User Logged In: JUSTUS',1,1,0,'2018-07-27 13:05:45',NULL),(1980,'User Logged In: FRANCISCA',1,1,0,'2018-07-27 13:45:06',NULL),(1981,'User Logged In: Pauline',1,1,0,'2018-07-27 14:10:56',NULL),(1982,'User Logged In: JUSTUS',1,1,0,'2018-07-28 06:15:00',NULL),(1983,'User Logged In: ISAAC',1,1,0,'2018-07-28 07:10:57',NULL),(1984,'User Logged In: PETER',1,1,0,'2018-07-28 08:37:02',NULL),(1985,'User Logged In: EVANS',1,1,0,'2018-07-28 10:06:29',NULL),(1986,'User Logged In: JUSTUS',1,1,0,'2018-07-28 10:34:27',NULL),(1987,'User Logged In: Jesinta',1,1,0,'2018-07-30 07:31:37',NULL),(1988,'User Logged In: ISAAC',1,1,0,'2018-07-30 07:42:55',NULL),(1989,'User Logged In: ISAAC',1,1,0,'2018-07-30 12:26:51',NULL),(1990,'User Logged In: MERCYLINE',1,1,0,'2018-07-30 14:20:22',NULL),(1991,'User Logged In: ISAAC',1,1,0,'2018-07-31 05:49:08',NULL),(1992,'User Logged In: JOHN',1,1,0,'2018-07-31 06:56:16',NULL),(1993,'User Logged In: EVANS',1,1,0,'2018-07-31 07:16:29',NULL),(1994,'User Logged In: JOHN',1,1,0,'2018-07-31 08:04:38',NULL),(1995,'User Logged In: Pro-kazi',1,1,0,'2018-07-31 08:13:45',NULL),(1996,'User Logged In: JOYLINAH',1,1,0,'2018-07-31 08:14:50',NULL),(1997,'User Logged In: PETER',1,1,0,'2018-07-31 08:29:26',NULL),(1998,'User Logged In: JOHN',1,1,0,'2018-07-31 09:51:00',NULL),(1999,'User Logged In: JOHN',1,1,0,'2018-07-31 11:51:26',NULL),(2000,'User Logged In: JOHN',1,1,0,'2018-07-31 11:53:59',NULL),(2001,'User Logged In: STEPHEN',1,1,0,'2018-07-31 12:18:22',NULL),(2002,'User Logged In: FRANCISCA',1,1,0,'2018-07-31 13:06:03',NULL),(2003,'User Logged In: MERCYLINE',1,1,0,'2018-07-31 13:13:35',NULL),(2004,'User Logged In: JOHN',1,1,0,'2018-07-31 14:22:33',NULL),(2005,'User Logged In: Joseph',1,1,0,'2018-07-31 15:20:58',NULL),(2006,'User Logged In: FRANCIS',1,1,0,'2018-08-01 05:19:57',NULL),(2007,'User Logged In: MOSES',1,1,0,'2018-08-01 06:03:47',NULL),(2008,'User Logged In: RAYMOND',1,1,0,'2018-08-01 07:50:23',NULL),(2009,'User Logged In: JOHN',1,1,0,'2018-08-01 07:57:23',NULL),(2010,'User Logged In: STEPHEN',1,1,0,'2018-08-01 09:10:47',NULL),(2011,'User Logged In: MERCYLINE',1,1,0,'2018-08-01 11:32:04',NULL),(2012,'User Logged In: FRANCISCA',1,1,0,'2018-08-01 11:33:38',NULL),(2013,'User Logged In: FRANCISCA',1,1,0,'2018-08-01 12:12:35',NULL),(2014,'User Logged In: FRANCISCA',1,1,0,'2018-08-01 12:14:26',NULL),(2015,'User Logged In: FRANCISCA',1,1,0,'2018-08-01 12:15:14',NULL),(2016,'User Logged In: FRANCISCA',1,1,0,'2018-08-01 12:15:44',NULL),(2017,'User Logged In: EVANS',1,1,0,'2018-08-01 12:23:28',NULL),(2018,'User Logged In: JOHN',1,1,0,'2018-08-01 13:28:50',NULL),(2019,'User Logged In: JOHN',1,1,0,'2018-08-01 13:32:01',NULL),(2020,'User Logged In: MOSES',1,1,0,'2018-08-02 05:28:56',NULL),(2021,'User Logged In: STEPHEN',1,1,0,'2018-08-02 05:29:47',NULL),(2022,'User Logged In: RAYMOND',1,1,0,'2018-08-02 06:04:56',NULL),(2023,'User Logged In: PETER',1,1,0,'2018-08-02 06:15:44',NULL),(2024,'User Logged In: LENROD',1,1,0,'2018-08-02 06:33:39',NULL),(2025,'User Logged In: ISAAC',1,1,0,'2018-08-02 08:05:57',NULL),(2026,'User Logged In: ISAAC',1,1,0,'2018-08-02 10:52:08',NULL),(2027,'User Logged In: FRANCISCA',1,1,0,'2018-08-02 12:56:19',NULL),(2028,'User Logged In: MERCYLINE',1,1,0,'2018-08-02 16:58:06',NULL),(2029,'User Logged In: MERCYLINE',1,1,0,'2018-08-02 17:03:32',NULL),(2030,'User Logged In: PETER',1,1,0,'2018-08-03 04:58:56',NULL),(2031,'User Logged In: PETER',1,1,0,'2018-08-03 04:58:56',NULL),(2032,'User Logged In: RAYMOND',1,1,0,'2018-08-03 06:47:40',NULL),(2033,'User Logged In: ISAAC',1,1,0,'2018-08-03 07:26:23',NULL),(2034,'User Logged In: JOHN',1,1,0,'2018-08-03 08:02:28',NULL),(2035,'User Logged In: STEPHEN',1,1,0,'2018-08-03 10:50:02',NULL),(2036,'User Logged In: Washington',1,1,0,'2018-08-04 11:24:07',NULL),(2037,'User Logged In: GRACE',1,1,0,'2018-08-04 13:10:54',NULL),(2038,'User Logged In: GRACE',1,1,0,'2018-08-04 15:42:04',NULL),(2039,'User Logged In: STEPHEN',1,1,0,'2018-08-05 22:34:49',NULL),(2040,'User Logged In: PETER',1,1,0,'2018-08-06 05:52:07',NULL),(2041,'User Logged In: ISAAC',1,1,0,'2018-08-06 07:14:32',NULL),(2042,'User Logged In: GRACE',1,1,0,'2018-08-06 07:23:05',NULL),(2043,'User Logged In: JOHN',1,1,0,'2018-08-06 07:25:42',NULL),(2044,'User Logged In: RAYMOND',1,1,0,'2018-08-06 10:38:49',NULL),(2045,'User Logged In: ISAAC',1,1,0,'2018-08-06 13:30:56',NULL),(2046,'User Logged In: EVANS',1,1,0,'2018-08-06 19:26:34',NULL),(2047,'User Logged In: MERCYLINE',1,1,0,'2018-08-07 05:54:05',NULL),(2048,'User Logged In: ISAAC',1,1,0,'2018-08-07 05:54:05',NULL),(2049,'User Logged In: PATRICK',1,1,0,'2018-08-07 12:51:57',NULL),(2050,'User Logged In: PATRICK',1,1,0,'2018-08-07 12:52:09',NULL),(2051,'User Logged In: JOHN',1,1,0,'2018-08-07 13:09:41',NULL),(2052,'User Logged In: STEPHEN',1,1,0,'2018-08-07 13:20:52',NULL),(2053,'User Logged In: EVANS',1,1,0,'2018-08-07 14:22:18',NULL),(2054,'User Logged In: JOHN',1,1,0,'2018-08-07 17:56:14',NULL),(2055,'User Logged In: JOHN',1,1,0,'2018-08-07 17:59:35',NULL),(2056,'User Logged In: EVANS',1,1,0,'2018-08-08 05:19:48',NULL),(2057,'User Logged In: PETER',1,1,0,'2018-08-08 06:12:14',NULL),(2058,'User Logged In: ISAAC',1,1,0,'2018-08-08 06:43:24',NULL),(2059,'User Logged In: LENROD',1,1,0,'2018-08-08 07:06:15',NULL),(2060,'User Logged In: Jesinta',1,1,0,'2018-08-08 07:33:10',NULL),(2061,'User Logged In: PETER',1,1,0,'2018-08-08 08:42:49',NULL),(2062,'User Logged In: JOHN',1,1,0,'2018-08-08 13:14:35',NULL),(2063,'User Logged In: EVANS',1,1,0,'2018-08-08 14:24:16',NULL),(2064,'User Logged In: FRANCIS',1,1,0,'2018-08-08 16:09:14',NULL),(2065,'User Logged In: PETER',1,1,0,'2018-08-09 08:10:47',NULL),(2066,'User Logged In: PATRICK',1,1,0,'2018-08-09 13:00:51',NULL),(2067,'User Logged In: PATRICK',1,1,0,'2018-08-09 13:01:03',NULL),(2068,'User Logged In: FRANCISCA',1,1,0,'2018-08-10 08:03:41',NULL),(2069,'User Logged In: STEPHEN',1,1,0,'2018-08-10 08:05:53',NULL),(2070,'User Logged In: PATRICK',1,1,0,'2018-08-10 08:19:02',NULL),(2071,'User Logged In: PATRICK',1,1,0,'2018-08-10 08:19:09',NULL),(2072,'User Logged In: FRANCISCA',1,1,0,'2018-08-10 11:14:42',NULL),(2073,'User Logged In: STEPHEN',1,1,0,'2018-08-10 13:10:19',NULL),(2074,'User Logged In: FRANCISCA',1,1,0,'2018-08-10 13:33:06',NULL),(2075,'User Logged In: PETER',1,1,0,'2018-08-10 14:17:31',NULL),(2076,'User Logged In: PATRICK',1,1,0,'2018-08-11 05:49:11',NULL),(2077,'User Logged In: PATRICK',1,1,0,'2018-08-11 05:49:21',NULL),(2078,'User Logged In: STEPHEN',1,1,0,'2018-08-11 06:06:31',NULL),(2079,'User Logged In: MERCYLINE',1,1,0,'2018-08-13 06:11:14',NULL),(2080,'User Logged In: FRANCISCA',1,1,0,'2018-08-13 07:18:30',NULL),(2081,'User Logged In: FRANCISCA',1,1,0,'2018-08-13 07:44:39',NULL),(2082,'User Logged In: EVANS',1,1,0,'2018-08-13 07:48:14',NULL),(2083,'User Logged In: PETER',1,1,0,'2018-08-13 09:11:38',NULL),(2084,'User Logged In: PETER',1,1,0,'2018-08-13 11:59:37',NULL),(2085,'User Logged In: FRANCISCA',1,1,0,'2018-08-13 12:37:48',NULL),(2086,'User Logged In: MERCYLINE',1,1,0,'2018-08-13 12:43:44',NULL),(2087,'User Logged In: PETER',1,1,0,'2018-08-14 05:12:35',NULL),(2088,'User Logged In: Washington',1,1,0,'2018-08-14 09:53:09',NULL),(2089,'User Logged In: ERIC OLENSI',1,1,0,'2018-08-14 15:11:11',NULL),(2090,'User Logged In: JUSTUS',1,1,0,'2018-08-15 05:20:35',NULL),(2091,'User Logged In: JOHN',1,1,0,'2018-08-15 05:33:53',NULL),(2092,'User Logged In: JOHN',1,1,0,'2018-08-15 07:09:39',NULL),(2093,'User Logged In: ISAAC',1,1,0,'2018-08-15 12:07:40',NULL),(2094,'User Logged In: EVANS',1,1,0,'2018-08-15 12:11:56',NULL),(2095,'User Logged In: PETER',1,1,0,'2018-08-15 13:16:25',NULL),(2096,'User Logged In: AHMED ABDULRAHMAN AHMED',1,1,0,'2018-08-15 13:20:32',NULL),(2097,'User Logged In: JOYLINAH',1,1,0,'2018-08-15 14:10:07',NULL),(2098,'User Logged In: JOHN',1,1,0,'2018-08-15 14:21:15',NULL),(2099,'User Logged In: ISAAC',1,1,0,'2018-08-15 14:34:29',NULL),(2100,'User Logged In: EVANS',1,1,0,'2018-08-16 07:00:51',NULL),(2101,'User Logged In: CATHERINE',1,1,0,'2018-08-16 07:15:48',NULL),(2102,'User Logged In: Jesinta',1,1,0,'2018-08-16 12:34:06',NULL),(2103,'User Logged In: IRENE',1,1,0,'2018-08-16 13:14:41',NULL),(2104,'User Logged In: BILHA AMAGOVE',1,1,0,'2018-08-16 13:24:59',NULL),(2105,'User Logged In: MERCYLINE',1,1,0,'2018-08-16 14:07:42',NULL),(2106,'User Logged In: PATRICK',1,1,0,'2018-08-16 18:05:36',NULL),(2107,'User Logged In: PATRICK',1,1,0,'2018-08-16 18:05:46',NULL),(2108,'User Logged In: PATRICK',1,1,0,'2018-08-17 05:57:18',NULL),(2109,'User Logged In: PATRICK',1,1,0,'2018-08-17 05:57:27',NULL),(2110,'User Logged In: ISAAC',1,1,0,'2018-08-17 07:16:56',NULL),(2111,'User Logged In: EVANS',1,1,0,'2018-08-17 07:48:10',NULL),(2112,'User Logged In: PETER',1,1,0,'2018-08-17 09:12:44',NULL),(2113,'User Logged In: CATHERINE',1,1,0,'2018-08-17 09:36:32',NULL),(2114,'User Logged In: MERCYLINE',1,1,0,'2018-08-17 09:55:05',NULL),(2115,'User Logged In: FRANCISCA',1,1,0,'2018-08-17 11:16:50',NULL),(2116,'User Logged In: EVANS',1,1,0,'2018-08-17 12:33:06',NULL),(2117,'User Logged In: PETER',1,1,0,'2018-08-17 13:19:58',NULL),(2118,'User Logged In: FRANCISCA',1,1,0,'2018-08-17 13:25:07',NULL),(2119,'User Logged In: RAYMOND',1,1,0,'2018-08-17 15:20:45',NULL),(2120,'User Logged In: PETER',1,1,0,'2018-08-18 06:51:24',NULL),(2121,'User Logged In: STEPHEN',1,1,0,'2018-08-18 07:32:03',NULL),(2122,'User Logged In: FRANCISCA',1,1,0,'2018-08-18 08:10:04',NULL),(2123,'User Logged In: BILHA AMAGOVE',1,1,0,'2018-08-18 08:26:17',NULL),(2124,'User Logged In: BILHA AMAGOVE',1,1,0,'2018-08-18 08:37:27',NULL),(2125,'User Logged In: MERCYLINE',1,1,0,'2018-08-18 08:42:41',NULL),(2126,'User Logged In: Pauline',1,1,0,'2018-08-18 09:53:00',NULL),(2127,'User Logged In: PETER',1,1,0,'2018-08-20 07:14:36',NULL),(2128,'User Logged In: FRANCISCA',1,1,0,'2018-08-20 11:32:24',NULL),(2129,'User Logged In: Benson',1,1,0,'2018-08-20 12:21:02',NULL),(2130,'User Logged In: AHMED ABDULRAHMAN AHMED',1,1,0,'2018-08-20 12:31:49',NULL),(2131,'User Logged In: FRANCISCA',1,1,0,'2018-08-20 13:44:52',NULL),(2132,'User Logged In: RAYMOND',1,1,0,'2018-08-21 12:26:36',NULL),(2133,'User Logged In: STEPHEN',1,1,0,'2018-08-22 05:38:05',NULL),(2134,'User Logged In: EVANS',1,1,0,'2018-08-22 09:15:21',NULL),(2135,'User Logged In: ISAAC',1,1,0,'2018-08-22 09:32:01',NULL),(2136,'User Logged In: FRANCISCA',1,1,0,'2018-08-22 12:04:55',NULL),(2137,'User Logged In: ERIC OLENSI',1,1,0,'2018-08-22 12:10:15',NULL),(2138,'User Logged In: EVANS',1,1,0,'2018-08-22 13:27:21',NULL),(2139,'User Logged In: EVANS',1,1,0,'2018-08-22 13:31:14',NULL),(2140,'User Logged In: FRANCISCA',1,1,0,'2018-08-22 13:45:58',NULL),(2141,'User Logged In: Pro-kazi',1,1,0,'2018-08-22 13:49:17',NULL),(2142,'User Logged In: User',1,1,0,'2018-08-22 13:59:27',NULL),(2143,'User Logged In: EVANS',1,1,0,'2018-08-22 13:59:52',NULL),(2144,'User Logged In: EVANS',1,1,0,'2018-08-22 14:00:34',NULL),(2145,'User Logged In: EVANS',1,1,0,'2018-08-22 14:01:10',NULL),(2146,'User Logged In: EVANS',1,1,0,'2018-08-22 14:05:09',NULL),(2147,'User Logged In: EVANS',1,1,0,'2018-08-22 14:07:48',NULL),(2148,'User Logged In: EVANS',1,1,0,'2018-08-22 14:09:35',NULL),(2149,'User Logged In: EVANS',1,1,0,'2018-08-22 14:35:31',NULL),(2150,'User Logged In: User',1,1,0,'2018-08-22 14:38:00',NULL),(2151,'User Logged In: ERIC OLENSI',1,1,0,'2018-08-22 14:44:16',NULL),(2152,'User Logged In: JOHN',1,1,0,'2018-08-23 04:46:06',NULL),(2153,'User Logged In: JUSTUS',1,1,0,'2018-08-23 05:20:37',NULL),(2154,'User Logged In: PETER',1,1,0,'2018-08-23 09:39:19',NULL),(2155,'User Logged In: PETER',1,1,0,'2018-08-23 11:57:23',NULL),(2156,'User Logged In: EVANS',1,1,0,'2018-08-23 13:50:45',NULL),(2157,'User Logged In: PETER',1,1,0,'2018-08-23 14:13:02',NULL),(2158,'User Logged In: Pauline',1,1,0,'2018-08-23 14:17:12',NULL),(2159,'User Logged In: RAYMOND',1,1,0,'2018-08-24 05:13:42',NULL),(2160,'User Logged In: Benson',1,1,0,'2018-08-24 05:36:36',NULL),(2161,'User Logged In: EVANS',1,1,0,'2018-08-24 07:04:06',NULL),(2162,'User Logged In: EVANS',1,1,0,'2018-08-24 07:05:01',NULL),(2163,'User Logged In: EVANS',1,1,0,'2018-08-24 09:17:04',NULL),(2164,'User Logged In: LENROD',1,1,0,'2018-08-24 09:25:09',NULL),(2165,'User Logged In: CATHERINE',1,1,0,'2018-08-24 09:35:13',NULL),(2166,'User Logged In: JOYLINAH',1,1,0,'2018-08-24 11:11:07',NULL),(2167,'User Logged In: MERCYLINE',1,1,0,'2018-08-24 13:39:43',NULL),(2168,'User Logged In: EVANS',1,1,0,'2018-08-25 06:42:28',NULL),(2169,'User Logged In: ISAAC',1,1,0,'2018-08-25 14:34:56',NULL),(2170,'User Logged In: RAYMOND',1,1,0,'2018-08-27 08:07:46',NULL),(2171,'User Logged In: STEPHEN',1,1,0,'2018-08-27 08:24:18',NULL),(2172,'User Logged In: EVANS',1,1,0,'2018-08-27 10:17:10',NULL),(2173,'User Logged In: JOHN',1,1,0,'2018-08-27 11:22:12',NULL),(2174,'User Logged In: ISAAC',1,1,0,'2018-08-27 11:28:15',NULL),(2175,'User Logged In: PETER',1,1,0,'2018-08-27 11:37:29',NULL),(2176,'User Logged In: RAYMOND',1,1,0,'2018-08-27 15:35:01',NULL),(2177,'User Logged In: ERIC',1,1,0,'2018-08-28 06:40:07',NULL),(2178,'User Logged In: Clifford',1,1,0,'2018-08-28 10:39:00',NULL),(2179,'User Logged In: ERIC',1,1,0,'2018-08-28 13:02:23',NULL),(2180,'User Logged In: Clifford',1,1,0,'2018-08-28 13:52:10',NULL),(2181,'User Logged In: PETER',1,1,0,'2018-08-28 13:55:22',NULL),(2182,'User Logged In: Pauline',1,1,0,'2018-08-28 14:08:13',NULL),(2183,'User Logged In: RAYMOND',1,1,0,'2018-08-29 04:49:38',NULL),(2184,'User Logged In: PETER',1,1,0,'2018-08-29 05:52:40',NULL),(2185,'User Logged In: JUSTUS',1,1,0,'2018-08-29 05:58:55',NULL),(2186,'User Logged In: RAYMOND',1,1,0,'2018-08-29 09:24:42',NULL),(2187,'User Logged In: STEPHEN',1,1,0,'2018-08-29 11:37:05',NULL),(2188,'User Logged In: ISAAC',1,1,0,'2018-08-29 12:05:49',NULL),(2189,'User Logged In: RAYMOND',1,1,0,'2018-08-29 12:07:11',NULL),(2190,'User Logged In: FRANCISCA',1,1,0,'2018-08-29 13:22:05',NULL),(2191,'User Logged In: STEPHEN',1,1,0,'2018-08-30 04:30:21',NULL),(2192,'User Logged In: JUSTUS',1,1,0,'2018-08-30 05:18:08',NULL),(2193,'User Logged In: FRANCISCA',1,1,0,'2018-08-30 06:40:12',NULL),(2194,'User Logged In: ISAAC',1,1,0,'2018-08-30 06:50:25',NULL),(2195,'User Logged In: PETER',1,1,0,'2018-08-30 11:55:50',NULL),(2196,'User Logged In: FRANCISCA',1,1,0,'2018-08-30 11:58:27',NULL),(2197,'User Logged In: FRANCISCA',1,1,0,'2018-08-30 12:36:29',NULL),(2198,'User Logged In: MERCYLINE',1,1,0,'2018-08-30 12:53:35',NULL),(2199,'User Logged In: ISAAC',1,1,0,'2018-08-30 13:17:50',NULL),(2200,'User Logged In: JOYLINAH',1,1,0,'2018-08-30 14:20:45',NULL),(2201,'User Logged In: MERCYLINE',1,1,0,'2018-08-30 14:31:23',NULL),(2202,'User Logged In: EVANS',1,1,0,'2018-08-30 15:15:04',NULL),(2203,'User Logged In: LENROD',1,1,0,'2018-08-31 05:48:50',NULL),(2204,'User Logged In: CHRISPUS',1,1,0,'2018-08-31 05:56:32',NULL),(2205,'User Logged In: PETER',1,1,0,'2018-08-31 06:08:23',NULL),(2206,'User Logged In: FRANCISCA',1,1,0,'2018-08-31 08:18:54',NULL),(2207,'User Logged In: CHRISPUS',1,1,0,'2018-08-31 08:53:37',NULL),(2208,'User Logged In: EVANS',1,1,0,'2018-08-31 08:53:52',NULL),(2209,'User Logged In: ISAAC',1,1,0,'2018-08-31 14:18:41',NULL),(2210,'User Logged In: ISAAC',1,1,0,'2018-08-31 15:33:05',NULL),(2211,'User Logged In: Jesinta',1,1,0,'2018-09-01 09:19:26',NULL),(2212,'User Logged In: Washington',1,1,0,'2018-09-01 18:12:43',NULL),(2213,'User Logged In: PETER',1,1,0,'2018-09-03 05:50:25',NULL),(2214,'User Logged In: Benson',1,1,0,'2018-09-03 06:33:21',NULL),(2215,'User Logged In: EVANS',1,1,0,'2018-09-03 09:02:02',NULL),(2216,'User Logged In: ISAAC',1,1,0,'2018-09-03 11:59:35',NULL),(2217,'User Logged In: EVANS',1,1,0,'2018-09-04 03:48:10',NULL),(2218,'User Logged In: PETER',1,1,0,'2018-09-04 05:29:59',NULL),(2219,'User Logged In: PETER',1,1,0,'2018-09-04 05:30:23',NULL),(2220,'User Logged In: RAYMOND',1,1,0,'2018-09-04 08:24:00',NULL),(2221,'User Logged In: FRANCISCA',1,1,0,'2018-09-04 11:30:12',NULL),(2222,'User Logged In: PETER',1,1,0,'2018-09-04 11:56:03',NULL),(2223,'User Logged In: Salim',1,1,0,'2018-09-04 11:56:36',NULL),(2224,'User Logged In: FRANCISCA',1,1,0,'2018-09-04 12:10:03',NULL),(2225,'User Logged In: MERCYLINE',1,1,0,'2018-09-04 12:27:58',NULL),(2226,'User Logged In: EVANS',1,1,0,'2018-09-04 12:29:13',NULL),(2227,'User Logged In: STEPHEN',1,1,0,'2018-09-04 12:30:21',NULL),(2228,'User Logged In: FRANCISCA',1,1,0,'2018-09-04 12:58:08',NULL),(2229,'User Logged In: Pro-kazi',1,1,0,'2018-09-04 13:43:39',NULL),(2230,'User Logged In: Dominic',1,1,0,'2018-09-04 16:23:31',NULL),(2231,'User Logged In: PETER',1,1,0,'2018-09-05 05:46:59',NULL),(2232,'User Logged In: FRANCISCA',1,1,0,'2018-09-05 06:11:40',NULL),(2233,'User Logged In: EVANS',1,1,0,'2018-09-05 06:41:08',NULL),(2234,'User Logged In: ERIC',1,1,0,'2018-09-05 07:11:53',NULL),(2235,'User Logged In: JUSTUS',1,1,0,'2018-09-05 07:13:41',NULL),(2236,'User Logged In: EVANS',1,1,0,'2018-09-05 08:00:45',NULL),(2237,'User Logged In: PETER',1,1,0,'2018-09-05 08:39:36',NULL),(2238,'User Logged In: FRANCISCA',1,1,0,'2018-09-05 08:39:49',NULL),(2239,'User Logged In: ISAAC',1,1,0,'2018-09-05 09:46:17',NULL),(2240,'User Logged In: LEONARD',1,1,0,'2018-09-05 10:12:15',NULL),(2241,'User Logged In: Benson',1,1,0,'2018-09-05 10:34:20',NULL),(2242,'User Logged In: EVANS',1,1,0,'2018-09-05 11:08:27',NULL),(2243,'User Logged In: EVANS',1,1,0,'2018-09-05 11:10:16',NULL),(2244,'User Logged In: RAYMOND',1,1,0,'2018-09-05 12:33:18',NULL),(2245,'User Logged In: FRANCISCA',1,1,0,'2018-09-05 12:51:29',NULL),(2246,'User Logged In: EVANS',1,1,0,'2018-09-05 13:21:28',NULL),(2247,'User Logged In: EVANS',1,1,0,'2018-09-06 07:18:28',NULL),(2248,'User Logged In: EVANS',1,1,0,'2018-09-06 08:33:49',NULL),(2249,'User Logged In: RAYMOND',1,1,0,'2018-09-06 11:59:45',NULL),(2250,'User Logged In: ISAAC',1,1,0,'2018-09-06 13:29:34',NULL),(2251,'User Logged In: EVANS',1,1,0,'2018-09-06 17:49:51',NULL),(2252,'User Logged In: EVANS',1,1,0,'2018-09-06 17:53:13',NULL),(2253,'User Logged In: EVANS',1,1,0,'2018-09-06 19:20:02',NULL),(2254,'User Logged In: EVANS',1,1,0,'2018-09-07 08:47:47',NULL),(2255,'User Logged In: EVANS',1,1,0,'2018-09-07 08:58:12',NULL),(2256,'User Logged In: User',1,1,0,'2018-09-07 09:01:31',NULL),(2257,'User Logged In: Pro-kazi',1,1,0,'2018-09-07 09:04:23',NULL),(2258,'User Logged In: Pro-kazi',1,1,0,'2018-09-07 09:04:50',NULL),(2259,'User Logged In: EVANS',1,1,0,'2018-09-07 09:04:58',NULL),(2260,'User Logged In: Pro-kazi',1,1,0,'2018-09-07 09:15:20',NULL),(2261,'User Logged In: LENROD',1,1,0,'2018-09-07 10:12:46',NULL),(2262,'User Logged In: EVANS',1,1,0,'2018-09-07 10:27:52',NULL),(2263,'User Logged In: EVANS',1,1,0,'2018-09-07 10:42:57',NULL),(2264,'User Logged In: EVANS',1,1,0,'2018-09-07 17:23:17',NULL),(2265,'User Logged In: EVANS',1,1,0,'2018-09-07 17:31:22',NULL),(2266,'User Logged In: EVANS',1,1,0,'2018-09-07 17:33:08',NULL),(2267,'User Logged In: EVANS',1,1,0,'2018-09-07 17:36:17',NULL),(2268,'User Logged In: WASHINGTON',1,1,0,'2018-09-07 20:36:42',NULL),(2269,'User Logged In: EVANS',1,1,0,'2018-09-08 06:27:39',NULL),(2270,'User Logged In: EVANS',1,1,0,'2018-09-08 06:41:44',NULL),(2271,'User Logged In: EVANS',1,1,0,'2018-09-08 06:43:00',NULL),(2272,'User Logged In: EVANS',1,1,0,'2018-09-08 06:52:22',NULL),(2273,'User Logged In: EVANS',1,1,0,'2018-09-08 07:11:30',NULL),(2274,'User Logged In: EVANS',1,1,0,'2018-09-08 07:13:05',NULL),(2275,'User Logged In: Pro-kazi',1,1,0,'2018-09-08 07:18:19',NULL),(2276,'User Logged In: Pro-kazi',1,1,0,'2018-09-08 07:20:12',NULL),(2277,'User Logged In: EVANS',1,1,0,'2018-09-10 06:12:51',NULL),(2278,'User Logged In: Pro-kazi',1,1,0,'2018-09-10 06:13:37',NULL),(2279,'User Logged In: EVANS',1,1,0,'2018-09-10 06:15:29',NULL),(2280,'User Logged In: EVANS',1,1,0,'2018-09-10 06:17:19',NULL),(2281,'User Logged In: ISAAC',1,1,0,'2018-09-10 06:19:37',NULL),(2282,'User Logged In: EVANS',1,1,0,'2018-09-10 06:21:42',NULL),(2283,'User Logged In: ERIC',1,1,0,'2018-09-10 06:30:20',NULL),(2284,'User Logged In: ALOICE',1,1,0,'2018-09-10 06:45:41',NULL),(2285,'User Logged In: EVANS',1,1,0,'2018-09-10 07:42:42',NULL),(2286,'User Logged In: EVANS',1,1,0,'2018-09-10 07:43:00',NULL),(2287,'User Logged In: Pro-kazi',1,1,0,'2018-09-10 10:37:23',NULL),(2288,'User Logged In: Pro-kazi',1,1,0,'2018-09-10 11:34:35',NULL),(2289,'User Logged In: STEPHEN',1,1,0,'2018-09-10 12:01:59',NULL),(2290,'User Logged In: FRANCISCA',1,1,0,'2018-09-10 12:08:10',NULL),(2291,'User Logged In: FRANCISCA',1,1,0,'2018-09-10 12:10:25',NULL),(2292,'User Logged In: EVANS',1,1,0,'2018-09-10 12:12:34',NULL),(2293,'User Logged In: Pro-kazi',1,1,0,'2018-09-10 12:16:18',NULL),(2294,'User Logged In: FRANCISCA',1,1,0,'2018-09-10 12:20:43',NULL),(2295,'User Logged In: Pro-kazi',1,1,0,'2018-09-10 12:21:47',NULL),(2296,'User Logged In: ERIC',1,1,0,'2018-09-10 12:23:07',NULL),(2297,'User Logged In: ISAAC',1,1,0,'2018-09-10 12:31:15',NULL),(2298,'User Logged In: FRANCISCA',1,1,0,'2018-09-10 13:37:34',NULL),(2299,'User Logged In: Pro-kazi',1,1,0,'2018-09-10 13:50:46',NULL),(2300,'User Logged In: Pro-kazi',1,1,0,'2018-09-11 05:41:24',NULL),(2301,'User Logged In: EVANS',1,1,0,'2018-09-11 05:50:13',NULL),(2302,'User Logged In: FRANCISCA',1,1,0,'2018-09-11 06:59:44',NULL),(2303,'User Logged In: GULJAN',1,1,0,'2018-09-11 07:14:03',NULL),(2304,'User Logged In: COLLINS',1,1,0,'2018-09-11 07:17:09',NULL),(2305,'User Logged In: RAYMOND',1,1,0,'2018-09-11 07:19:36',NULL),(2306,'User Logged In: FRANCIS',1,1,0,'2018-09-11 07:19:58',NULL),(2307,'User Logged In: EVANS',1,1,0,'2018-09-11 07:19:58',NULL),(2308,'User Logged In: EVANS',1,1,0,'2018-09-11 08:14:15',NULL),(2309,'User Logged In: Pro-kazi',1,1,0,'2018-09-11 08:22:18',NULL),(2310,'User Logged In: ISAAC',1,1,0,'2018-09-11 08:40:40',NULL),(2311,'User Logged In: GULJAN',1,1,0,'2018-09-11 09:18:34',NULL),(2312,'User Logged In: COLLINS',1,1,0,'2018-09-11 09:31:00',NULL),(2313,'User Logged In: EVANS',1,1,0,'2018-09-11 10:17:32',NULL),(2314,'User Logged In: FRANCIS',1,1,0,'2018-09-11 10:27:45',NULL),(2315,'User Logged In: LENROD',1,1,0,'2018-09-11 10:45:40',NULL),(2316,'User Logged In: ISAAC',1,1,0,'2018-09-11 11:12:03',NULL),(2317,'User Logged In: FRANCISCA',1,1,0,'2018-09-11 11:22:53',NULL),(2318,'User Logged In: MAUREEN',1,1,0,'2018-09-11 11:55:56',NULL),(2319,'User Logged In: ISAAC',1,1,0,'2018-09-11 12:14:12',NULL),(2320,'User Logged In: RAYMOND',1,1,0,'2018-09-11 12:35:43',NULL),(2321,'User Logged In: FRANCISCA',1,1,0,'2018-09-12 06:29:44',NULL),(2322,'User Logged In: EVANS',1,1,0,'2018-09-12 06:36:28',NULL),(2323,'User Logged In: EVANS',1,1,0,'2018-09-12 06:36:40',NULL),(2324,'User Logged In: Pro-kazi',1,1,0,'2018-09-12 06:39:04',NULL),(2325,'User Logged In: Pro-kazi',1,1,0,'2018-09-12 07:57:12',NULL),(2326,'User Logged In: AHMED ABDULRAHMAN AHMED',1,1,0,'2018-09-12 08:55:30',NULL),(2327,'User Logged In: STEPHEN',1,1,0,'2018-09-12 10:32:29',NULL),(2328,'User Logged In: FRANCISCA',1,1,0,'2018-09-12 10:46:16',NULL),(2329,'User Logged In: MERCYLINE',1,1,0,'2018-09-12 11:11:08',NULL),(2330,'User Logged In: MAUREEN',1,1,0,'2018-09-12 11:20:36',NULL),(2331,'User Logged In: STEPHEN',1,1,0,'2018-09-12 11:58:13',NULL),(2332,'User Logged In: FRANCISCA',1,1,0,'2018-09-12 12:22:49',NULL),(2333,'User Logged In: EVANS',1,1,0,'2018-09-12 12:30:47',NULL),(2334,'User Logged In: LENROD',1,1,0,'2018-09-12 12:34:52',NULL),(2335,'User Logged In: STEPHEN',1,1,0,'2018-09-12 13:13:28',NULL),(2336,'User Logged In: Pro-kazi',1,1,0,'2018-09-12 14:42:06',NULL),(2337,'User Logged In: Pro-kazi',1,1,0,'2018-09-13 05:30:42',NULL),(2338,'User Logged In: Pro-kazi',1,1,0,'2018-09-13 06:11:04',NULL),(2339,'User Logged In: MERCYLINE',1,1,0,'2018-09-13 07:24:42',NULL),(2340,'User Logged In: Pro-kazi',1,1,0,'2018-09-13 07:47:42',NULL),(2341,'User Logged In: Pro-kazi',1,1,0,'2018-09-13 09:12:31',NULL),(2342,'User Logged In: Pro-kazi',1,1,0,'2018-09-13 09:59:24',NULL),(2343,'User Logged In: FRANCISCA',1,1,0,'2018-09-13 11:23:11',NULL),(2344,'User Logged In: AHMED ABDULRAHMAN AHMED',1,1,0,'2018-09-13 11:23:37',NULL),(2345,'User Logged In: Pauline',1,1,0,'2018-09-13 14:36:58',NULL),(2346,'User Logged In: Benson',1,1,0,'2018-09-13 20:05:02',NULL),(2347,'User Logged In: COLLINS',1,1,0,'2018-09-14 06:09:55',NULL),(2348,'User Logged In: Pauline',1,1,0,'2018-09-14 07:24:59',NULL),(2349,'User Logged In: Clifford',1,1,0,'2018-09-14 07:26:02',NULL),(2350,'User Logged In: Dominic',1,1,0,'2018-09-14 07:31:49',NULL),(2351,'User Logged In: MERCYLINE',1,1,0,'2018-09-14 07:38:52',NULL),(2352,'User Logged In: STEPHEN',1,1,0,'2018-09-14 08:47:42',NULL),(2353,'User Logged In: ISAAC',1,1,0,'2018-09-14 09:10:14',NULL),(2354,'User Logged In: CHRISPUS',1,1,0,'2018-09-14 09:23:15',NULL),(2355,'User Logged In: JUSTUS',1,1,0,'2018-09-14 09:30:48',NULL),(2356,'User Logged In: RAYMOND',1,1,0,'2018-09-14 09:33:03',NULL),(2357,'User Logged In: Dominic',1,1,0,'2018-09-14 10:30:25',NULL),(2358,'User Logged In: STEPHEN',1,1,0,'2018-09-14 11:00:36',NULL),(2359,'User Logged In: FRANCIS',1,1,0,'2018-09-14 11:36:55',NULL),(2360,'User Logged In: RAYMOND',1,1,0,'2018-09-14 11:37:45',NULL),(2361,'User Logged In: FRANCIS',1,1,0,'2018-09-14 11:37:45',NULL),(2362,'User Logged In: FRANCISCA',1,1,0,'2018-09-14 11:59:23',NULL),(2363,'User Logged In: WASHINGTON',1,1,0,'2018-09-14 12:08:39',NULL),(2364,'User Logged In: Joseph',1,1,0,'2018-09-14 12:09:27',NULL),(2365,'User Logged In: Phides',1,1,0,'2018-09-14 12:14:36',NULL),(2366,'User Logged In: GRACE',1,1,0,'2018-09-14 12:18:02',NULL),(2367,'User Logged In: Salim',1,1,0,'2018-09-14 12:18:23',NULL),(2368,'User Logged In: COLLINS',1,1,0,'2018-09-14 12:20:47',NULL),(2369,'User Logged In: LAWRENCE',1,1,0,'2018-09-14 13:59:04',NULL),(2370,'User Logged In: MERCYLINE',1,1,0,'2018-09-14 14:10:17',NULL),(2371,'User Logged In: PETER',1,1,0,'2018-09-14 14:10:32',NULL),(2372,'User Logged In: JUSTUS',1,1,0,'2018-09-14 16:46:12',NULL),(2373,'User Logged In: EVANS',1,1,0,'2018-09-14 17:51:36',NULL),(2374,'User Logged In: STEPHEN',1,1,0,'2018-09-15 05:05:05',NULL),(2375,'User Logged In: EVANS',1,1,0,'2018-09-15 06:21:58',NULL),(2376,'User Logged In: EVANS',1,1,0,'2018-09-15 06:42:02',NULL),(2377,'User Logged In: Joseph',1,1,0,'2018-09-15 06:42:59',NULL),(2378,'User Logged In: Pro-kazi',1,1,0,'2018-09-15 07:01:34',NULL),(2379,'User Logged In: MERCYLINE',1,1,0,'2018-09-15 08:40:10',NULL),(2380,'User Logged In: EVANS',1,1,0,'2018-09-17 05:45:01',NULL),(2381,'User Logged In: EVANS',1,1,0,'2018-09-17 07:01:08',NULL),(2382,'User Logged In: Pro-kazi',1,1,0,'2018-09-17 07:48:26',NULL),(2383,'User Logged In: FRANCIS',1,1,0,'2018-09-17 12:15:52',NULL),(2384,'User Logged In: Pauline',1,1,0,'2018-09-17 12:26:14',NULL),(2385,'User Logged In: FRANCISCA',1,1,0,'2018-09-17 12:32:36',NULL),(2386,'User Logged In: FRANCISCA',1,1,0,'2018-09-17 12:35:21',NULL),(2387,'User Logged In: RAYMOND',1,1,0,'2018-09-17 14:22:33',NULL),(2388,'User Logged In: RAYMOND',1,1,0,'2018-09-17 20:14:17',NULL),(2389,'User Logged In: JUSTUS',1,1,0,'2018-09-18 04:22:38',NULL),(2390,'User Logged In: JOHN',1,1,0,'2018-09-18 05:22:44',NULL),(2391,'User Logged In: ISAAC',1,1,0,'2018-09-18 05:34:41',NULL),(2392,'User Logged In: JOHN',1,1,0,'2018-09-18 06:10:15',NULL),(2393,'User Logged In: Joseph',1,1,0,'2018-09-18 08:11:29',NULL),(2394,'User Logged In: FRANCISCA',1,1,0,'2018-09-18 09:05:30',NULL),(2395,'User Logged In: EVANS',1,1,0,'2018-09-18 09:24:10',NULL),(2396,'User Logged In: RAYMOND',1,1,0,'2018-09-18 09:26:34',NULL),(2397,'User Logged In: Benson',1,1,0,'2018-09-18 10:01:15',NULL),(2398,'User Logged In: FRANCIS',1,1,0,'2018-09-18 10:45:56',NULL),(2399,'User Logged In: JUSTUS',1,1,0,'2018-09-18 11:34:06',NULL),(2400,'User Logged In: Joseph',1,1,0,'2018-09-18 11:39:21',NULL),(2401,'User Logged In: Pro-kazi',1,1,0,'2018-09-18 11:56:35',NULL),(2402,'User Logged In: ISAAC',1,1,0,'2018-09-18 12:11:35',NULL),(2403,'User Logged In: Pro-kazi',1,1,0,'2018-09-18 13:27:38',NULL),(2404,'User Logged In: Pro-kazi',1,1,0,'2018-09-18 13:59:27',NULL),(2405,'User Logged In: PETER',1,1,0,'2018-09-19 05:12:22',NULL),(2406,'User Logged In: AHMED ABDULRAHMAN AHMED',1,1,0,'2018-09-19 05:36:10',NULL),(2407,'User Logged In: AHMED ABDULRAHMAN AHMED',1,1,0,'2018-09-19 05:52:12',NULL),(2408,'User Logged In: ISAAC',1,1,0,'2018-09-19 05:57:10',NULL),(2409,'User Logged In: JUSTUS',1,1,0,'2018-09-19 06:00:55',NULL),(2410,'User Logged In: EVANS',1,1,0,'2018-09-19 06:12:51',NULL),(2411,'User Logged In: EVANS',1,1,0,'2018-09-19 06:20:57',NULL),(2412,'User Logged In: STEPHEN',1,1,0,'2018-09-19 07:08:27',NULL),(2413,'User Logged In: EVANS',1,1,0,'2018-09-19 09:12:57',NULL),(2414,'User Logged In: JUSTUS',1,1,0,'2018-09-19 09:18:57',NULL),(2415,'User Logged In: PETER',1,1,0,'2018-09-19 10:32:31',NULL),(2416,'User Logged In: RAYMOND',1,1,0,'2018-09-19 11:28:45',NULL),(2417,'User Logged In: FRANCIS',1,1,0,'2018-09-19 11:32:44',NULL),(2418,'User Logged In: FRANCISCA',1,1,0,'2018-09-19 11:53:46',NULL),(2419,'User Logged In: Pro-kazi',1,1,0,'2018-09-19 12:11:16',NULL),(2420,'User Logged In: MERCYLINE',1,1,0,'2018-09-19 12:28:18',NULL),(2421,'User Logged In: FRANCISCA',1,1,0,'2018-09-19 13:04:49',NULL),(2422,'User Logged In: FRANCISCA',1,1,0,'2018-09-19 13:22:48',NULL),(2423,'User Logged In: AHMED ABDULRAHMAN AHMED',1,1,0,'2018-09-20 05:52:45',NULL),(2424,'User Logged In: ERIC OLENSI',1,1,0,'2018-09-20 07:17:28',NULL),(2425,'User Logged In: EVANS',1,1,0,'2018-09-20 09:21:46',NULL),(2426,'User Logged In: WASHINGTON',1,1,0,'2018-09-20 12:28:44',NULL),(2427,'User Logged In: Joseph',1,1,0,'2018-09-20 12:37:47',NULL),(2428,'User Logged In: Joseph',1,1,0,'2018-09-20 14:33:41',NULL),(2429,'User Logged In: AHMED ABDULRAHMAN AHMED',1,1,0,'2018-09-20 14:48:59',NULL),(2430,'User Logged In: Joseph',1,1,0,'2018-09-20 14:59:35',NULL),(2431,'User Logged In: PETER',1,1,0,'2018-09-21 07:12:58',NULL),(2432,'User Logged In: STEPHEN',1,1,0,'2018-09-21 07:12:58',NULL),(2433,'User Logged In: PETER',1,1,0,'2018-09-21 07:22:05',NULL),(2434,'User Logged In: FRANCISCA',1,1,0,'2018-09-21 12:00:57',NULL),(2435,'User Logged In: FLORENCE',1,1,0,'2018-09-21 12:30:19',NULL),(2436,'User Logged In: MERCYLINE',1,1,0,'2018-09-21 13:16:20',NULL),(2437,'User Logged In: Washington',1,1,0,'2018-09-21 14:03:38',NULL),(2438,'User Logged In: FRANCISCA',1,1,0,'2018-09-22 06:58:54',NULL),(2439,'User Logged In: MERCYLINE',1,1,0,'2018-09-22 07:34:06',NULL),(2440,'User Logged In: STEPHEN',1,1,0,'2018-09-22 09:21:11',NULL),(2441,'User Logged In: STEPHEN',1,1,0,'2018-09-23 19:44:19',NULL),(2442,'User Logged In: EVANS',1,1,0,'2018-09-24 05:47:28',NULL),(2443,'User Logged In: PETER',1,1,0,'2018-09-24 06:26:45',NULL),(2444,'User Logged In: STEPHEN',1,1,0,'2018-09-24 06:53:21',NULL),(2445,'User Logged In: EVANS',1,1,0,'2018-09-24 06:59:08',NULL),(2446,'User Logged In: STEPHEN',1,1,0,'2018-09-24 07:07:13',NULL),(2447,'User Logged In: JOHN',1,1,0,'2018-09-24 07:37:37',NULL),(2448,'User Logged In: STEPHEN',1,1,0,'2018-09-24 07:53:34',NULL),(2449,'User Logged In: GULJAN',1,1,0,'2018-09-24 08:20:50',NULL),(2450,'User Logged In: FRANCISCA',1,1,0,'2018-09-24 08:27:14',NULL),(2451,'User Logged In: EVANS',1,1,0,'2018-09-24 08:47:32',NULL),(2452,'User Logged In: JOHN',1,1,0,'2018-09-24 09:31:16',NULL),(2453,'User Logged In: JOHN',1,1,0,'2018-09-24 09:31:29',NULL),(2454,'User Logged In: PETER',1,1,0,'2018-09-24 10:36:55',NULL),(2455,'User Logged In: JOHN',1,1,0,'2018-09-24 12:30:20',NULL),(2456,'User Logged In: Phides',1,1,0,'2018-09-24 15:45:13',NULL),(2457,'User Logged In: Joseph',1,1,0,'2018-09-25 05:48:47',NULL),(2458,'User Logged In: EVANS',1,1,0,'2018-09-25 05:59:58',NULL),(2459,'User Logged In: EVANS',1,1,0,'2018-09-25 06:57:50',NULL),(2460,'User Logged In: EVANS',1,1,0,'2018-09-25 08:08:50',NULL),(2461,'User Logged In: AHMED ABDULRAHMAN AHMED',1,1,0,'2018-09-25 10:11:50',NULL),(2462,'User Logged In: Joseph',1,1,0,'2018-09-25 10:11:51',NULL),(2463,'User Logged In: EVANS',1,1,0,'2018-09-25 10:48:04',NULL),(2464,'User Logged In: EVANS',1,1,0,'2018-09-25 10:53:01',NULL),(2465,'User Logged In: EVANS',1,1,1,'2018-09-25 12:40:48','2018-09-26 09:09:03'),(2466,'User Logged In: JOHN',1,1,1,'2018-09-25 13:15:01','2018-09-26 09:09:03'),(2467,'User Logged In: FRANCISCA',1,1,1,'2018-09-25 13:39:54','2018-09-26 09:09:03'),(2468,'User Logged In: EVANS',1,1,1,'2018-09-26 06:28:08','2018-09-26 09:09:03'),(2469,'User Logged In: RAYMOND',1,1,1,'2018-09-26 07:06:24','2018-09-26 08:26:51'),(2470,'User Logged In: STEPHEN',1,1,1,'2018-09-26 07:55:03','2018-09-26 08:26:51'),(2471,'User Logged In: PETER',1,1,1,'2018-09-26 08:03:50','2018-09-26 08:26:51'),(2472,'User Logged In: WASHINGTON',1,1,1,'2018-09-26 08:13:34','2018-09-26 08:26:51'),(2473,'User Logged In: Pro-kazi',1,1,1,'2018-09-26 08:22:31','2018-09-26 08:26:51'),(2474,'User Logged In: EVANS',1,1,1,'2018-09-26 08:32:34','2018-09-26 09:09:03'),(2475,'User Logged In: Pro-kazi',1,1,1,'2018-09-26 08:42:34','2018-09-26 09:07:45'),(2476,'User Logged In: User',1,1,1,'2018-09-26 08:49:08','2018-09-26 09:07:45'),(2477,'User Logged In: LENROD',1,1,1,'2018-09-26 09:02:27','2018-09-26 09:07:45'),(2478,'User Logged In: EVANS',1,1,1,'2018-09-26 09:03:29','2018-09-26 09:07:45'),(2479,'User Logged In: Pro-kazi',1,1,1,'2018-09-26 09:07:33','2018-09-26 09:07:45'),(2480,'User Logged In: User',1,1,0,'2018-09-26 09:12:24',NULL),(2481,'User Logged In: Pro-kazi',1,1,0,'2018-09-26 09:13:35',NULL),(2482,'User Logged In: User',1,1,0,'2018-09-26 09:17:12',NULL),(2483,'User Logged In: EVANS',1,1,0,'2018-09-26 09:20:36',NULL),(2484,'User Logged In: EVANS',1,1,0,'2018-09-26 09:35:36',NULL),(2485,'User Logged In: EVANS',1,1,0,'2018-09-26 11:46:22',NULL),(2486,'User Logged In: Phides',1,1,0,'2018-09-26 14:34:15',NULL),(2487,'User Logged In: GRACE',1,1,0,'2018-09-26 15:17:47',NULL),(2488,'User Logged In: STEPHEN',1,1,0,'2018-09-26 15:46:16',NULL),(2489,'User Logged In: EVANS',1,1,0,'2018-09-27 05:38:29',NULL),(2490,'User Logged In: Clifford',1,1,0,'2018-09-27 05:51:35',NULL),(2491,'User Logged In: RAYMOND',1,1,0,'2018-09-27 06:16:45',NULL),(2492,'User Logged In: ISAAC',1,1,0,'2018-09-27 06:22:07',NULL),(2493,'User Logged In: JOHN',1,1,0,'2018-09-27 06:33:59',NULL),(2494,'User Logged In: MOUREEN',1,1,0,'2018-09-27 07:13:19',NULL),(2495,'User Logged In: GRACE',1,1,0,'2018-09-27 08:19:56',NULL),(2496,'User Logged In: JOHN',1,1,0,'2018-09-27 09:21:52',NULL),(2497,'User Logged In: MERCYLINE',1,1,0,'2018-09-27 09:33:35',NULL),(2498,'User Logged In: MAUREEN',1,1,0,'2018-09-27 10:07:10',NULL),(2499,'User Logged In: WASHINGTON',1,1,0,'2018-09-27 10:40:54',NULL),(2500,'User Logged In: Washington',1,1,0,'2018-09-27 10:43:21',NULL),(2501,'User Logged In: MAUREEN',1,1,0,'2018-09-27 13:06:30',NULL),(2502,'User Logged In: RAYMOND',1,1,0,'2018-09-27 13:21:26',NULL),(2503,'User Logged In: MERCYLINE',1,1,0,'2018-09-27 14:11:15',NULL),(2504,'User Logged In: GRACE',1,1,0,'2018-09-27 15:12:22',NULL),(2505,'User Logged In: Washington',1,1,0,'2018-09-28 05:20:05',NULL),(2506,'User Logged In: CATHERINE',1,1,0,'2018-09-28 05:29:20',NULL),(2507,'User Logged In: Clifford',1,1,0,'2018-09-28 06:09:41',NULL),(2508,'User Logged In: GULJAN',1,1,0,'2018-09-28 06:54:33',NULL),(2509,'User Logged In: GRACE',1,1,0,'2018-09-28 08:29:05',NULL),(2510,'User Logged In: RAYMOND',1,1,0,'2018-09-28 10:10:29',NULL),(2511,'User Logged In: EVANS',1,1,0,'2018-09-28 12:32:57',NULL),(2512,'User Logged In: FRANCISCA',1,1,0,'2018-09-28 12:51:39',NULL),(2513,'User Logged In: MERCYLINE',1,1,0,'2018-09-28 13:09:14',NULL),(2514,'User Logged In: PETER',1,1,0,'2018-09-28 13:19:20',NULL),(2515,'User Logged In: GRACE',1,1,0,'2018-09-28 14:37:52',NULL),(2516,'User Logged In: GRACE',1,1,0,'2018-09-28 14:38:06',NULL),(2517,'User Logged In: GRACE',1,1,0,'2018-09-28 14:38:40',NULL),(2518,'User Logged In: Phides',1,1,0,'2018-09-29 05:51:41',NULL),(2519,'User Logged In: Benson',1,1,0,'2018-09-29 07:15:34',NULL),(2520,'User Logged In: WASHINGTON',1,1,0,'2018-09-29 07:21:06',NULL),(2521,'User Logged In: EVANS',1,1,0,'2018-09-29 08:41:19',NULL),(2522,'User Logged In: MERCYLINE',1,1,0,'2018-09-29 11:36:20',NULL),(2523,'User Logged In: Phides',1,1,0,'2018-09-29 13:20:48',NULL),(2524,'User Logged In: WASHINGTON',1,1,0,'2018-09-29 16:54:46',NULL),(2525,'User Logged In: Phides',1,1,0,'2018-10-01 05:08:13',NULL),(2526,'User Logged In: Joseph',1,1,0,'2018-10-01 05:52:37',NULL),(2527,'User Logged In: WASHINGTON',1,1,0,'2018-10-01 06:00:26',NULL),(2528,'User Logged In: EVANS',1,1,0,'2018-10-01 07:11:39',NULL),(2529,'User Logged In: WASHINGTON',1,1,0,'2018-10-01 08:05:08',NULL),(2530,'User Logged In: JOHN',1,1,0,'2018-10-01 08:19:32',NULL),(2531,'User Logged In: GULJAN',1,1,0,'2018-10-01 09:47:31',NULL),(2532,'User Logged In: GRACE',1,1,0,'2018-10-01 11:40:23',NULL),(2533,'User Logged In: Joseph',1,1,0,'2018-10-01 11:41:07',NULL),(2534,'User Logged In: RAYMOND',1,1,0,'2018-10-01 12:22:24',NULL),(2535,'User Logged In: Clifford',1,1,0,'2018-10-01 12:30:22',NULL),(2536,'User Logged In: Joseph',1,1,0,'2018-10-01 13:24:03',NULL),(2537,'User Logged In: Joseph',1,1,0,'2018-10-01 13:25:57',NULL),(2538,'User Logged In: Joseph',1,1,0,'2018-10-01 14:42:12',NULL),(2539,'User Logged In: Joseph',1,1,0,'2018-10-01 16:19:55',NULL),(2540,'User Logged In: GRACE',1,1,0,'2018-10-01 16:31:48',NULL),(2541,'User Logged In: Joseph',1,1,0,'2018-10-02 05:03:51',NULL),(2542,'User Logged In: PETER',1,1,0,'2018-10-02 05:21:44',NULL),(2543,'User Logged In: Phides',1,1,0,'2018-10-02 05:31:32',NULL),(2544,'User Logged In: MAUREEN',1,1,0,'2018-10-02 05:42:00',NULL),(2545,'User Logged In: Joseph',1,1,0,'2018-10-02 05:53:07',NULL),(2546,'User Logged In: WASHINGTON',1,1,0,'2018-10-02 05:53:23',NULL),(2547,'User Logged In: EVANS',1,1,0,'2018-10-02 06:02:44',NULL),(2548,'User Logged In: Clifford',1,1,0,'2018-10-02 07:07:37',NULL),(2549,'User Logged In: RAYMOND',1,1,0,'2018-10-02 07:16:43',NULL),(2550,'User Logged In: GRACE',1,1,0,'2018-10-02 07:27:09',NULL),(2551,'User Logged In: EVANS',1,1,0,'2018-10-02 08:08:29',NULL),(2552,'User Logged In: JOHN',1,1,0,'2018-10-02 08:43:32',NULL),(2553,'User Logged In: Clifford',1,1,0,'2018-10-02 10:43:57',NULL),(2554,'User Logged In: Phides',1,1,0,'2018-10-02 10:50:46',NULL),(2555,'User Logged In: Pauline',1,1,0,'2018-10-02 11:13:32',NULL),(2556,'User Logged In: ISAAC',1,1,0,'2018-10-02 11:15:19',NULL),(2557,'User Logged In: Pro-kazi',1,1,0,'2018-10-02 11:15:42',NULL),(2558,'User Logged In: Pro-kazi',1,1,0,'2018-10-02 11:21:09',NULL),(2559,'User Logged In: MAUREEN',1,1,0,'2018-10-02 11:33:23',NULL),(2560,'User Logged In: PETER',1,1,0,'2018-10-02 13:22:15',NULL),(2561,'User Logged In: RAYMOND',1,1,0,'2018-10-02 14:01:00',NULL),(2562,'User Logged In: ISAAC',1,1,0,'2018-10-02 15:10:32',NULL),(2563,'User Logged In: Joseph',1,1,0,'2018-10-03 04:39:58',NULL),(2564,'User Logged In: Benson',1,1,0,'2018-10-03 05:14:24',NULL),(2565,'User Logged In: PETER',1,1,0,'2018-10-03 05:17:28',NULL),(2566,'User Logged In: EVANS',1,1,0,'2018-10-03 05:28:05',NULL),(2567,'User Logged In: RAYMOND',1,1,0,'2018-10-03 05:42:47',NULL),(2568,'User Logged In: FRANCIS',1,1,0,'2018-10-03 05:58:11',NULL),(2569,'User Logged In: JOHN',1,1,0,'2018-10-03 06:41:36',NULL),(2570,'User Logged In: AHMED ABDULRAHMAN AHMED',1,1,0,'2018-10-03 07:10:23',NULL),(2571,'User Logged In: Phides',1,1,0,'2018-10-03 07:49:29',NULL),(2572,'User Logged In: Benson',1,1,0,'2018-10-03 07:51:07',NULL),(2573,'User Logged In: LENROD',1,1,0,'2018-10-03 08:04:32',NULL),(2574,'User Logged In: WASHINGTON',1,1,0,'2018-10-03 08:50:52',NULL),(2575,'User Logged In: MERCYLINE',1,1,0,'2018-10-03 09:19:47',NULL),(2576,'User Logged In: PETER',1,1,0,'2018-10-03 10:20:21',NULL),(2577,'User Logged In: AHMED ABDULRAHMAN AHMED',1,1,0,'2018-10-03 10:25:26',NULL),(2578,'User Logged In: RAYMOND',1,1,0,'2018-10-03 10:58:26',NULL),(2579,'User Logged In: Benson',1,1,0,'2018-10-03 11:21:36',NULL),(2580,'User Logged In: FRANCIS',1,1,0,'2018-10-03 11:31:00',NULL),(2581,'User Logged In: STEPHEN',1,1,0,'2018-10-03 13:07:34',NULL),(2582,'User Logged In: Benson',1,1,0,'2018-10-03 13:46:49',NULL),(2583,'User Logged In: MERCYLINE',1,1,0,'2018-10-03 13:47:54',NULL),(2584,'User Logged In: RAYMOND',1,1,0,'2018-10-03 14:28:50',NULL),(2585,'User Logged In: Joseph',1,1,0,'2018-10-04 04:44:36',NULL),(2586,'User Logged In: PETER',1,1,0,'2018-10-04 05:03:05',NULL),(2587,'User Logged In: Clifford',1,1,0,'2018-10-04 05:52:47',NULL),(2588,'User Logged In: WASHINGTON',1,1,0,'2018-10-04 06:30:54',NULL),(2589,'User Logged In: LEONARD',1,1,0,'2018-10-04 08:49:38',NULL),(2590,'User Logged In: Phides',1,1,0,'2018-10-04 11:59:43',NULL),(2591,'User Logged In: Clifford',1,1,0,'2018-10-04 13:39:00',NULL),(2592,'User Logged In: Phides',1,1,0,'2018-10-04 15:40:04',NULL),(2593,'User Logged In: Joseph',1,1,0,'2018-10-05 05:48:53',NULL),(2594,'User Logged In: Clifford',1,1,0,'2018-10-05 06:10:11',NULL),(2595,'User Logged In: WASHINGTON',1,1,0,'2018-10-05 06:16:38',NULL),(2596,'User Logged In: ERIC OLENSI',1,1,0,'2018-10-05 07:40:55',NULL),(2597,'User Logged In: PETER',1,1,0,'2018-10-05 07:46:00',NULL),(2598,'User Logged In: RAYMOND',1,1,0,'2018-10-05 08:42:12',NULL),(2599,'User Logged In: FRANCISCA',1,1,0,'2018-10-05 08:52:51',NULL),(2600,'User Logged In: LEONARD',1,1,0,'2018-10-05 11:53:52',NULL),(2601,'User Logged In: LAWRENCE',1,1,0,'2018-10-05 12:31:50',NULL),(2602,'User Logged In: Joseph',1,1,0,'2018-10-05 12:33:41',NULL),(2603,'User Logged In: PETER',1,1,0,'2018-10-05 12:44:13',NULL),(2604,'User Logged In: RAYMOND',1,1,0,'2018-10-05 12:54:39',NULL),(2605,'User Logged In: Clifford',1,1,0,'2018-10-05 13:16:07',NULL),(2606,'User Logged In: MERCYLINE',1,1,0,'2018-10-05 14:07:10',NULL),(2607,'User Logged In: GRACE',1,1,0,'2018-10-05 14:17:17',NULL),(2608,'User Logged In: RAYMOND',1,1,0,'2018-10-06 05:46:28',NULL),(2609,'User Logged In: WASHINGTON',1,1,0,'2018-10-06 06:29:38',NULL),(2610,'User Logged In: Joseph',1,1,0,'2018-10-06 06:34:31',NULL),(2611,'User Logged In: Joseph',1,1,0,'2018-10-06 07:17:16',NULL),(2612,'User Logged In: Clifford',1,1,0,'2018-10-06 07:21:02',NULL),(2613,'User Logged In: MERCYLINE',1,1,0,'2018-10-06 07:28:52',NULL),(2614,'User Logged In: MERCYLINE',1,1,0,'2018-10-06 13:34:57',NULL),(2615,'User Logged In: IRENE',1,1,0,'2018-10-07 16:24:18',NULL),(2616,'User Logged In: PETER',1,1,0,'2018-10-08 04:52:48',NULL),(2617,'User Logged In: JOHN',1,1,0,'2018-10-08 05:43:46',NULL),(2618,'User Logged In: JOYLINAH',1,1,0,'2018-10-08 05:55:42',NULL),(2619,'User Logged In: WASHINGTON',1,1,0,'2018-10-08 06:06:41',NULL),(2620,'User Logged In: JOYLINAH',1,1,0,'2018-10-08 06:08:32',NULL),(2621,'User Logged In: Joseph',1,1,0,'2018-10-08 06:12:23',NULL),(2622,'User Logged In: Clifford',1,1,0,'2018-10-08 06:22:12',NULL),(2623,'User Logged In: Pauline',1,1,0,'2018-10-08 06:39:08',NULL),(2624,'User Logged In: Phides',1,1,0,'2018-10-08 07:27:47',NULL),(2625,'User Logged In: RAYMOND',1,1,0,'2018-10-08 09:42:41',NULL),(2626,'User Logged In: FRANCIS',1,1,0,'2018-10-08 11:15:56',NULL),(2627,'User Logged In: ISAAC',1,1,0,'2018-10-08 13:30:21',NULL),(2628,'User Logged In: Joseph',1,1,0,'2018-10-08 13:51:01',NULL),(2629,'User Logged In: RAYMOND',1,1,0,'2018-10-09 04:46:46',NULL),(2630,'User Logged In: EVANS',1,1,0,'2018-10-09 05:35:13',NULL),(2631,'User Logged In: Joseph',1,1,0,'2018-10-09 05:42:56',NULL),(2632,'User Logged In: Clifford',1,1,0,'2018-10-09 05:51:21',NULL),(2633,'User Logged In: JOHN',1,1,0,'2018-10-09 05:54:33',NULL),(2634,'User Logged In: WASHINGTON',1,1,0,'2018-10-09 06:07:07',NULL),(2635,'User Logged In: STEPHEN',1,1,0,'2018-10-09 06:12:37',NULL),(2636,'User Logged In: Benson',1,1,0,'2018-10-09 06:14:06',NULL),(2637,'User Logged In: PETER',1,1,0,'2018-10-09 06:30:08',NULL),(2638,'User Logged In: Phides',1,1,0,'2018-10-09 07:29:11',NULL),(2639,'User Logged In: Clifford',1,1,0,'2018-10-09 10:05:23',NULL),(2640,'User Logged In: GRACE',1,1,0,'2018-10-09 10:31:20',NULL),(2641,'User Logged In: RAYMOND',1,1,0,'2018-10-09 10:32:28',NULL),(2642,'User Logged In: Salim',1,1,0,'2018-10-09 10:51:31',NULL),(2643,'User Logged In: Joseph',1,1,0,'2018-10-09 11:06:50',NULL),(2644,'User Logged In: MERCYLINE',1,1,0,'2018-10-09 11:37:24',NULL),(2645,'User Logged In: FRANCIS',1,1,0,'2018-10-09 12:40:04',NULL),(2646,'User Logged In: Joseph',1,1,0,'2018-10-09 13:26:10',NULL),(2647,'User Logged In: CATHERINE',1,1,0,'2018-10-09 14:15:58',NULL),(2648,'User Logged In: MERCYLINE',1,1,0,'2018-10-09 14:36:05',NULL),(2649,'User Logged In: GRACE',1,1,0,'2018-10-09 15:03:43',NULL),(2650,'User Logged In: Joseph',1,1,0,'2018-10-09 15:23:35',NULL),(2651,'User Logged In: Benson',1,1,0,'2018-10-09 16:41:59',NULL),(2652,'User Logged In: Clifford',1,1,0,'2018-10-11 05:09:25',NULL),(2653,'User Logged In: JOHN',1,1,0,'2018-10-11 05:09:39',NULL),(2654,'User Logged In: Joseph',1,1,0,'2018-10-11 05:19:02',NULL),(2655,'User Logged In: PETER',1,1,0,'2018-10-11 05:23:58',NULL),(2656,'User Logged In: LAWRENCE',1,1,0,'2018-10-11 05:38:42',NULL),(2657,'User Logged In: MOSES',1,1,0,'2018-10-11 05:44:44',NULL),(2658,'User Logged In: Benson',1,1,0,'2018-10-11 06:11:16',NULL),(2659,'User Logged In: RAYMOND',1,1,0,'2018-10-11 06:17:55',NULL),(2660,'User Logged In: Phides',1,1,0,'2018-10-11 07:12:39',NULL),(2661,'User Logged In: EVANS',1,1,0,'2018-10-11 07:20:14',NULL),(2662,'User Logged In: STEPHEN',1,1,0,'2018-10-11 07:44:54',NULL),(2663,'User Logged In: WASHINGTON',1,1,0,'2018-10-11 08:56:40',NULL),(2664,'User Logged In: CATHERINE',1,1,0,'2018-10-11 09:02:04',NULL),(2665,'User Logged In: Clifford',1,1,0,'2018-10-11 09:07:11',NULL),(2666,'User Logged In: JOHN',1,1,0,'2018-10-11 09:10:50',NULL),(2667,'User Logged In: MERCYLINE',1,1,0,'2018-10-11 09:15:22',NULL),(2668,'User Logged In: Jesinta',1,1,0,'2018-10-11 09:16:04',NULL),(2669,'User Logged In: Pro-kazi',1,1,0,'2018-10-11 09:25:57',NULL),(2670,'User Logged In: Jesinta',1,1,0,'2018-10-11 11:46:40',NULL),(2671,'User Logged In: ISAAC',1,1,0,'2018-10-11 12:40:37',NULL),(2672,'User Logged In: LEONARD',1,1,0,'2018-10-11 12:47:19',NULL),(2673,'User Logged In: Jesinta',1,1,0,'2018-10-11 14:03:07',NULL),(2674,'User Logged In: CATHERINE',1,1,0,'2018-10-12 02:33:52',NULL),(2675,'User Logged In: ERIC OLENSI',1,1,0,'2018-10-12 05:00:25',NULL),(2676,'User Logged In: PETER',1,1,0,'2018-10-12 05:02:38',NULL),(2677,'User Logged In: Joseph',1,1,0,'2018-10-12 05:12:23',NULL),(2678,'User Logged In: Clifford',1,1,0,'2018-10-12 05:13:40',NULL),(2679,'User Logged In: Benson',1,1,0,'2018-10-12 05:46:29',NULL),(2680,'User Logged In: WASHINGTON',1,1,0,'2018-10-12 06:11:16',NULL),(2681,'User Logged In: ISAAC',1,1,0,'2018-10-12 06:12:32',NULL),(2682,'User Logged In: JOHN',1,1,0,'2018-10-12 06:18:51',NULL),(2683,'User Logged In: Phides',1,1,0,'2018-10-12 06:19:37',NULL),(2684,'User Logged In: Clifford',1,1,0,'2018-10-12 06:41:11',NULL),(2685,'User Logged In: EVANS',1,1,0,'2018-10-12 07:51:35',NULL),(2686,'User Logged In: Joseph',1,1,0,'2018-10-12 08:22:49',NULL),(2687,'User Logged In: GRACE',1,1,0,'2018-10-12 09:16:54',NULL),(2688,'User Logged In: Phides',1,1,0,'2018-10-12 09:25:04',NULL),(2689,'User Logged In: CHRISPUS',1,1,0,'2018-10-12 09:48:46',NULL),(2690,'User Logged In: FRANCISCA',1,1,0,'2018-10-12 09:51:07',NULL),(2691,'User Logged In: User',1,1,0,'2018-10-12 10:11:34',NULL),(2692,'User Logged In: EVANS',1,1,0,'2018-10-12 10:11:49',NULL),(2693,'User Logged In: EVANS',1,1,0,'2018-10-12 10:15:50',NULL),(2694,'User Logged In: FRANCISCA',1,1,0,'2018-10-12 11:38:03',NULL),(2695,'User Logged In: RAYMOND',1,1,0,'2018-10-12 11:47:58',NULL),(2696,'User Logged In: MERCYLINE',1,1,0,'2018-10-12 12:25:53',NULL),(2697,'User Logged In: GRACE',1,1,0,'2018-10-12 13:10:32',NULL),(2698,'User Logged In: MAUREEN',1,1,0,'2018-10-12 13:21:25',NULL),(2699,'User Logged In: FRANCIS',1,1,0,'2018-10-12 13:49:48',NULL),(2700,'User Logged In: RAYMOND',1,1,0,'2018-10-12 13:56:06',NULL),(2701,'User Logged In: JOHN',1,1,0,'2018-10-12 14:26:14',NULL),(2702,'User Logged In: Phides',1,1,0,'2018-10-12 16:01:17',NULL),(2703,'User Logged In: Benson',1,1,0,'2018-10-12 17:01:07',NULL),(2704,'User Logged In: Clifford',1,1,0,'2018-10-13 03:44:09',NULL),(2705,'User Logged In: Salim',1,1,0,'2018-10-13 04:49:36',NULL),(2706,'User Logged In: Benson',1,1,0,'2018-10-13 05:42:37',NULL),(2707,'User Logged In: RAYMOND',1,1,0,'2018-10-13 07:16:55',NULL),(2708,'User Logged In: Clifford',1,1,0,'2018-10-13 07:37:54',NULL),(2709,'User Logged In: FRANCIS',1,1,0,'2018-10-13 07:47:26',NULL),(2710,'User Logged In: WASHINGTON',1,1,0,'2018-10-13 07:57:48',NULL),(2711,'User Logged In: GRACE',1,1,0,'2018-10-13 12:40:10',NULL),(2712,'User Logged In: Phides',1,1,0,'2018-10-13 15:51:09',NULL),(2713,'User Logged In: Benson',1,1,0,'2018-10-14 06:09:06',NULL),(2714,'User Logged In: CATHERINE',1,1,0,'2018-10-15 03:03:45',NULL),(2715,'User Logged In: Joseph',1,1,0,'2018-10-15 05:43:53',NULL),(2716,'User Logged In: WASHINGTON',1,1,0,'2018-10-15 06:19:09',NULL),(2717,'User Logged In: Phides',1,1,0,'2018-10-15 06:51:41',NULL),(2718,'User Logged In: JOHN',1,1,0,'2018-10-15 07:26:54',NULL),(2719,'User Logged In: JOHN',1,1,0,'2018-10-15 07:34:53',NULL),(2720,'User Logged In: CHRISPUS',1,1,0,'2018-10-15 09:08:12',NULL),(2721,'User Logged In: RAYMOND',1,1,0,'2018-10-15 09:26:31',NULL),(2722,'User Logged In: WASHINGTON',1,1,0,'2018-10-15 09:53:19',NULL),(2723,'User Logged In: Phides',1,1,0,'2018-10-15 11:04:00',NULL),(2724,'User Logged In: PETER',1,1,0,'2018-10-15 11:23:05',NULL),(2725,'User Logged In: RAYMOND',1,1,0,'2018-10-15 12:53:31',NULL),(2726,'User Logged In: GULJAN',1,1,0,'2018-10-15 14:10:05',NULL),(2727,'User Logged In: MERCYLINE',1,1,0,'2018-10-15 17:24:00',NULL),(2728,'User Logged In: EVANS',1,1,0,'2018-10-16 05:30:23',NULL),(2729,'User Logged In: EVANS',1,1,0,'2018-10-16 05:35:21',NULL),(2730,'User Logged In: Clifford',1,1,0,'2018-10-16 05:35:37',NULL),(2731,'User Logged In: Pauline',1,1,0,'2018-10-16 05:39:30',NULL),(2732,'User Logged In: Joseph',1,1,0,'2018-10-16 05:45:56',NULL),(2733,'User Logged In: Phides',1,1,0,'2018-10-16 05:50:33',NULL),(2734,'User Logged In: FRANCIS',1,1,0,'2018-10-16 06:20:20',NULL),(2735,'User Logged In: RAYMOND',1,1,0,'2018-10-16 06:22:10',NULL),(2736,'User Logged In: Pro-kazi',1,1,0,'2018-10-16 06:29:04',NULL),(2737,'User Logged In: Pro-kazi',1,1,0,'2018-10-16 07:04:13',NULL),(2738,'User Logged In: WASHINGTON',1,1,0,'2018-10-16 07:29:05',NULL),(2739,'User Logged In: FRANCISCA',1,1,0,'2018-10-16 07:46:44',NULL),(2740,'User Logged In: Pro-kazi',1,1,0,'2018-10-16 08:11:14',NULL),(2741,'User Logged In: Clifford',1,1,0,'2018-10-16 08:12:24',NULL),(2742,'User Logged In: FRANCISCA',1,1,0,'2018-10-16 08:53:28',NULL),(2743,'User Logged In: FRANCISCA',1,1,0,'2018-10-16 08:54:03',NULL),(2744,'User Logged In: GULJAN',1,1,0,'2018-10-16 09:30:07',NULL),(2745,'User Logged In: GULJAN',1,1,0,'2018-10-16 09:34:16',NULL),(2746,'User Logged In: Phides',1,1,0,'2018-10-16 10:38:26',NULL),(2747,'User Logged In: GULJAN',1,1,0,'2018-10-16 11:15:30',NULL),(2748,'User Logged In: FRANCISCA',1,1,0,'2018-10-16 12:04:43',NULL),(2749,'User Logged In: Pro-kazi',1,1,0,'2018-10-16 12:24:04',NULL),(2750,'User Logged In: RAYMOND',1,1,0,'2018-10-16 13:06:10',NULL),(2751,'User Logged In: WASHINGTON',1,1,0,'2018-10-16 15:06:19',NULL),(2752,'User Logged In: Benson',1,1,0,'2018-10-16 17:44:44',NULL),(2753,'User Logged In: LEONARD',1,1,0,'2018-10-16 20:51:40',NULL),(2754,'User Logged In: Joseph',1,1,0,'2018-10-17 06:06:16',NULL),(2755,'User Logged In: Clifford',1,1,0,'2018-10-17 06:50:20',NULL),(2756,'User Logged In: GULJAN',1,1,0,'2018-10-17 07:06:41',NULL),(2757,'User Logged In: Pro-kazi',1,1,0,'2018-10-17 07:15:57',NULL),(2758,'User Logged In: RAYMOND',1,1,0,'2018-10-17 07:27:33',NULL),(2759,'User Logged In: WASHINGTON',1,1,0,'2018-10-17 07:40:09',NULL),(2760,'User Logged In: EVANS',1,1,0,'2018-10-17 08:01:22',NULL),(2761,'User Logged In: EVANS',1,1,0,'2018-10-17 09:30:15',NULL),(2762,'User Logged In: RAYMOND',1,1,0,'2018-10-17 11:03:24',NULL),(2763,'User Logged In: RAYMOND',1,1,0,'2018-10-17 11:05:40',NULL),(2764,'User Logged In: Pro-kazi',1,1,0,'2018-10-17 11:08:45',NULL),(2765,'User Logged In: FRANCIS',1,1,0,'2018-10-17 11:11:56',NULL),(2766,'User Logged In: GULJAN',1,1,0,'2018-10-17 12:14:29',NULL),(2767,'User Logged In: RAYMOND',1,1,0,'2018-10-17 13:31:47',NULL),(2768,'User Logged In: RAYMOND',1,1,0,'2018-10-17 13:32:00',NULL),(2769,'User Logged In: WASHINGTON',1,1,0,'2018-10-17 13:37:24',NULL),(2770,'User Logged In: Pro-kazi',1,1,0,'2018-10-17 14:34:55',NULL),(2771,'User Logged In: Pro-kazi',1,1,0,'2018-10-17 14:37:03',NULL),(2772,'User Logged In: FRANCISCA',1,1,0,'2018-10-17 14:43:05',NULL),(2773,'User Logged In: Pro-kazi',1,1,0,'2018-10-17 15:00:02',NULL),(2774,'User Logged In: Pro-kazi',1,1,0,'2018-10-17 15:04:45',NULL),(2775,'User Logged In: PETER',1,1,0,'2018-10-17 15:07:34',NULL),(2776,'User Logged In: Joseph',1,1,0,'2018-10-17 15:35:39',NULL),(2777,'User Logged In: Pro-kazi',1,1,0,'2018-10-18 00:58:40',NULL),(2778,'User Logged In: Clifford',1,1,0,'2018-10-18 04:49:35',NULL),(2779,'User Logged In: Joseph',1,1,0,'2018-10-18 05:00:58',NULL),(2780,'User Logged In: EVANS',1,1,0,'2018-10-18 05:31:58',NULL),(2781,'User Logged In: Joseph',1,1,0,'2018-10-18 05:46:37',NULL),(2782,'User Logged In: Joseph',1,1,0,'2018-10-18 05:51:05',NULL),(2783,'User Logged In: Pro-kazi',1,1,0,'2018-10-18 05:51:36',NULL),(2784,'User Logged In: Joseph',1,1,0,'2018-10-18 05:54:40',NULL),(2785,'User Logged In: JOHN',1,1,0,'2018-10-18 06:15:27',NULL),(2786,'User Logged In: JOHN',1,1,0,'2018-10-18 06:16:51',NULL),(2787,'User Logged In: JOHN',1,1,0,'2018-10-18 06:23:15',NULL),(2788,'User Logged In: Pro-kazi',1,1,0,'2018-10-18 06:24:04',NULL),(2789,'User Logged In: LEONARD',1,1,0,'2018-10-18 06:48:31',NULL),(2790,'User Logged In: RAYMOND',1,1,0,'2018-10-18 07:23:04',NULL),(2791,'User Logged In: EVANS',1,1,0,'2018-10-18 13:01:13',NULL),(2792,'User Logged In: EVANS',1,1,0,'2018-10-18 13:02:05',NULL),(2793,'User Logged In: Pro-kazi',1,1,0,'2018-10-18 13:02:29',NULL),(2794,'User Logged In: JOHN',1,1,0,'2018-10-18 13:02:53',NULL),(2795,'User Logged In: FRANCISCA',1,1,0,'2018-10-18 13:09:32',NULL),(2796,'User Logged In: Phides',1,1,0,'2018-10-18 14:49:41',NULL),(2797,'User Logged In: WASHINGTON',1,1,0,'2018-10-18 16:11:19',NULL),(2798,'User Logged In: GRACE',1,1,0,'2018-10-18 16:31:49',NULL),(2799,'User Logged In: LEONARD',1,1,0,'2018-10-18 17:59:04',NULL),(2800,'User Logged In: PETER',1,1,0,'2018-10-19 04:07:07',NULL),(2801,'User Logged In: Joseph',1,1,0,'2018-10-19 04:52:00',NULL),(2802,'User Logged In: EVANS',1,1,0,'2018-10-19 04:59:09',NULL),(2803,'User Logged In: LENROD',1,1,0,'2018-10-19 05:21:54',NULL),(2804,'User Logged In: Phides',1,1,0,'2018-10-19 05:33:51',NULL),(2805,'User Logged In: Pro-kazi',1,1,0,'2018-10-19 05:49:05',NULL),(2806,'User Logged In: RAYMOND',1,1,0,'2018-10-19 05:54:12',NULL),(2807,'User Logged In: Benson',1,1,0,'2018-10-19 06:00:51',NULL),(2808,'User Logged In: Clifford',1,1,0,'2018-10-19 06:05:58',NULL),(2809,'User Logged In: WASHINGTON',1,1,0,'2018-10-19 06:45:23',NULL),(2810,'User Logged In: EVANS',1,1,0,'2018-10-19 07:08:38',NULL),(2811,'User Logged In: FRANCISCA',1,1,0,'2018-10-19 08:03:12',NULL),(2812,'User Logged In: GULJAN',1,1,0,'2018-10-19 08:34:29',NULL),(2813,'User Logged In: FRANCISCA',1,1,0,'2018-10-19 09:38:10',NULL),(2814,'User Logged In: FRANCISCA',1,1,0,'2018-10-19 09:43:03',NULL),(2815,'User Logged In: EVANS',1,1,0,'2018-10-19 09:50:32',NULL),(2816,'User Logged In: Phides',1,1,0,'2018-10-19 12:51:14',NULL),(2817,'User Logged In: Joseph',1,1,0,'2018-10-19 14:27:14',NULL),(2818,'User Logged In: Pro-kazi',1,1,0,'2018-10-20 13:25:57',NULL),(2819,'User Logged In: WASHINGTON',1,1,0,'2018-10-20 21:57:25',NULL),(2820,'User Logged In: RAYMOND',1,1,0,'2018-10-21 08:26:50',NULL),(2821,'User Logged In: LENROD',1,1,0,'2018-10-22 03:20:57',NULL),(2822,'User Logged In: RAYMOND',1,1,0,'2018-10-22 04:25:30',NULL),(2823,'User Logged In: Joseph',1,1,0,'2018-10-22 05:32:19',NULL),(2824,'User Logged In: JOHN',1,1,0,'2018-10-22 05:44:38',NULL),(2825,'User Logged In: EVANS',1,1,0,'2018-10-22 07:32:36',NULL),(2826,'User Logged In: RAYMOND',1,1,0,'2018-10-22 07:58:09',NULL),(2827,'User Logged In: FRANCIS',1,1,0,'2018-10-22 08:22:43',NULL),(2828,'User Logged In: GULJAN',1,1,0,'2018-10-22 08:33:51',NULL),(2829,'User Logged In: GULJAN',1,1,0,'2018-10-22 08:42:25',NULL),(2830,'User Logged In: FRANCISCA',1,1,0,'2018-10-22 09:47:50',NULL),(2831,'User Logged In: BILHA AMAGOVE',1,1,0,'2018-10-22 10:32:33',NULL),(2832,'User Logged In: Pauline',1,1,0,'2018-10-22 11:07:24',NULL),(2833,'User Logged In: JOHN',1,1,0,'2018-10-22 11:16:51',NULL),(2834,'User Logged In: CATHERINE',1,1,0,'2018-10-22 11:27:17',NULL),(2835,'User Logged In: MERCYLINE',1,1,0,'2018-10-22 12:46:38',NULL),(2836,'User Logged In: Joseph',1,1,0,'2018-10-22 12:57:20',NULL),(2837,'User Logged In: ISAAC',1,1,0,'2018-10-22 14:21:41',NULL),(2838,'User Logged In: EVANS',1,1,0,'2018-10-23 05:13:21',NULL),(2839,'User Logged In: Joseph',1,1,0,'2018-10-23 05:39:47',NULL),(2840,'User Logged In: RAYMOND',1,1,0,'2018-10-23 07:03:51',NULL),(2841,'User Logged In: ERIC OLENSI',1,1,0,'2018-10-23 07:09:22',NULL),(2842,'User Logged In: Phides',1,1,0,'2018-10-23 08:07:23',NULL),(2843,'User Logged In: GULJAN',1,1,0,'2018-10-23 08:26:35',NULL),(2844,'User Logged In: Pauline',1,1,0,'2018-10-23 09:11:24',NULL),(2845,'User Logged In: PETER',1,1,0,'2018-10-23 10:58:23',NULL),(2846,'User Logged In: ISAAC',1,1,0,'2018-10-23 11:52:19',NULL),(2847,'User Logged In: Joseph',1,1,0,'2018-10-23 13:19:35',NULL),(2848,'User Logged In: GRACE',1,1,0,'2018-10-23 13:55:18',NULL),(2849,'User Logged In: Pauline',1,1,0,'2018-10-23 14:11:12',NULL),(2850,'User Logged In: ISAAC',1,1,0,'2018-10-23 14:18:57',NULL),(2851,'User Logged In: WASHINGTON',1,1,0,'2018-10-23 16:15:09',NULL),(2852,'User Logged In: Pro-kazi',1,1,0,'2018-10-23 18:01:03',NULL),(2853,'User Logged In: PETER',1,1,0,'2018-10-24 04:33:55',NULL),(2854,'User Logged In: Joseph',1,1,0,'2018-10-24 04:37:49',NULL),(2855,'User Logged In: BILHA AMAGOVE',1,1,0,'2018-10-24 05:15:56',NULL),(2856,'User Logged In: Rodger',1,1,0,'2018-10-24 05:18:18',NULL),(2857,'User Logged In: Pro-kazi',1,1,0,'2018-10-24 05:33:22',NULL),(2858,'User Logged In: GULJAN',1,1,0,'2018-10-24 05:42:07',NULL),(2859,'User Logged In: Rodger',1,1,0,'2018-10-24 05:43:48',NULL),(2860,'User Logged In: Pro-kazi',1,1,0,'2018-10-24 05:44:45',NULL),(2861,'User Logged In: RAYMOND',1,1,0,'2018-10-24 03:51:33',NULL),(2862,'User Logged In: FRANCIS',1,1,0,'2018-10-24 05:23:58',NULL),(2863,'User Logged In: FRANCISCA',1,1,0,'2018-10-24 05:56:51',NULL),(2864,'User Logged In: EVANS',1,1,0,'2018-10-24 06:02:08',NULL),(2865,'User Logged In: PETER',1,1,0,'2018-10-24 06:04:53',NULL),(2866,'User Logged In: Phides',1,1,0,'2018-10-24 07:52:59',NULL),(2867,'User Logged In: ERIC OLENSI',1,1,0,'2018-10-24 08:32:17',NULL),(2868,'User Logged In: EVANS',1,1,0,'2018-10-24 09:04:22',NULL),(2869,'User Logged In: WASHINGTON',1,1,0,'2018-10-24 09:09:33',NULL),(2870,'User Logged In: LEONARD',1,1,0,'2018-10-24 09:10:41',NULL),(2871,'User Logged In: MERCYLINE',1,1,0,'2018-10-24 10:00:33',NULL),(2872,'User Logged In: JOHN',1,1,0,'2018-10-24 10:04:41',NULL),(2873,'User Logged In: Pro-kazi',1,1,0,'2018-10-24 10:30:36',NULL),(2874,'User Logged In: PETER',1,1,0,'2018-10-24 10:51:18',NULL),(2875,'User Logged In: STEPHEN',1,1,0,'2018-10-24 11:03:51',NULL),(2876,'User Logged In: ISAAC',1,1,0,'2018-10-24 11:18:23',NULL),(2877,'User Logged In: FRANCISCA',1,1,0,'2018-10-24 11:54:36',NULL),(2878,'User Logged In: Clifford',1,1,0,'2018-10-25 01:36:07',NULL),(2879,'User Logged In: PETER',1,1,0,'2018-10-25 01:50:32',NULL),(2880,'User Logged In: EVANS',1,1,0,'2018-10-25 02:46:37',NULL),(2881,'User Logged In: CHRISPUS',1,1,0,'2018-10-25 03:29:12',NULL),(2882,'User Logged In: ISAAC',1,1,0,'2018-10-25 03:33:52',NULL),(2883,'User Logged In: LENROD',1,1,0,'2018-10-25 04:21:18',NULL),(2884,'User Logged In: RAYMOND',1,1,0,'2018-10-25 04:54:38',NULL),(2885,'User Logged In: Joseph',1,1,0,'2018-10-25 05:41:05',NULL),(2886,'User Logged In: Pro-kazi',1,1,0,'2018-10-25 05:55:33',NULL),(2887,'User Logged In: GRACE',1,1,0,'2018-10-25 06:28:23',NULL),(2888,'User Logged In: Joseph',1,1,0,'2018-10-25 06:34:44',NULL),(2889,'User Logged In: Phides',1,1,0,'2018-10-25 07:29:32',NULL),(2890,'User Logged In: JOHN',1,1,0,'2018-10-25 08:40:49',NULL),(2891,'User Logged In: LEONARD',1,1,0,'2018-10-25 08:57:32',NULL),(2892,'User Logged In: Pauline',1,1,0,'2018-10-25 09:04:31',NULL),(2893,'User Logged In: FRANCIS',1,1,0,'2018-10-25 11:07:50',NULL),(2894,'User Logged In: LEONARD',1,1,0,'2018-10-25 11:29:52',NULL),(2895,'User Logged In: WASHINGTON',1,1,0,'2018-10-25 12:43:43',NULL),(2896,'User Logged In: Rodger',1,1,0,'2018-10-26 01:23:48',NULL),(2897,'User Logged In: Joseph',1,1,0,'2018-10-26 01:28:27',NULL),(2898,'User Logged In: PETER',1,1,0,'2018-10-26 01:29:06',NULL),(2899,'User Logged In: Rodger',1,1,0,'2018-10-26 01:40:25',NULL),(2900,'User Logged In: Clifford',1,1,0,'2018-10-26 01:46:29',NULL),(2901,'User Logged In: WASHINGTON',1,1,0,'2018-10-26 02:44:48',NULL),(2902,'User Logged In: EVANS',1,1,0,'2018-10-26 02:50:58',NULL),(2903,'User Logged In: ERIC OLENSI',1,1,0,'2018-10-26 02:58:33',NULL),(2904,'User Logged In: RAYMOND',1,1,0,'2018-10-26 03:35:03',NULL),(2905,'User Logged In: LENROD',1,1,0,'2018-10-26 05:11:29',NULL),(2906,'User Logged In: ERIC OLENSI',1,1,0,'2018-10-26 05:13:22',NULL),(2907,'User Logged In: WASHINGTON',1,1,0,'2018-10-26 09:12:42',NULL),(2908,'User Logged In: GRACE',1,1,0,'2018-10-26 09:28:19',NULL),(2909,'User Logged In: Pauline',1,1,0,'2018-10-26 09:52:17',NULL),(2910,'User Logged In: FRANCISCA',1,1,0,'2018-10-26 10:35:12',NULL),(2911,'User Logged In: Jesinta',1,1,0,'2018-10-26 10:42:09',NULL),(2912,'User Logged In: MARTIN',1,1,0,'2018-10-26 11:16:24',NULL),(2913,'User Logged In: Clifford',1,1,0,'2018-10-27 02:06:36',NULL),(2914,'User Logged In: BILHA AMAGOVE',1,1,0,'2018-10-27 02:20:41',NULL),(2915,'User Logged In: Joseph',1,1,0,'2018-10-27 03:31:53',NULL),(2916,'User Logged In: CHRISPUS',1,1,0,'2018-10-27 06:27:37',NULL),(2917,'User Logged In: Benson',1,1,0,'2018-10-28 04:25:43',NULL),(2918,'User Logged In: Joseph',1,1,0,'2018-10-29 01:49:02',NULL),(2919,'User Logged In: LENROD',1,1,0,'2018-10-29 02:55:31',NULL),(2920,'User Logged In: JOHN',1,1,0,'2018-10-29 03:00:18',NULL),(2921,'User Logged In: AHMED ABDULRAHMAN AHMED',1,1,0,'2018-10-29 03:04:31',NULL),(2922,'User Logged In: RAYMOND',1,1,0,'2018-10-29 03:15:21',NULL),(2923,'User Logged In: EVANS',1,1,0,'2018-10-29 03:38:06',NULL),(2924,'User Logged In: STEPHEN',1,1,0,'2018-10-29 03:48:15',NULL),(2925,'User Logged In: EVANS',1,1,0,'2018-10-29 04:00:24',NULL),(2926,'User Logged In: CATHERINE',1,1,0,'2018-10-29 04:14:02',NULL),(2927,'User Logged In: FRANCISCA',1,1,0,'2018-10-29 04:25:46',NULL),(2928,'User Logged In: RAYMOND',1,1,0,'2018-10-29 06:06:03',NULL),(2929,'User Logged In: RAYMOND',1,1,0,'2018-10-29 06:06:28',NULL),(2930,'User Logged In: GRACE',1,1,0,'2018-10-29 07:50:36',NULL),(2931,'User Logged In: PETER',1,1,0,'2018-10-29 07:57:03',NULL),(2932,'User Logged In: WASHINGTON',1,1,0,'2018-10-29 08:00:02',NULL),(2933,'User Logged In: PATRICK',1,1,0,'2018-10-29 08:03:58',NULL),(2934,'User Logged In: ISAAC',1,1,0,'2018-10-29 09:23:25',NULL),(2935,'User Logged In: GRACE',1,1,0,'2018-10-29 10:05:59',NULL),(2936,'User Logged In: PATRICK',1,1,0,'2018-10-29 10:42:03',NULL),(2937,'User Logged In: EVANS',1,1,0,'2018-10-29 11:13:30',NULL),(2938,'User Logged In: WASHINGTON',1,1,0,'2018-10-29 11:25:59',NULL),(2939,'User Logged In: ISAAC',1,1,0,'2018-10-29 14:54:37',NULL),(2940,'User Logged In: STEPHEN',1,1,0,'2018-10-30 03:12:53',NULL),(2941,'User Logged In: Joseph',1,1,0,'2018-10-30 03:30:22',NULL),(2942,'User Logged In: EVANS',1,1,0,'2018-10-30 03:34:10',NULL),(2943,'User Logged In: George',1,1,0,'2018-10-30 04:17:04',NULL),(2944,'User Logged In: PETER',1,1,0,'2018-10-30 04:37:13',NULL),(2945,'User Logged In: GULJAN',1,1,0,'2018-10-30 04:52:05',NULL),(2946,'User Logged In: George',1,1,0,'2018-10-30 05:15:33',NULL),(2947,'User Logged In: Phides',1,1,0,'2018-10-30 05:48:39',NULL),(2948,'User Logged In: MERCYLINE',1,1,0,'2018-10-30 06:17:44',NULL),(2949,'User Logged In: GRACE',1,1,0,'2018-10-30 07:48:48',NULL),(2950,'User Logged In: EVANS',1,1,0,'2018-10-30 09:49:24',NULL),(2951,'User Logged In: ISAAC',1,1,0,'2018-10-30 12:03:27',NULL),(2952,'User Logged In: PETER',1,1,0,'2018-10-31 01:41:45',NULL),(2953,'User Logged In: JOHN',1,1,0,'2018-10-31 02:00:29',NULL),(2954,'User Logged In: Phides',1,1,0,'2018-10-31 02:07:46',NULL),(2955,'User Logged In: Joseph',1,1,0,'2018-10-31 02:15:42',NULL),(2956,'User Logged In: ERIC',1,1,0,'2018-10-31 02:16:08',NULL),(2957,'User Logged In: EVANS',1,1,0,'2018-10-31 03:02:41',NULL),(2958,'User Logged In: GRACE',1,1,0,'2018-10-31 04:08:45',NULL),(2959,'User Logged In: Jesinta',1,1,0,'2018-10-31 04:16:14',NULL),(2960,'User Logged In: LENROD',1,1,0,'2018-10-31 04:22:20',NULL),(2961,'User Logged In: JOHN',1,1,0,'2018-10-31 04:56:16',NULL),(2962,'User Logged In: FRANCISCA',1,1,0,'2018-10-31 05:23:02',NULL),(2963,'User Logged In: GULJAN',1,1,0,'2018-10-31 05:46:54',NULL),(2964,'User Logged In: FRANCISCA',1,1,0,'2018-10-31 06:18:27',NULL),(2965,'User Logged In: EVANS',1,1,0,'2018-10-31 06:52:19',NULL),(2966,'User Logged In: FRANCISCA',1,1,0,'2018-10-31 08:28:08',NULL),(2967,'User Logged In: MOUREEN',1,1,0,'2018-10-31 09:14:52',NULL),(2968,'User Logged In: FRANCISCA',1,1,0,'2018-10-31 10:06:48',NULL),(2969,'User Logged In: FRANCISCA',1,1,0,'2018-10-31 10:23:35',NULL),(2970,'User Logged In: RAYMOND',1,1,0,'2018-10-31 11:03:50',NULL),(2971,'User Logged In: EVANS',1,1,0,'2018-11-01 01:26:58',NULL),(2972,'User Logged In: PETER',1,1,0,'2018-11-01 02:04:55',NULL),(2973,'User Logged In: Phides',1,1,0,'2018-11-01 02:41:44',NULL),(2974,'User Logged In: Joseph',1,1,0,'2018-11-01 03:05:02',NULL),(2975,'User Logged In: STEPHEN',1,1,0,'2018-11-01 03:20:55',NULL),(2976,'User Logged In: ISAAC',1,1,0,'2018-11-01 03:24:19',NULL),(2977,'User Logged In: FRANCISCA',1,1,0,'2018-11-01 03:27:39',NULL),(2978,'User Logged In: FRANCISCA',1,1,0,'2018-11-01 03:34:40',NULL),(2979,'User Logged In: FRANCISCA',1,1,0,'2018-11-01 03:35:28',NULL),(2980,'User Logged In: FRANCISCA',1,1,0,'2018-11-01 03:37:14',NULL),(2981,'User Logged In: FRANCISCA',1,1,0,'2018-11-01 03:37:31',NULL),(2982,'User Logged In: Pro-kazi',1,1,0,'2018-11-01 03:50:02',NULL),(2983,'User Logged In: EVANS',1,1,0,'2018-11-01 03:58:56',NULL),(2984,'User Logged In: GULJAN',1,1,0,'2018-11-01 04:16:18',NULL),(2985,'User Logged In: FRANCISCA',1,1,0,'2018-11-01 04:56:24',NULL),(2986,'User Logged In: FRANCISCA',1,1,0,'2018-11-01 05:23:25',NULL),(2987,'User Logged In: EVANS',1,1,0,'2018-11-01 07:05:58',NULL),(2988,'User Logged In: LENROD',1,1,0,'2018-11-01 07:43:39',NULL),(2989,'User Logged In: Joseph',1,1,0,'2018-11-01 07:55:03',NULL),(2990,'User Logged In: Phides',1,1,0,'2018-11-01 08:16:59',NULL),(2991,'User Logged In: ISAAC',1,1,0,'2018-11-01 08:23:07',NULL),(2992,'User Logged In: GRACE',1,1,0,'2018-11-01 08:39:55',NULL),(2993,'User Logged In: FRANCISCA',1,1,0,'2018-11-01 09:02:04',NULL),(2994,'User Logged In: PETER',1,1,0,'2018-11-01 09:34:35',NULL),(2995,'User Logged In: GULJAN',1,1,0,'2018-11-02 02:35:30',NULL),(2996,'User Logged In: Pro-kazi',1,1,0,'2018-11-02 03:04:21',NULL),(2997,'User Logged In: EVANS',1,1,0,'2018-11-02 03:07:08',NULL),(2998,'User Logged In: PETER',1,1,0,'2018-11-02 03:10:31',NULL),(2999,'User Logged In: Joseph',1,1,0,'2018-11-02 03:15:19',NULL),(3000,'User Logged In: Phides',1,1,0,'2018-11-02 04:52:50',NULL),(3001,'User Logged In: FRANCISCA',1,1,0,'2018-11-02 06:07:39',NULL),(3002,'User Logged In: PETER',1,1,0,'2018-11-02 06:49:18',NULL),(3003,'User Logged In: RAYMOND',1,1,0,'2018-11-02 06:59:27',NULL),(3004,'User Logged In: WASHINGTON',1,1,0,'2018-11-02 07:19:05',NULL),(3005,'User Logged In: CATHERINE',1,1,0,'2018-11-02 07:23:05',NULL),(3006,'User Logged In: WASHINGTON',1,1,0,'2018-11-02 07:26:21',NULL),(3007,'User Logged In: FRANCISCA',1,1,0,'2018-11-02 07:53:28',NULL),(3008,'User Logged In: CATHERINE',1,1,0,'2018-11-02 08:10:27',NULL),(3009,'User Logged In: CATHERINE',1,1,0,'2018-11-02 08:10:47',NULL),(3010,'User Logged In: Joseph',1,1,0,'2018-11-02 08:58:46',NULL),(3011,'User Logged In: JOHN',1,1,0,'2018-11-02 09:36:49',NULL),(3012,'User Logged In: FRANCISCA',1,1,0,'2018-11-02 09:52:48',NULL),(3013,'User Logged In: Pro-kazi',1,1,0,'2018-11-02 09:55:34',NULL),(3014,'User Logged In: EVANS',1,1,0,'2018-11-02 11:23:33',NULL),(3015,'User Logged In: CATHERINE',1,1,0,'2018-11-03 01:38:16',NULL),(3016,'User Logged In: Phides',1,1,0,'2018-11-03 03:10:20',NULL),(3017,'User Logged In: JOHN',1,1,0,'2018-11-03 03:26:15',NULL),(3018,'User Logged In: Benson',1,1,0,'2018-11-03 03:32:44',NULL),(3019,'User Logged In: JOYLINAH',1,1,0,'2018-11-03 03:33:36',NULL),(3020,'User Logged In: EVANS',1,1,0,'2018-11-03 05:32:06',NULL),(3021,'User Logged In: EVANS',1,1,0,'2018-11-03 08:12:40',NULL),(3022,'User Logged In: WASHINGTON',1,1,0,'2018-11-03 20:46:13',NULL),(3023,'User Logged In: WASHINGTON',1,1,0,'2018-11-03 20:47:19',NULL),(3024,'User Logged In: ERIC',1,1,0,'2018-11-05 01:45:58',NULL),(3025,'User Logged In: Pro-kazi',1,1,0,'2018-11-05 03:05:59',NULL),(3026,'User Logged In: JOHN',1,1,0,'2018-11-05 03:07:55',NULL),(3027,'User Logged In: Pro-kazi',1,1,0,'2018-11-05 03:08:26',NULL),(3028,'User Logged In: Phides',1,1,0,'2018-11-05 04:05:37',NULL),(3029,'User Logged In: JOHN',1,1,0,'2018-11-05 05:05:53',NULL),(3030,'User Logged In: GULJAN',1,1,0,'2018-11-05 05:13:04',NULL),(3031,'User Logged In: LENROD',1,1,0,'2018-11-05 07:00:07',NULL),(3032,'User Logged In: Joseph',1,1,0,'2018-11-05 07:56:12',NULL),(3033,'User Logged In: RAYMOND',1,1,0,'2018-11-05 09:33:20',NULL),(3034,'User Logged In: Pro-kazi',1,1,0,'2018-11-05 09:56:06',NULL),(3035,'User Logged In: RAYMOND',1,1,0,'2018-11-05 12:00:32',NULL),(3036,'User Logged In: Benson',1,1,0,'2018-11-05 14:04:48',NULL),(3037,'User Logged In: ISAAC',1,1,0,'2018-11-05 15:37:20',NULL),(3038,'User Logged In: Joseph',1,1,0,'2018-11-06 02:16:22',NULL),(3039,'User Logged In: JOHN',1,1,0,'2018-11-06 02:22:52',NULL),(3040,'User Logged In: ERIC',1,1,0,'2018-11-06 02:34:35',NULL),(3041,'User Logged In: Salome',1,1,0,'2018-11-06 02:47:47',NULL),(3042,'User Logged In: Pro-kazi',1,1,0,'2018-11-06 02:49:17',NULL),(3043,'User Logged In: Pro-kazi',1,1,0,'2018-11-06 02:50:30',NULL),(3044,'User Logged In: GRACE',1,1,0,'2018-11-06 03:03:49',NULL),(3045,'User Logged In: LENROD',1,1,0,'2018-11-06 03:14:51',NULL),(3046,'User Logged In: Phides',1,1,0,'2018-11-06 03:48:42',NULL),(3047,'User Logged In: EVANS',1,1,1,'2018-11-06 04:11:12','2018-11-06 05:54:16'),(3048,'User Logged In: Pro-kazi',1,1,1,'2018-11-06 04:14:13','2018-11-06 05:54:16'),(3049,'User Logged In: ERIC',1,1,1,'2018-11-06 04:44:53','2018-11-06 05:54:16'),(3050,'User Logged In: PETER',1,1,1,'2018-11-06 05:50:21','2018-11-06 05:54:16'),(3051,'User Logged In: Pro-kazi',1,1,1,'2018-11-06 05:53:10','2018-11-06 05:54:16'),(3052,'User Logged In: GULJAN',1,1,0,'2018-11-06 06:30:41',NULL),(3053,'User Logged In: WASHINGTON',1,1,0,'2018-11-06 06:56:28',NULL),(3054,'User Logged In: EVANS',1,1,0,'2018-11-06 07:13:04',NULL),(3055,'User Logged In: Joseph',1,1,0,'2018-11-06 08:06:48',NULL),(3056,'User Logged In: Pauline',1,1,0,'2018-11-06 08:56:02',NULL),(3057,'User Logged In: WASHINGTON',1,1,0,'2018-11-06 10:50:55',NULL),(3058,'User Logged In: RAYMOND',1,1,0,'2018-11-06 11:23:20',NULL),(3059,'User Logged In: FRANCIS',1,1,0,'2018-11-06 13:40:49',NULL),(3060,'User Logged In: Phides',1,1,0,'2018-11-07 02:03:56',NULL),(3061,'User Logged In: GULJAN',1,1,0,'2018-11-07 02:04:05',NULL),(3062,'User Logged In: Clifford',1,1,0,'2018-11-07 02:04:48',NULL),(3063,'User Logged In: Clifford',1,1,0,'2018-11-07 02:07:43',NULL),(3064,'User Logged In: JOHN',1,1,0,'2018-11-07 02:16:17',NULL),(3065,'User Logged In: Clifford',1,1,0,'2018-11-07 02:18:55',NULL),(3066,'User Logged In: GRACE',1,1,0,'2018-11-07 03:23:44',NULL),(3067,'User Logged In: Pauline',1,1,0,'2018-11-07 04:09:08',NULL),(3068,'User Logged In: EVANS',1,1,0,'2018-11-07 04:17:32',NULL),(3069,'User Logged In: JOHN',1,1,0,'2018-11-07 04:35:22',NULL),(3070,'User Logged In: PETER',1,1,0,'2018-11-07 04:45:33',NULL),(3071,'User Logged In: JOHN',1,1,0,'2018-11-07 04:53:33',NULL),(3072,'User Logged In: FRANCISCA',1,1,0,'2018-11-07 06:25:50',NULL),(3073,'User Logged In: ERIC OLENSI',1,1,0,'2018-11-07 07:16:09',NULL),(3074,'User Logged In: Jesinta',1,1,0,'2018-11-07 07:36:11',NULL),(3075,'User Logged In: Pauline',1,1,0,'2018-11-07 07:40:30',NULL),(3076,'User Logged In: JOHN',1,1,0,'2018-11-07 07:40:46',NULL),(3077,'User Logged In: JOHN',1,1,0,'2018-11-07 08:20:56',NULL),(3078,'User Logged In: Jesinta',1,1,0,'2018-11-07 09:03:33',NULL),(3079,'User Logged In: Jesinta',1,1,0,'2018-11-07 09:05:07',NULL),(3080,'User Logged In: ALOICE',1,1,0,'2018-11-07 09:07:48',NULL),(3081,'User Logged In: FRANCIS',1,1,0,'2018-11-07 14:02:39',NULL),(3082,'User Logged In: ERIC OLENSI',1,1,0,'2018-11-08 02:07:09',NULL),(3083,'User Logged In: JOHN',1,1,0,'2018-11-08 02:10:03',NULL),(3084,'User Logged In: ERIC',1,1,0,'2018-11-08 02:23:04',NULL),(3085,'User Logged In: PETER',1,1,0,'2018-11-08 03:33:45',NULL),(3086,'User Logged In: ISAAC',1,1,0,'2018-11-08 03:59:19',NULL),(3087,'User Logged In: MOURINE',1,1,0,'2018-11-08 04:07:13',NULL),(3088,'User Logged In: JOHN',1,1,0,'2018-11-08 04:12:47',NULL),(3089,'User Logged In: RAYMOND',1,1,0,'2018-11-08 05:45:59',NULL),(3090,'User Logged In: GULJAN',1,1,0,'2018-11-08 05:51:17',NULL),(3091,'User Logged In: GULJAN',1,1,0,'2018-11-08 05:58:20',NULL),(3092,'User Logged In: GRACE',1,1,0,'2018-11-08 06:26:46',NULL),(3093,'User Logged In: FRANCISCA',1,1,0,'2018-11-08 06:44:28',NULL),(3094,'User Logged In: MERCYLINE',1,1,0,'2018-11-08 09:07:17',NULL),(3095,'User Logged In: JOHN',1,1,0,'2018-11-08 10:10:15',NULL),(3096,'User Logged In: CHRISPUS',1,1,0,'2018-11-08 10:27:14',NULL),(3097,'User Logged In: FRANCISCA',1,1,0,'2018-11-08 10:29:58',NULL),(3098,'User Logged In: Jesinta',1,1,0,'2018-11-08 10:35:31',NULL),(3099,'User Logged In: RAYMOND',1,1,0,'2018-11-08 10:39:42',NULL),(3100,'User Logged In: ERIC',1,1,0,'2018-11-08 10:49:37',NULL),(3101,'User Logged In: ISAAC',1,1,0,'2018-11-08 10:51:44',NULL),(3102,'User Logged In: Jesinta',1,1,0,'2018-11-08 11:31:33',NULL),(3103,'User Logged In: PETER',1,1,0,'2018-11-08 11:45:55',NULL),(3104,'User Logged In: FRANCIS',1,1,0,'2018-11-08 12:30:58',NULL),(3105,'User Logged In: ERIC OLENSI',1,1,0,'2018-11-08 13:32:37',NULL),(3106,'User Logged In: GULJAN',1,1,0,'2018-11-08 14:59:38',NULL),(3107,'User Logged In: RAYMOND',1,1,0,'2018-11-09 01:37:25',NULL),(3108,'User Logged In: Jesinta',1,1,0,'2018-11-09 02:32:12',NULL),(3109,'User Logged In: Phides',1,1,0,'2018-11-09 02:55:29',NULL),(3110,'User Logged In: FRANCISCA',1,1,0,'2018-11-09 03:03:36',NULL),(3111,'User Logged In: ERIC',1,1,0,'2018-11-09 03:25:23',NULL),(3112,'User Logged In: GULJAN',1,1,0,'2018-11-09 05:01:42',NULL),(3113,'User Logged In: GRACE',1,1,0,'2018-11-09 05:29:02',NULL),(3114,'User Logged In: GRACE',1,1,0,'2018-11-09 05:29:38',NULL),(3115,'User Logged In: Jesinta',1,1,0,'2018-11-09 05:33:04',NULL),(3116,'User Logged In: LENROD',1,1,0,'2018-11-09 06:47:22',NULL),(3117,'User Logged In: ISAAC',1,1,0,'2018-11-09 09:58:56',NULL),(3118,'User Logged In: GRACE',1,1,0,'2018-11-09 10:14:14',NULL),(3119,'User Logged In: Dominic',1,1,0,'2018-11-09 11:43:07',NULL),(3120,'User Logged In: FRANCIS',1,1,0,'2018-11-09 12:32:37',NULL),(3121,'User Logged In: Joseph',1,1,0,'2018-11-09 13:16:53',NULL),(3122,'User Logged In: ERIC OLENSI',1,1,0,'2018-11-09 13:22:02',NULL),(3123,'User Logged In: Phides',1,1,0,'2018-11-09 13:24:25',NULL),(3124,'User Logged In: ISAAC',1,1,0,'2018-11-09 17:09:45',NULL),(3125,'User Logged In: Dominic',1,1,0,'2018-11-10 01:34:10',NULL),(3126,'User Logged In: Dominic',1,1,0,'2018-11-10 01:34:49',NULL),(3127,'User Logged In: Joseph',1,1,0,'2018-11-10 04:09:54',NULL),(3128,'User Logged In: MERCYLINE',1,1,0,'2018-11-10 06:32:24',NULL),(3129,'User Logged In: FRANCISCA',1,1,0,'2018-11-10 06:48:54',NULL),(3130,'User Logged In: Phides',1,1,0,'2018-11-10 08:48:48',NULL),(3131,'User Logged In: Phides',1,1,0,'2018-11-10 11:10:28',NULL),(3132,'User Logged In: Phides',1,1,0,'2018-11-10 14:49:52',NULL),(3133,'User Logged In: ISAAC',1,1,0,'2018-11-11 15:21:57',NULL),(3134,'User Logged In: ISAAC',1,1,0,'2018-11-12 02:26:31',NULL),(3135,'User Logged In: Pro-kazi',1,1,0,'2018-11-12 02:46:19',NULL),(3136,'User Logged In: EVANS',1,1,0,'2018-11-12 03:22:15',NULL),(3137,'User Logged In: FRANCISCA',1,1,0,'2018-11-12 06:19:17',NULL),(3138,'User Logged In: Dominic',1,1,0,'2018-11-12 08:04:37',NULL),(3139,'User Logged In: MAUREEN',1,1,0,'2018-11-12 08:09:07',NULL),(3140,'User Logged In: GRACE',1,1,0,'2018-11-12 09:25:47',NULL),(3141,'User Logged In: JOHN',1,1,0,'2018-11-12 10:18:35',NULL),(3142,'User Logged In: GULJAN',1,1,0,'2018-11-12 11:01:03',NULL),(3143,'User Logged In: Phides',1,1,0,'2018-11-12 11:37:49',NULL),(3144,'User Logged In: Joseph',1,1,0,'2018-11-12 14:42:28',NULL),(3145,'User Logged In: PETER',1,1,0,'2018-11-13 02:21:43',NULL),(3146,'User Logged In: GULJAN',1,1,0,'2018-11-13 04:10:24',NULL),(3147,'User Logged In: LAWRENCE',1,1,0,'2018-11-13 04:14:53',NULL),(3148,'User Logged In: GRACE',1,1,0,'2018-11-13 04:19:12',NULL),(3149,'User Logged In: ISAAC',1,1,0,'2018-11-13 04:22:48',NULL),(3150,'User Logged In: PETER',1,1,0,'2018-11-13 04:36:05',NULL),(3151,'User Logged In: JOHN',1,1,0,'2018-11-13 04:57:38',NULL),(3152,'User Logged In: LAWRENCE',1,1,0,'2018-11-13 05:20:29',NULL),(3153,'User Logged In: MAUREEN',1,1,0,'2018-11-13 06:05:19',NULL),(3154,'User Logged In: EVANS',1,1,0,'2018-11-13 06:08:20',NULL),(3155,'User Logged In: GULJAN',1,1,0,'2018-11-13 07:01:51',NULL),(3156,'User Logged In: ALOICE',1,1,0,'2018-11-13 07:32:47',NULL),(3157,'User Logged In: ERIC',1,1,0,'2018-11-13 07:41:56',NULL),(3158,'User Logged In: MERCYLINE',1,1,0,'2018-11-13 07:43:21',NULL),(3159,'User Logged In: Pauline',1,1,0,'2018-11-13 07:46:54',NULL),(3160,'User Logged In: FRANCISCA',1,1,0,'2018-11-13 08:13:59',NULL),(3161,'User Logged In: PETER',1,1,0,'2018-11-13 08:27:37',NULL),(3162,'User Logged In: GULJAN',1,1,0,'2018-11-14 02:00:59',NULL),(3163,'User Logged In: IRENE',1,1,0,'2018-11-14 02:23:27',NULL),(3164,'User Logged In: Jesinta',1,1,0,'2018-11-14 02:23:54',NULL),(3165,'User Logged In: Jesinta',1,1,0,'2018-11-14 02:26:55',NULL),(3166,'User Logged In: PETER',1,1,0,'2018-11-14 03:13:39',NULL),(3167,'User Logged In: RAYMOND',1,1,0,'2018-11-14 03:16:35',NULL),(3168,'User Logged In: ERIC',1,1,0,'2018-11-14 03:46:48',NULL),(3169,'User Logged In: MERCYLINE',1,1,0,'2018-11-14 05:10:12',NULL),(3170,'User Logged In: ERIC OLENSI',1,1,0,'2018-11-14 05:46:16',NULL),(3171,'User Logged In: PETER',1,1,0,'2018-11-14 06:26:12',NULL),(3172,'User Logged In: GULJAN',1,1,0,'2018-11-14 06:29:43',NULL),(3173,'User Logged In: Phides',1,1,0,'2018-11-14 11:03:31',NULL),(3174,'User Logged In: Salim',1,1,0,'2018-11-14 11:32:12',NULL),(3175,'User Logged In: Joseph',1,1,0,'2018-11-14 11:33:24',NULL),(3176,'User Logged In: GULJAN',1,1,0,'2018-11-14 17:03:08',NULL),(3177,'User Logged In: MERCYLINE',1,1,0,'2018-11-15 02:08:44',NULL),(3178,'User Logged In: PETER',1,1,0,'2018-11-15 02:19:17',NULL),(3179,'User Logged In: ISAAC',1,1,0,'2018-11-15 02:55:19',NULL),(3180,'User Logged In: ERIC OLENSI',1,1,0,'2018-11-15 04:27:11',NULL),(3181,'User Logged In: ERIC OLENSI',1,1,0,'2018-11-15 04:43:13',NULL),(3182,'User Logged In: LENROD',1,1,0,'2018-11-15 04:51:54',NULL),(3183,'User Logged In: EVANS',1,1,0,'2018-11-15 06:01:12',NULL),(3184,'User Logged In: GULJAN',1,1,0,'2018-11-15 06:15:17',NULL),(3185,'User Logged In: LENROD',1,1,0,'2018-11-15 06:31:21',NULL),(3186,'User Logged In: RAYMOND',1,1,0,'2018-11-15 06:34:21',NULL),(3187,'User Logged In: GULJAN',1,1,0,'2018-11-15 09:31:37',NULL),(3188,'User Logged In: Pro-kazi',1,1,0,'2018-11-15 09:43:54',NULL),(3189,'User Logged In: FRANCISCA',1,1,0,'2018-11-15 10:58:20',NULL),(3190,'User Logged In: GRACE',1,1,0,'2018-11-15 12:41:32',NULL),(3191,'User Logged In: GULJAN',1,1,0,'2018-11-15 23:48:11',NULL),(3192,'User Logged In: RAYMOND',1,1,0,'2018-11-16 00:52:08',NULL),(3193,'User Logged In: GULJAN',1,1,0,'2018-11-16 02:38:21',NULL),(3194,'User Logged In: GRACE',1,1,0,'2018-11-16 02:41:29',NULL),(3195,'User Logged In: EVANS',1,1,0,'2018-11-16 02:42:58',NULL),(3196,'User Logged In: CHRISPUS',1,1,0,'2018-11-16 02:51:30',NULL),(3197,'User Logged In: JOHN',1,1,0,'2018-11-16 03:07:00',NULL),(3198,'User Logged In: Phides',1,1,0,'2018-11-16 03:52:17',NULL),(3199,'User Logged In: Jesinta',1,1,0,'2018-11-16 04:14:42',NULL),(3200,'User Logged In: ERIC OLENSI',1,1,0,'2018-11-16 05:56:11',NULL),(3201,'User Logged In: ISAAC',1,1,0,'2018-11-16 07:49:23',NULL),(3202,'User Logged In: FRANCIS',1,1,0,'2018-11-16 08:48:39',NULL),(3203,'User Logged In: Pauline',1,1,0,'2018-11-16 08:51:52',NULL),(3204,'User Logged In: RAYMOND',1,1,0,'2018-11-16 08:53:02',NULL),(3205,'User Logged In: Pro-kazi',1,1,0,'2018-11-16 09:44:49',NULL),(3206,'User Logged In: MAUREEN',1,1,0,'2018-11-16 10:16:34',NULL),(3207,'User Logged In: Pauline',1,1,0,'2018-11-16 11:41:18',NULL),(3208,'User Logged In: Joseph',1,1,0,'2018-11-16 12:18:55',NULL),(3209,'User Logged In: COLLINS',1,1,0,'2018-11-16 12:33:34',NULL),(3210,'User Logged In: Phides',1,1,0,'2018-11-16 12:56:45',NULL),(3211,'User Logged In: ISAAC',1,1,0,'2018-11-16 13:53:57',NULL),(3212,'User Logged In: GULJAN',1,1,0,'2018-11-17 00:25:09',NULL),(3213,'User Logged In: JOHN',1,1,0,'2018-11-17 02:33:47',NULL),(3214,'User Logged In: MERCYLINE',1,1,0,'2018-11-17 09:00:35',NULL),(3215,'User Logged In: GRACE',1,1,0,'2018-11-17 10:04:58',NULL),(3216,'User Logged In: GULJAN',1,1,0,'2018-11-18 22:18:35',NULL),(3217,'User Logged In: PETER',1,1,0,'2018-11-19 03:01:15',NULL),(3218,'User Logged In: ERIC',1,1,0,'2018-11-19 05:00:07',NULL),(3219,'User Logged In: GRACE',1,1,0,'2018-11-19 05:49:16',NULL),(3220,'User Logged In: CATHERINE',1,1,0,'2018-11-19 06:07:54',NULL),(3221,'User Logged In: Joseph',1,1,0,'2018-11-19 08:16:52',NULL),(3222,'User Logged In: PETER',1,1,0,'2018-11-19 08:42:52',NULL),(3223,'User Logged In: GRACE',1,1,0,'2018-11-19 13:00:24',NULL),(3224,'User Logged In: PETER',1,1,0,'2018-11-20 01:55:56',NULL),(3225,'User Logged In: GRACE',1,1,0,'2018-11-20 02:36:07',NULL),(3226,'User Logged In: Jesinta',1,1,0,'2018-11-20 02:54:00',NULL),(3227,'User Logged In: CHRISPUS',1,1,0,'2018-11-20 03:27:36',NULL),(3228,'User Logged In: MARTIN',1,1,0,'2018-11-20 04:13:50',NULL),(3229,'User Logged In: PETER',1,1,0,'2018-11-20 04:24:13',NULL),(3230,'User Logged In: RAYMOND',1,1,0,'2018-11-20 04:30:44',NULL),(3231,'User Logged In: GRACE',1,1,0,'2018-11-20 05:23:03',NULL),(3232,'User Logged In: CHRISPUS',1,1,0,'2018-11-20 06:36:55',NULL),(3233,'User Logged In: RAYMOND',1,1,0,'2018-11-20 08:20:28',NULL),(3234,'User Logged In: FRANCIS',1,1,0,'2018-11-20 08:20:45',NULL),(3235,'User Logged In: GRACE',1,1,0,'2018-11-20 08:30:15',NULL),(3236,'User Logged In: FLORENCE',1,1,0,'2018-11-20 11:43:58',NULL),(3237,'User Logged In: RAYMOND',1,1,0,'2018-11-20 16:20:17',NULL),(3238,'User Logged In: RAYMOND',1,1,0,'2018-11-21 01:10:24',NULL),(3239,'User Logged In: Jesinta',1,1,0,'2018-11-21 02:39:37',NULL),(3240,'User Logged In: Joseph',1,1,0,'2018-11-21 02:44:02',NULL),(3241,'User Logged In: PETER',1,1,0,'2018-11-21 02:45:04',NULL),(3242,'User Logged In: CHRISPUS',1,1,0,'2018-11-21 02:48:29',NULL),(3243,'User Logged In: FRANCIS',1,1,0,'2018-11-21 03:19:27',NULL),(3244,'User Logged In: LENROD',1,1,0,'2018-11-21 05:23:12',NULL),(3245,'User Logged In: EVANS',1,1,0,'2018-11-21 05:25:53',NULL),(3246,'User Logged In: GRACE',1,1,0,'2018-11-21 05:37:18',NULL),(3247,'User Logged In: CHRISPUS',1,1,0,'2018-11-21 08:19:28',NULL),(3248,'User Logged In: EVANS',1,1,0,'2018-11-21 09:28:23',NULL),(3249,'User Logged In: EVANS',1,1,0,'2018-11-21 09:28:45',NULL),(3250,'User Logged In: GRACE',1,1,0,'2018-11-21 10:16:36',NULL),(3251,'User Logged In: EVANS',1,1,0,'2018-11-21 23:07:35',NULL),(3252,'User Logged In: RAYMOND',1,1,0,'2018-11-22 03:08:13',NULL),(3253,'User Logged In: FRANCIS',1,1,0,'2018-11-22 03:24:38',NULL),(3254,'User Logged In: GRACE',1,1,0,'2018-11-22 03:33:21',NULL),(3255,'User Logged In: Jesinta',1,1,0,'2018-11-22 03:56:32',NULL),(3256,'User Logged In: RAYMOND',1,1,0,'2018-11-22 05:56:04',NULL),(3257,'User Logged In: FRANCIS',1,1,0,'2018-11-22 08:06:15',NULL),(3258,'User Logged In: ERIC OLENSI',1,1,0,'2018-11-22 08:11:52',NULL),(3259,'User Logged In: PETER',1,1,0,'2018-11-22 08:59:52',NULL),(3260,'User Logged In: ISAAC',1,1,0,'2018-11-22 10:47:08',NULL),(3261,'User Logged In: Joseph',1,1,0,'2018-11-22 11:20:40',NULL),(3262,'User Logged In: ISAAC',1,1,0,'2018-11-22 12:49:17',NULL),(3263,'User Logged In: ISAAC',1,1,0,'2018-11-22 15:04:00',NULL),(3264,'User Logged In: FRANCIS',1,1,0,'2018-11-23 03:27:51',NULL),(3265,'User Logged In: MERCYLINE',1,1,0,'2018-11-23 04:02:21',NULL),(3266,'User Logged In: ERIC OLENSI',1,1,0,'2018-11-23 04:17:06',NULL),(3267,'User Logged In: FRANCISCA',1,1,0,'2018-11-23 07:12:42',NULL),(3268,'User Logged In: Jesinta',1,1,0,'2018-11-23 08:54:41',NULL),(3269,'User Logged In: ISAAC',1,1,0,'2018-11-23 10:20:59',NULL),(3270,'User Logged In: FRANCIS',1,1,0,'2018-11-23 11:04:36',NULL),(3271,'User Logged In: RAYMOND',1,1,0,'2018-11-23 11:34:01',NULL),(3272,'User Logged In: Jesinta',1,1,0,'2018-11-24 05:23:38',NULL),(3273,'User Logged In: JOHN',1,1,0,'2018-11-25 13:51:49',NULL),(3274,'User Logged In: PETER',1,1,0,'2018-11-26 01:36:25',NULL),(3275,'User Logged In: FRANCIS',1,1,0,'2018-11-26 02:22:43',NULL),(3276,'User Logged In: ERIC OLENSI',1,1,0,'2018-11-26 02:56:51',NULL),(3277,'User Logged In: ISAAC',1,1,0,'2018-11-26 04:00:36',NULL),(3278,'User Logged In: ERIC OLENSI',1,1,0,'2018-11-26 05:03:05',NULL),(3279,'User Logged In: CHRISPUS',1,1,0,'2018-11-26 05:53:31',NULL),(3280,'User Logged In: GRACE',1,1,0,'2018-11-26 06:23:56',NULL),(3281,'User Logged In: EVANS',1,1,0,'2018-11-26 06:34:37',NULL),(3282,'User Logged In: FRANCIS',1,1,0,'2018-11-26 10:58:15',NULL),(3283,'User Logged In: Jesinta',1,1,0,'2018-11-26 11:07:12',NULL),(3284,'User Logged In: GRACE',1,1,0,'2018-11-26 11:20:46',NULL),(3285,'User Logged In: PETER',1,1,0,'2018-11-27 01:27:11',NULL),(3286,'User Logged In: EVANS',1,1,0,'2018-11-27 03:06:38',NULL),(3287,'User Logged In: MERCYLINE',1,1,0,'2018-11-27 04:58:18',NULL),(3288,'User Logged In: Rodger',1,1,0,'2018-11-27 05:29:05',NULL),(3289,'User Logged In: Christine',1,1,0,'2018-11-27 05:37:34',NULL),(3290,'User Logged In: CATHERINE',1,1,0,'2018-11-27 05:38:08',NULL),(3291,'User Logged In: CATHERINE',1,1,0,'2018-11-27 05:38:52',NULL),(3292,'User Logged In: Rodger',1,1,0,'2018-11-27 05:39:20',NULL),(3293,'User Logged In: Christine',1,1,0,'2018-11-27 05:46:43',NULL),(3294,'User Logged In: Christine',1,1,0,'2018-11-27 05:48:49',NULL),(3295,'User Logged In: PETER',1,1,0,'2018-11-27 05:56:07',NULL),(3296,'User Logged In: ERIC OLENSI',1,1,0,'2018-11-27 07:30:39',NULL),(3297,'User Logged In: GRACE',1,1,0,'2018-11-27 08:04:35',NULL),(3298,'User Logged In: PETER',1,1,0,'2018-11-27 09:11:19',NULL),(3299,'User Logged In: ISAAC',1,1,0,'2018-11-27 11:03:42',NULL),(3300,'User Logged In: GRACE',1,1,0,'2018-11-27 12:08:59',NULL),(3301,'User Logged In: GRACE',1,1,0,'2018-11-28 02:31:13',NULL),(3302,'User Logged In: RAYMOND',1,1,0,'2018-11-28 02:57:02',NULL),(3303,'User Logged In: Jesinta',1,1,0,'2018-11-28 03:18:35',NULL),(3304,'User Logged In: PETER',1,1,0,'2018-11-28 03:26:05',NULL),(3305,'User Logged In: AHMED ABDULRAHMAN AHMED',1,1,0,'2018-11-28 04:36:34',NULL),(3306,'User Logged In: Jesinta',1,1,0,'2018-11-28 05:45:20',NULL),(3307,'User Logged In: CATHERINE',1,1,0,'2018-11-28 06:41:10',NULL),(3308,'User Logged In: FRANCIS',1,1,0,'2018-11-28 07:44:13',NULL),(3309,'User Logged In: ERIC OLENSI',1,1,0,'2018-11-28 08:02:07',NULL),(3310,'User Logged In: GRACE',1,1,0,'2018-11-28 08:50:38',NULL),(3311,'User Logged In: ISAAC',1,1,0,'2018-11-28 09:17:27',NULL),(3312,'User Logged In: PETER',1,1,0,'2018-11-28 10:22:32',NULL),(3313,'User Logged In: ISAAC',1,1,0,'2018-11-28 11:58:57',NULL),(3314,'User Logged In: AHMED ABDULRAHMAN AHMED',1,1,0,'2018-11-29 01:39:56',NULL),(3315,'User Logged In: PETER',1,1,0,'2018-11-29 01:42:18',NULL),(3316,'User Logged In: Joseph',1,1,0,'2018-11-29 01:56:40',NULL),(3317,'User Logged In: RAYMOND',1,1,0,'2018-11-29 01:59:16',NULL),(3318,'User Logged In: JOYLINAH',1,1,0,'2018-11-29 02:43:07',NULL),(3319,'User Logged In: ARSHUR',1,1,0,'2018-11-29 04:13:23',NULL),(3320,'User Logged In: PETER',1,1,0,'2018-11-29 04:30:05',NULL),(3321,'User Logged In: Joseph',1,1,0,'2018-11-29 06:51:42',NULL),(3322,'User Logged In: CATHERINE',1,1,0,'2018-11-29 06:58:00',NULL),(3323,'User Logged In: GRACE',1,1,0,'2018-11-29 07:28:17',NULL),(3324,'User Logged In: PETER',1,1,0,'2018-11-29 09:05:15',NULL),(3325,'User Logged In: FRANCIS',1,1,0,'2018-11-29 09:52:06',NULL),(3326,'User Logged In: CATHERINE',1,1,0,'2018-11-29 10:22:13',NULL),(3327,'User Logged In: JOYLINAH',1,1,0,'2018-11-29 10:32:14',NULL),(3328,'User Logged In: ISAAC',1,1,0,'2018-11-29 11:23:15',NULL),(3329,'User Logged In: MOUREEN',1,1,0,'2018-11-29 13:19:29',NULL),(3330,'User Logged In: EVANS',1,1,0,'2018-11-29 13:22:34',NULL),(3331,'User Logged In: MOUREEN',1,1,0,'2018-11-29 13:24:30',NULL),(3332,'User Logged In: CATHERINE',1,1,0,'2018-11-30 00:07:41',NULL),(3333,'User Logged In: PATRICK',1,1,0,'2018-11-30 02:27:26',NULL),(3334,'User Logged In: CATHERINE',1,1,0,'2018-11-30 03:09:20',NULL),(3335,'User Logged In: Christine',1,1,0,'2018-11-30 03:14:54',NULL),(3336,'User Logged In: PETER',1,1,0,'2018-11-30 03:47:17',NULL),(3337,'User Logged In: ALOICE',1,1,0,'2018-11-30 03:56:52',NULL),(3338,'User Logged In: GRACE',1,1,0,'2018-11-30 04:02:47',NULL),(3339,'User Logged In: CHRISPUS',1,1,0,'2018-11-30 04:20:31',NULL),(3340,'User Logged In: ISAAC',1,1,0,'2018-11-30 04:41:51',NULL),(3341,'User Logged In: MOUREEN',1,1,0,'2018-11-30 05:19:50',NULL),(3342,'User Logged In: Rodger',1,1,0,'2018-11-30 06:14:44',NULL),(3343,'User Logged In: AHMED ABDULRAHMAN AHMED',1,1,0,'2018-11-30 06:18:18',NULL),(3344,'User Logged In: MAUREEN',1,1,0,'2018-11-30 07:14:53',NULL),(3345,'User Logged In: Salim',1,1,0,'2018-11-30 07:45:48',NULL),(3346,'User Logged In: FRANCISCA',1,1,0,'2018-11-30 08:08:48',NULL),(3347,'User Logged In: PATRICK',1,1,0,'2018-11-30 08:19:26',NULL),(3348,'User Logged In: CATHERINE',1,1,0,'2018-11-30 08:52:27',NULL),(3349,'User Logged In: Rodger',1,1,0,'2018-11-30 09:21:06',NULL),(3350,'User Logged In: ALOICE',1,1,0,'2018-11-30 09:40:06',NULL),(3351,'User Logged In: FRANCISCA',1,1,0,'2018-11-30 10:28:06',NULL),(3352,'User Logged In: Salim',1,1,0,'2018-11-30 10:29:08',NULL),(3353,'User Logged In: STEPHEN',1,1,0,'2018-11-30 10:38:28',NULL),(3354,'User Logged In: PETER',1,1,0,'2018-11-30 10:44:24',NULL),(3355,'User Logged In: MERCYLINE',1,1,0,'2018-11-30 10:59:08',NULL),(3356,'User Logged In: MOURINE',1,1,0,'2018-11-30 11:10:36',NULL),(3357,'User Logged In: BILHA AMAGOVE',1,1,0,'2018-11-30 11:29:00',NULL),(3358,'User Logged In: FRANCIS',1,1,0,'2018-11-30 12:08:30',NULL),(3359,'User Logged In: PETER',1,1,0,'2018-12-01 01:26:03',NULL),(3360,'User Logged In: CATHERINE',1,1,0,'2018-12-01 01:52:09',NULL),(3361,'User Logged In: FRANCISCA',1,1,0,'2018-12-01 02:55:42',NULL),(3362,'User Logged In: MOURINE',1,1,0,'2018-12-01 03:25:20',NULL),(3363,'User Logged In: Joseph',1,1,0,'2018-12-01 03:25:49',NULL),(3364,'User Logged In: PETER',1,1,0,'2018-12-01 04:16:07',NULL),(3365,'User Logged In: GRACE',1,1,0,'2018-12-01 04:24:00',NULL),(3366,'User Logged In: PATRICK',1,1,0,'2018-12-01 05:44:44',NULL),(3367,'User Logged In: ERIC OLENSI',1,1,0,'2018-12-01 07:09:47',NULL),(3368,'User Logged In: GRACE',1,1,0,'2018-12-01 07:34:46',NULL),(3369,'User Logged In: PETER',1,1,0,'2018-12-01 07:45:34',NULL),(3370,'User Logged In: BILHA AMAGOVE',1,1,0,'2018-12-01 09:50:10',NULL),(3371,'User Logged In: CATHERINE',1,1,0,'2018-12-03 00:09:30',NULL),(3372,'User Logged In: PETER',1,1,0,'2018-12-03 02:34:07',NULL),(3373,'User Logged In: ALOICE',1,1,0,'2018-12-03 03:25:56',NULL),(3374,'User Logged In: CATHERINE',1,1,0,'2018-12-03 03:33:16',NULL),(3375,'User Logged In: Pauline',1,1,0,'2018-12-03 03:37:12',NULL),(3376,'User Logged In: PATRICK',1,1,0,'2018-12-03 03:46:24',NULL),(3377,'User Logged In: CHRISPUS',1,1,0,'2018-12-03 04:10:09',NULL),(3378,'User Logged In: Christine',1,1,0,'2018-12-03 06:06:52',NULL),(3379,'User Logged In: ERIC OLENSI',1,1,0,'2018-12-03 07:30:29',NULL),(3380,'User Logged In: MERCYLINE',1,1,0,'2018-12-03 07:42:51',NULL),(3381,'User Logged In: EVANS',1,1,0,'2018-12-03 08:44:06',NULL),(3382,'User Logged In: Pauline',1,1,0,'2018-12-03 08:58:38',NULL),(3383,'User Logged In: MERCYLINE',1,1,0,'2018-12-03 09:02:51',NULL),(3384,'User Logged In: ISAAC',1,1,0,'2018-12-03 09:25:33',NULL),(3385,'User Logged In: FRANCISCA',1,1,0,'2018-12-03 09:26:47',NULL),(3386,'User Logged In: FRANCISCA',1,1,0,'2018-12-03 09:51:10',NULL),(3387,'User Logged In: Jesinta',1,1,0,'2018-12-03 10:07:42',NULL),(3388,'User Logged In: PETER',1,1,0,'2018-12-03 11:58:22',NULL),(3389,'User Logged In: PETER',1,1,0,'2018-12-03 12:16:54',NULL),(3390,'User Logged In: ERIC OLENSI',1,1,0,'2018-12-03 12:50:06',NULL),(3391,'User Logged In: LEONARD',1,1,0,'2018-12-04 03:10:20',NULL),(3392,'User Logged In: Christine',1,1,0,'2018-12-04 03:12:04',NULL),(3393,'User Logged In: PETER',1,1,0,'2018-12-04 03:52:14',NULL),(3394,'User Logged In: PETER',1,1,0,'2018-12-04 03:52:45',NULL),(3395,'User Logged In: PETER',1,1,0,'2018-12-04 04:07:15',NULL),(3396,'User Logged In: RAYMOND',1,1,0,'2018-12-04 04:09:56',NULL),(3397,'User Logged In: Pauline',1,1,0,'2018-12-04 04:24:19',NULL),(3398,'User Logged In: FRANCIS',1,1,0,'2018-12-04 05:24:35',NULL),(3399,'User Logged In: ERIC OLENSI',1,1,0,'2018-12-04 08:07:00',NULL),(3400,'User Logged In: Pauline',1,1,0,'2018-12-04 08:15:31',NULL),(3401,'User Logged In: PETER',1,1,0,'2018-12-04 08:49:56',NULL),(3402,'User Logged In: PETER',1,1,0,'2018-12-04 09:09:03',NULL),(3403,'User Logged In: PETER',1,1,0,'2018-12-04 09:29:00',NULL),(3404,'User Logged In: JOYLINAH',1,1,0,'2018-12-04 11:12:47',NULL),(3405,'User Logged In: ISAAC',1,1,0,'2018-12-04 11:28:42',NULL),(3406,'User Logged In: ERIC OLENSI',1,1,0,'2018-12-04 12:16:51',NULL),(3407,'User Logged In: MERCYLINE',1,1,0,'2018-12-04 12:45:16',NULL),(3408,'User Logged In: EVANS',1,1,0,'2018-12-05 02:01:39',NULL),(3409,'User Logged In: RAYMOND',1,1,0,'2018-12-05 04:22:54',NULL),(3410,'User Logged In: Jesinta',1,1,0,'2018-12-05 04:25:51',NULL),(3411,'User Logged In: CHRISPUS',1,1,0,'2018-12-05 05:03:47',NULL),(3412,'User Logged In: ERIC OLENSI',1,1,0,'2018-12-05 05:09:45',NULL),(3413,'User Logged In: FRANCISCA',1,1,0,'2018-12-05 05:23:13',NULL),(3414,'User Logged In: CATHERINE',1,1,0,'2018-12-05 06:57:21',NULL),(3415,'User Logged In: Joseph',1,1,0,'2018-12-05 08:01:51',NULL),(3416,'User Logged In: CHRISPUS',1,1,0,'2018-12-05 08:24:42',NULL),(3417,'User Logged In: GULJAN',1,1,0,'2018-12-05 10:35:43',NULL),(3418,'User Logged In: GRACE',1,1,0,'2018-12-05 10:40:54',NULL),(3419,'User Logged In: ERIC OLENSI',1,1,0,'2018-12-05 12:17:42',NULL),(3420,'User Logged In: GRACE',1,1,0,'2018-12-05 13:03:46',NULL),(3421,'User Logged In: EVANS',1,1,0,'2018-12-06 02:51:40',NULL),(3422,'User Logged In: JOHN',1,1,0,'2018-12-06 03:07:15',NULL),(3423,'User Logged In: ERIC OLENSI',1,1,0,'2018-12-06 03:36:10',NULL),(3424,'User Logged In: LEONARD',1,1,0,'2018-12-06 06:29:09',NULL),(3425,'User Logged In: Phides',1,1,0,'2018-12-06 06:57:47',NULL),(3426,'User Logged In: RAYMOND',1,1,0,'2018-12-06 09:38:23',NULL),(3427,'User Logged In: EVANS',1,1,0,'2018-12-06 10:23:59',NULL),(3428,'User Logged In: MERCYLINE',1,1,0,'2018-12-06 11:01:08',NULL),(3429,'User Logged In: MERCYLINE',1,1,0,'2018-12-06 12:53:30',NULL),(3430,'User Logged In: Phides',1,1,0,'2018-12-07 02:52:41',NULL),(3431,'User Logged In: Phides',1,1,0,'2018-12-07 02:59:55',NULL),(3432,'User Logged In: Jesinta',1,1,0,'2018-12-07 04:50:38',NULL),(3433,'User Logged In: GRACE',1,1,0,'2018-12-07 04:50:49',NULL),(3434,'User Logged In: ERIC OLENSI',1,1,0,'2018-12-07 05:02:02',NULL),(3435,'User Logged In: EVANS',1,1,0,'2018-12-07 06:06:07',NULL),(3436,'User Logged In: PETER',1,1,0,'2018-12-07 06:21:01',NULL),(3437,'User Logged In: ERIC OLENSI',1,1,0,'2018-12-07 07:12:54',NULL),(3438,'User Logged In: ISAAC',1,1,0,'2018-12-07 07:48:41',NULL),(3439,'User Logged In: CHRISPUS',1,1,0,'2018-12-07 09:15:06',NULL),(3440,'User Logged In: ERIC OLENSI',1,1,0,'2018-12-07 10:50:21',NULL),(3441,'User Logged In: EVANS',1,1,0,'2018-12-07 13:10:22',NULL),(3442,'User Logged In: FRANCIS',1,1,0,'2018-12-10 03:25:46',NULL),(3443,'User Logged In: Pro-kazi',1,1,0,'2018-12-10 04:04:54',NULL),(3444,'User Logged In: LENROD',1,1,0,'2018-12-10 04:38:48',NULL),(3445,'User Logged In: ERIC',1,1,0,'2018-12-10 04:57:58',NULL),(3446,'User Logged In: Jesinta',1,1,0,'2018-12-10 06:22:47',NULL),(3447,'User Logged In: PETER',1,1,0,'2018-12-10 06:26:08',NULL),(3448,'User Logged In: MOUREEN',1,1,0,'2018-12-10 06:29:23',NULL),(3449,'User Logged In: FANUEL',1,1,0,'2018-12-10 06:44:18',NULL),(3450,'User Logged In: EVANS',1,1,0,'2018-12-10 08:33:27',NULL),(3451,'User Logged In: ISAAC',1,1,0,'2018-12-10 09:13:51',NULL),(3452,'User Logged In: Pro-kazi',1,1,0,'2018-12-10 09:27:25',NULL),(3453,'User Logged In: JOHN',1,1,0,'2018-12-10 09:28:01',NULL),(3454,'User Logged In: RAYMOND',1,1,0,'2018-12-10 09:34:10',NULL),(3455,'User Logged In: FRANCIS',1,1,0,'2018-12-10 10:50:40',NULL),(3456,'User Logged In: LENROD',1,1,0,'2018-12-11 05:33:49',NULL),(3457,'User Logged In: FRANCIS',1,1,0,'2018-12-11 08:05:05',NULL),(3458,'User Logged In: CHRISPUS',1,1,0,'2018-12-11 09:46:40',NULL),(3459,'User Logged In: ERIC',1,1,0,'2018-12-11 10:04:52',NULL),(3460,'User Logged In: JOYLINAH',1,1,0,'2018-12-11 10:52:53',NULL),(3461,'User Logged In: ISAAC',1,1,0,'2018-12-11 10:53:38',NULL),(3462,'User Logged In: MAUREEN',1,1,0,'2018-12-11 11:06:12',NULL),(3463,'User Logged In: RAYMOND',1,1,0,'2018-12-11 12:26:51',NULL),(3464,'User Logged In: PATRICK',1,1,0,'2018-12-12 04:49:23',NULL),(3465,'User Logged In: MOUREEN',1,1,0,'2018-12-13 04:46:37',NULL),(3466,'User Logged In: ERIC OLENSI',1,1,0,'2018-12-13 06:41:41',NULL),(3467,'User Logged In: PETER',1,1,0,'2018-12-13 07:28:04',NULL),(3468,'User Logged In: Joseph',1,1,0,'2018-12-13 12:42:47',NULL),(3469,'User Logged In: MERCYLINE',1,1,0,'2018-12-14 08:10:58',NULL),(3470,'User Logged In: FRANCISCA',1,1,0,'2018-12-14 10:14:56',NULL),(3471,'User Logged In: PETER',1,1,0,'2018-12-14 10:25:40',NULL),(3472,'User Logged In: PATRICK',1,1,0,'2018-12-14 11:33:13',NULL),(3473,'User Logged In: LEONARD',1,1,0,'2018-12-15 03:35:49',NULL),(3474,'User Logged In: PETER',1,1,0,'2018-12-15 06:02:30',NULL),(3475,'User Logged In: PETER',1,1,0,'2018-12-15 06:13:05',NULL),(3476,'User Logged In: ERIC OLENSI',1,1,0,'2018-12-15 07:42:21',NULL),(3477,'User Logged In: EVANS',1,1,0,'2018-12-17 02:00:21',NULL),(3478,'User Logged In: LEONARD',1,1,0,'2018-12-17 02:57:30',NULL),(3479,'User Logged In: RAYMOND',1,1,0,'2018-12-17 03:30:02',NULL),(3480,'User Logged In: Pro-kazi',1,1,0,'2018-12-17 04:07:22',NULL),(3481,'User Logged In: MOUREEN',1,1,0,'2018-12-17 05:36:45',NULL),(3482,'User Logged In: JOHN',1,1,0,'2018-12-17 05:40:37',NULL),(3483,'User Logged In: ERIC OLENSI',1,1,0,'2018-12-17 06:28:50',NULL),(3484,'User Logged In: Washington',1,1,0,'2018-12-17 06:38:48',NULL),(3485,'User Logged In: Jesinta',1,1,0,'2018-12-17 06:41:58',NULL),(3486,'User Logged In: Washington',1,1,0,'2018-12-17 06:44:47',NULL),(3487,'User Logged In: MAUREEN',1,1,0,'2018-12-17 06:48:30',NULL),(3488,'User Logged In: RAYMOND',1,1,0,'2018-12-17 11:03:19',NULL),(3489,'User Logged In: RAYMOND',1,1,0,'2018-12-18 02:38:41',NULL),(3490,'User Logged In: PETER',1,1,0,'2018-12-18 04:34:56',NULL),(3491,'User Logged In: Rodger',1,1,0,'2018-12-18 07:01:07',NULL),(3492,'User Logged In: RAYMOND',1,1,0,'2018-12-18 08:53:42',NULL),(3493,'User Logged In: ISAAC',1,1,0,'2018-12-18 08:57:43',NULL),(3494,'User Logged In: ISAAC',1,1,0,'2018-12-18 10:15:41',NULL),(3495,'User Logged In: Washington',1,1,0,'2018-12-18 11:54:16',NULL),(3496,'User Logged In: Pauline',1,1,0,'2018-12-18 12:36:13',NULL),(3497,'User Logged In: Rodger',1,1,0,'2018-12-19 00:01:25',NULL),(3498,'User Logged In: RAYMOND',1,1,0,'2018-12-19 02:13:17',NULL),(3499,'User Logged In: FRANCIS',1,1,0,'2018-12-19 09:51:37',NULL),(3500,'User Logged In: FRANCIS',1,1,0,'2018-12-20 02:29:24',NULL),(3501,'User Logged In: RAYMOND',1,1,0,'2018-12-20 03:30:08',NULL),(3502,'User Logged In: Washington',1,1,0,'2018-12-20 06:18:51',NULL),(3503,'User Logged In: ERIC',1,1,0,'2018-12-20 10:27:51',NULL),(3504,'User Logged In: Joseph',1,1,0,'2018-12-20 11:34:43',NULL),(3505,'User Logged In: Joseph',1,1,0,'2018-12-21 01:34:29',NULL),(3506,'User Logged In: ERICKSON',1,1,0,'2018-12-21 02:10:29',NULL),(3507,'User Logged In: Pro-kazi',1,1,0,'2018-12-21 06:38:56',NULL),(3508,'User Logged In: JOHN',1,1,0,'2018-12-21 11:21:48',NULL),(3509,'User Logged In: JOHN',1,1,0,'2018-12-21 11:23:49',NULL),(3510,'User Logged In: Joseph',1,1,0,'2018-12-21 11:36:48',NULL),(3511,'User Logged In: CATHERINE',1,1,0,'2018-12-21 13:10:29',NULL),(3512,'User Logged In: CATHERINE',1,1,0,'2018-12-21 15:52:28',NULL),(3513,'User Logged In: FRANCISCA',1,1,0,'2018-12-22 01:32:07',NULL),(3514,'User Logged In: FRANCISCA',1,1,0,'2018-12-22 01:44:11',NULL),(3515,'User Logged In: FRANCISCA',1,1,0,'2018-12-22 01:56:53',NULL),(3516,'User Logged In: FRANCISCA',1,1,0,'2018-12-22 01:57:01',NULL),(3517,'User Logged In: FRANCISCA',1,1,0,'2018-12-22 02:01:33',NULL),(3518,'User Logged In: FRANCISCA',1,1,0,'2018-12-22 02:03:52',NULL),(3519,'User Logged In: PETER',1,1,0,'2018-12-22 02:15:38',NULL),(3520,'User Logged In: FRANCISCA',1,1,0,'2018-12-22 02:19:47',NULL),(3521,'User Logged In: GRACE',1,1,0,'2018-12-22 03:04:20',NULL),(3522,'User Logged In: Joseph',1,1,0,'2018-12-22 03:59:26',NULL),(3523,'User Logged In: MOURINE',1,1,0,'2018-12-22 04:29:27',NULL),(3524,'User Logged In: FRANCISCA',1,1,0,'2018-12-22 04:38:55',NULL),(3525,'User Logged In: PATRICK',1,1,0,'2018-12-22 05:24:11',NULL),(3526,'User Logged In: ALOICE',1,1,0,'2018-12-22 05:24:53',NULL),(3527,'User Logged In: BILHA AMAGOVE',1,1,0,'2018-12-22 06:30:50',NULL),(3528,'User Logged In: LAWRENCE',1,1,0,'2018-12-22 08:26:47',NULL),(3529,'User Logged In: JOHN',1,1,0,'2018-12-22 11:51:23',NULL),(3530,'User Logged In: MERCYLINE',1,1,0,'2018-12-24 02:27:39',NULL),(3531,'User Logged In: Joseph',1,1,0,'2018-12-24 03:51:05',NULL),(3532,'User Logged In: FRANCISCA',1,1,0,'2018-12-24 05:46:46',NULL),(3533,'User Logged In: Jesinta',1,1,0,'2018-12-24 08:14:06',NULL),(3534,'User Logged In: FRANCISCA',1,1,0,'2018-12-24 08:45:43',NULL),(3535,'User Logged In: FRANCISCA',1,1,0,'2018-12-24 08:45:49',NULL),(3536,'User Logged In: FRANCISCA',1,1,0,'2018-12-26 06:27:28',NULL),(3537,'User Logged In: FRANCISCA',1,1,0,'2018-12-26 09:29:49',NULL),(3538,'User Logged In: FRANCISCA',1,1,0,'2018-12-26 10:36:11',NULL),(3539,'User Logged In: EVANS',1,1,0,'2018-12-27 03:45:58',NULL),(3540,'User Logged In: ERIC OLENSI',1,1,0,'2018-12-27 06:28:34',NULL),(3541,'User Logged In: Washington',1,1,0,'2018-12-27 06:52:23',NULL),(3542,'User Logged In: Washington',1,1,0,'2018-12-27 06:52:47',NULL),(3543,'User Logged In: FRANCISCA',1,1,0,'2018-12-27 08:17:55',NULL),(3544,'User Logged In: ERIC OLENSI',1,1,0,'2018-12-28 03:11:12',NULL),(3545,'User Logged In: Washington',1,1,0,'2018-12-28 08:25:27',NULL),(3546,'User Logged In: Jesinta',1,1,0,'2018-12-28 09:06:03',NULL),(3547,'User Logged In: FRANCISCA',1,1,0,'2018-12-28 12:43:52',NULL),(3548,'User Logged In: RAYMOND',1,1,0,'2018-12-29 01:57:05',NULL),(3549,'User Logged In: LENROD',1,1,0,'2018-12-29 03:08:40',NULL),(3550,'User Logged In: ERIC OLENSI',1,1,0,'2018-12-29 04:00:02',NULL),(3551,'User Logged In: ERIC OLENSI',1,1,0,'2018-12-29 07:55:44',NULL),(3552,'User Logged In: ISAAC',1,1,0,'2018-12-30 03:40:44',NULL),(3553,'User Logged In: ISAAC',1,1,0,'2018-12-31 03:34:13',NULL),(3554,'User Logged In: FLORENCE',1,1,0,'2018-12-31 04:26:48',NULL),(3555,'User Logged In: BILHA AMAGOVE',1,1,0,'2018-12-31 05:01:21',NULL),(3556,'User Logged In: MERCYLINE',1,1,0,'2018-12-31 05:07:19',NULL),(3557,'User Logged In: MERCYLINE',1,1,0,'2018-12-31 07:18:59',NULL),(3558,'User Logged In: FRANCISCA',1,1,0,'2018-12-31 08:14:36',NULL),(3559,'User Logged In: MERCYLINE',1,1,0,'2018-12-31 11:07:45',NULL),(3560,'User Logged In: BILHA AMAGOVE',1,1,0,'2018-12-31 11:20:01',NULL),(3561,'User Logged In: CATHERINE',1,1,0,'2018-12-31 11:35:46',NULL),(3562,'User Logged In: PATRICK',1,1,0,'2018-12-31 13:44:21',NULL),(3563,'User Logged In: MERCYLINE',1,1,0,'2018-12-31 14:18:41',NULL),(3564,'User Logged In: CATHERINE',1,1,0,'2019-01-02 02:01:57',NULL),(3565,'User Logged In: Pro-kazi',1,1,0,'2019-01-02 09:37:13',NULL),(3566,'User Logged In: MERCYLINE',1,1,0,'2019-01-02 12:39:00',NULL),(3567,'User Logged In: FRANCIS',1,1,0,'2019-01-03 08:35:50',NULL),(3568,'User Logged In: Washington',1,1,0,'2019-01-03 11:48:23',NULL),(3569,'User Logged In: LENROD',1,1,0,'2019-01-04 04:06:42',NULL),(3570,'User Logged In: FRANCISCA',1,1,0,'2019-01-04 04:09:35',NULL),(3571,'User Logged In: Joseph',1,1,0,'2019-01-04 05:38:46',NULL),(3572,'User Logged In: EVANS',1,1,0,'2019-01-04 05:51:10',NULL),(3573,'User Logged In: Joseph',1,1,0,'2019-01-04 08:16:37',NULL),(3574,'User Logged In: PETER',1,1,0,'2019-01-04 09:28:41',NULL),(3575,'User Logged In: Jesinta',1,1,0,'2019-01-07 05:51:14',NULL),(3576,'User Logged In: ALOICE',1,1,0,'2019-01-07 11:38:33',NULL),(3577,'User Logged In: PETER',1,1,0,'2019-01-08 01:54:37',NULL),(3578,'User Logged In: PATRICK',1,1,0,'2019-01-08 02:55:43',NULL),(3579,'User Logged In: PETER',1,1,0,'2019-01-08 04:26:09',NULL),(3580,'User Logged In: ALOICE',1,1,0,'2019-01-08 04:45:23',NULL),(3581,'User Logged In: CATHERINE',1,1,0,'2019-01-08 06:28:16',NULL),(3582,'User Logged In: PETER',1,1,0,'2019-01-08 06:44:39',NULL),(3583,'User Logged In: Pro-kazi',1,1,0,'2019-01-08 09:02:10',NULL),(3584,'User Logged In: PETER',1,1,0,'2019-01-09 02:34:17',NULL),(3585,'User Logged In: EVANS',1,1,0,'2019-01-09 03:15:24',NULL),(3586,'User Logged In: PETER',1,1,0,'2019-01-09 05:45:12',NULL),(3587,'User Logged In: Christine',1,1,0,'2019-01-09 07:23:03',NULL),(3588,'User Logged In: PATRICK',1,1,0,'2019-01-10 02:47:06',NULL),(3589,'User Logged In: CATHERINE',1,1,0,'2019-01-10 03:06:10',NULL),(3590,'User Logged In: LAWRENCE',1,1,0,'2019-01-10 04:42:33',NULL),(3591,'User Logged In: Joseph',1,1,0,'2019-01-10 06:58:07',NULL),(3592,'User Logged In: PATRICK',1,1,0,'2019-01-10 08:15:37',NULL),(3593,'User Logged In: PETER',1,1,0,'2019-01-10 10:04:41',NULL),(3594,'User Logged In: FRANCISCA',1,1,0,'2019-01-10 10:37:21',NULL),(3595,'User Logged In: JOYLINAH',1,1,0,'2019-01-10 11:07:43',NULL),(3596,'User Logged In: ISAAC',1,1,0,'2019-01-10 14:32:23',NULL),(3597,'User Logged In: ISAAC',1,1,0,'2019-01-11 02:17:23',NULL),(3598,'User Logged In: PATRICK',1,1,0,'2019-01-11 02:18:42',NULL),(3599,'User Logged In: FRANCISCA',1,1,0,'2019-01-11 08:49:13',NULL),(3600,'User Logged In: PETER',1,1,0,'2019-01-11 11:17:42',NULL),(3601,'User Logged In: PETER',1,1,0,'2019-01-12 02:52:53',NULL),(3602,'User Logged In: ERIC',1,1,0,'2019-01-12 03:41:24',NULL),(3603,'User Logged In: Joseph',1,1,0,'2019-01-12 05:03:39',NULL),(3604,'User Logged In: FRANCISCA',1,1,0,'2019-01-12 05:42:35',NULL),(3605,'User Logged In: ALOICE',1,1,0,'2019-01-12 05:48:52',NULL),(3606,'User Logged In: FRANCISCA',1,1,0,'2019-01-14 02:11:19',NULL),(3607,'User Logged In: GULJAN',1,1,0,'2019-01-14 04:49:50',NULL),(3608,'User Logged In: CATHERINE',1,1,0,'2019-01-14 04:51:54',NULL),(3609,'User Logged In: Pro-kazi',1,1,0,'2019-01-14 05:52:10',NULL),(3610,'User Logged In: PETER',1,1,0,'2019-01-14 06:01:11',NULL),(3611,'User Logged In: LENROD',1,1,0,'2019-01-14 07:01:15',NULL),(3612,'User Logged In: MOUREEN',1,1,0,'2019-01-14 07:21:27',NULL),(3613,'User Logged In: CATHERINE',1,1,0,'2019-01-14 09:48:09',NULL),(3614,'User Logged In: FRANCISCA',1,1,0,'2019-01-14 09:49:17',NULL),(3615,'User Logged In: FRANCISCA',1,1,0,'2019-01-14 10:05:36',NULL),(3616,'User Logged In: FRANCISCA',1,1,0,'2019-01-14 10:46:07',NULL),(3617,'User Logged In: FRANCISCA',1,1,0,'2019-01-14 11:31:02',NULL),(3618,'User Logged In: ISAAC',1,1,0,'2019-01-15 02:53:00',NULL),(3619,'User Logged In: ALOICE',1,1,0,'2019-01-15 09:57:39',NULL),(3620,'User Logged In: PETER',1,1,0,'2019-01-16 05:13:19',NULL),(3621,'User Logged In: Jesinta',1,1,0,'2019-01-16 08:37:54',NULL),(3622,'User Logged In: EVANS',1,1,0,'2019-01-17 04:58:53',NULL),(3623,'User Logged In: PETER',1,1,0,'2019-01-17 06:29:34',NULL),(3624,'User Logged In: CHRISPUS',1,1,0,'2019-01-17 06:42:37',NULL),(3625,'User Logged In: ALOICE',1,1,0,'2019-01-17 07:39:20',NULL),(3626,'User Logged In: FRANCISCA',1,1,0,'2019-01-17 10:23:04',NULL),(3627,'User Logged In: MOUREEN',1,1,0,'2019-01-18 03:09:42',NULL),(3628,'User Logged In: Jesinta',1,1,0,'2019-01-19 03:24:48',NULL),(3629,'User Logged In: ERIC',1,1,0,'2019-01-21 05:17:51',NULL),(3630,'User Logged In: ISAAC',1,1,0,'2019-01-21 05:19:24',NULL),(3631,'User Logged In: PETER',1,1,0,'2019-01-21 06:47:45',NULL),(3632,'User Logged In: Pauline',1,1,0,'2019-01-21 08:54:00',NULL),(3633,'User Logged In: SILVESTER',1,1,0,'2019-01-22 03:01:25',NULL),(3634,'User Logged In: PETER',1,1,0,'2019-01-22 03:03:28',NULL),(3635,'User Logged In: ERIC OLENSI',1,1,0,'2019-01-22 03:26:34',NULL),(3636,'User Logged In: ERIC OLENSI',1,1,0,'2019-01-22 07:23:59',NULL),(3637,'User Logged In: CATHERINE',1,1,0,'2019-01-22 09:09:46',NULL),(3638,'User Logged In: PETER',1,1,0,'2019-01-22 09:26:28',NULL),(3639,'User Logged In: ISAAC',1,1,0,'2019-01-22 09:32:34',NULL),(3640,'User Logged In: ALOICE',1,1,0,'2019-01-22 10:23:54',NULL),(3641,'User Logged In: Pauline',1,1,0,'2019-01-22 10:28:24',NULL),(3642,'User Logged In: ERIC OLENSI',1,1,0,'2019-01-23 03:35:59',NULL),(3643,'User Logged In: FRANCISCA',1,1,0,'2019-01-23 04:22:21',NULL),(3644,'User Logged In: Pro-kazi',1,1,0,'2019-01-23 04:37:43',NULL),(3645,'User Logged In: PETER',1,1,0,'2019-01-23 09:11:32',NULL),(3646,'User Logged In: CATHERINE',1,1,0,'2019-01-23 09:48:39',NULL),(3647,'User Logged In: FRANCISCA',1,1,0,'2019-01-24 03:11:13',NULL),(3648,'User Logged In: STEPHEN',1,1,0,'2019-01-24 10:21:25',NULL),(3649,'User Logged In: PETER',1,1,0,'2019-01-24 10:25:12',NULL),(3650,'User Logged In: ERIC OLENSI',1,1,0,'2019-01-25 06:48:32',NULL),(3651,'User Logged In: Clifford',1,1,0,'2019-01-25 10:04:00',NULL),(3652,'User Logged In: PETER',1,1,0,'2019-01-26 04:31:58',NULL),(3653,'User Logged In: Joseph',1,1,0,'2019-01-28 07:44:14',NULL),(3654,'User Logged In: JOHN',1,1,0,'2019-01-29 02:24:31',NULL),(3655,'User Logged In: FRANCISCA',1,1,0,'2019-01-29 06:53:23',NULL),(3656,'User Logged In: FRANCISCA',1,1,0,'2019-01-29 08:20:28',NULL),(3657,'User Logged In: FRANCISCA',1,1,0,'2019-01-29 08:32:43',NULL),(3658,'User Logged In: MERCYLINE',1,1,0,'2019-01-29 11:49:33',NULL),(3659,'User Logged In: FRANCISCA',1,1,0,'2019-01-31 02:05:07',NULL),(3660,'User Logged In: GRACE',1,1,0,'2019-01-31 11:26:24',NULL),(3661,'User Logged In: CATHERINE',1,1,0,'2019-02-01 02:57:00',NULL),(3662,'User Logged In: CATHERINE',1,1,0,'2019-02-01 03:25:49',NULL),(3663,'User Logged In: PETER',1,1,0,'2019-02-01 10:41:52',NULL),(3664,'User Logged In: AHMED ABDULRAHMAN AHMED',1,1,0,'2019-02-01 10:53:01',NULL),(3665,'User Logged In: PETER',1,1,0,'2019-02-02 02:39:54',NULL),(3666,'User Logged In: FLORENCE',1,1,0,'2019-02-02 04:46:28',NULL),(3667,'User Logged In: LENROD',1,1,0,'2019-02-04 02:38:04',NULL),(3668,'User Logged In: LENROD',1,1,0,'2019-02-04 02:49:49',NULL),(3669,'User Logged In: JOHN',1,1,0,'2019-02-04 06:13:04',NULL),(3670,'User Logged In: Joseph',1,1,0,'2019-02-04 09:02:03',NULL),(3671,'User Logged In: EVANS',1,1,0,'2019-02-05 02:33:14',NULL),(3672,'User Logged In: JOHN',1,1,0,'2019-02-05 02:33:54',NULL),(3673,'User Logged In: PETER',1,1,0,'2019-02-05 02:41:01',NULL),(3674,'User Logged In: CATHERINE',1,1,0,'2019-02-05 03:02:36',NULL),(3675,'User Logged In: SILVESTER',1,1,0,'2019-02-05 04:11:29',NULL),(3676,'User Logged In: EVANS',1,1,0,'2019-02-05 05:21:20',NULL),(3677,'User Logged In: EVANS',1,1,0,'2019-02-05 05:27:27',NULL),(3678,'User Logged In: Pro-kazi',1,1,0,'2019-02-05 06:36:24',NULL),(3679,'User Logged In: Pro-kazi',1,1,0,'2019-02-05 08:01:10',NULL),(3680,'User Logged In: Joseph',1,1,0,'2019-02-05 09:50:56',NULL),(3681,'User Logged In: PETER',1,1,0,'2019-02-06 02:05:29',NULL),(3682,'User Logged In: Pauline',1,1,0,'2019-02-06 08:30:46',NULL),(3683,'User Logged In: EVANS',1,1,0,'2019-02-06 08:36:13',NULL),(3684,'User Logged In: ISAAC',1,1,0,'2019-02-06 09:14:57',NULL),(3685,'User Logged In: FRANCIS',1,1,0,'2019-02-06 09:55:41',NULL),(3686,'User Logged In: ERIC OLENSI',1,1,0,'2019-02-06 10:34:54',NULL),(3687,'User Logged In: Pro-kazi',1,1,0,'2019-02-06 11:57:43',NULL),(3688,'User Logged In: Joseph',1,1,0,'2019-02-06 17:33:38',NULL),(3689,'User Logged In: FRANCIS',1,1,0,'2019-02-07 02:26:07',NULL),(3690,'User Logged In: LENROD',1,1,0,'2019-02-07 04:26:32',NULL),(3691,'User Logged In: FRANCISCA',1,1,0,'2019-02-07 09:36:43',NULL),(3692,'User Logged In: EVANS',1,1,0,'2019-02-07 10:10:39',NULL),(3693,'User Logged In: GRACE',1,1,0,'2019-02-08 03:06:04',NULL),(3694,'User Logged In: PETER',1,1,0,'2019-02-08 03:27:14',NULL),(3695,'User Logged In: ERIC OLENSI',1,1,0,'2019-02-08 05:15:02',NULL),(3696,'User Logged In: GULJAN',1,1,0,'2019-02-08 08:35:48',NULL),(3697,'User Logged In: FRANCIS',1,1,0,'2019-02-08 09:37:01',NULL),(3698,'User Logged In: FLORENCE',1,1,0,'2019-02-08 10:22:20',NULL),(3699,'User Logged In: MOUREEN',1,1,0,'2019-02-08 10:30:41',NULL),(3700,'User Logged In: ISAAC',1,1,0,'2019-02-08 10:33:50',NULL),(3701,'User Logged In: PETER',1,1,0,'2019-02-09 03:46:26',NULL),(3702,'User Logged In: EVANS',1,1,0,'2019-02-09 05:30:32',NULL),(3703,'User Logged In: FRANCISCA',1,1,0,'2019-02-09 05:41:01',NULL),(3704,'User Logged In: PETER',1,1,0,'2019-02-11 02:43:08',NULL),(3705,'User Logged In: Jesinta',1,1,0,'2019-02-11 03:40:28',NULL),(3706,'User Logged In: LEONARD',1,1,0,'2019-02-11 05:18:02',NULL),(3707,'User Logged In: LAWRENCE',1,1,0,'2019-02-11 06:48:00',NULL),(3708,'User Logged In: FRANCISCA',1,1,0,'2019-02-11 07:52:49',NULL),(3709,'User Logged In: FRANCIS',1,1,0,'2019-02-11 08:59:51',NULL),(3710,'User Logged In: GULJAN',1,1,0,'2019-02-11 09:38:59',NULL),(3711,'User Logged In: PETER',1,1,0,'2019-02-11 10:50:22',NULL),(3712,'User Logged In: GULJAN',1,1,0,'2019-02-12 00:35:56',NULL),(3713,'User Logged In: FRANCISCA',1,1,0,'2019-02-12 02:36:55',NULL),(3714,'User Logged In: GULJAN',1,1,0,'2019-02-12 03:55:06',NULL),(3715,'User Logged In: PETER',1,1,0,'2019-02-12 05:33:03',NULL),(3716,'User Logged In: Pro-kazi',1,1,0,'2019-02-12 07:41:04',NULL),(3717,'User Logged In: Pro-kazi',1,1,0,'2019-02-12 09:13:53',NULL),(3718,'User Logged In: GULJAN',1,1,0,'2019-02-12 10:37:47',NULL),(3719,'User Logged In: Washington',1,1,0,'2019-02-12 11:11:59',NULL),(3720,'User Logged In: EVANS',1,1,0,'2019-02-12 11:34:53',NULL),(3721,'User Logged In: JOHN',1,1,0,'2019-02-13 02:29:54',NULL),(3722,'User Logged In: ISAAC',1,1,0,'2019-02-13 11:33:51',NULL),(3723,'User Logged In: ISAAC',1,1,0,'2019-02-14 03:55:42',NULL),(3724,'User Logged In: FRANCISCA',1,1,0,'2019-02-14 12:08:52',NULL),(3725,'User Logged In: Washington',1,1,0,'2019-02-15 04:06:13',NULL),(3726,'User Logged In: Joseph',1,1,0,'2019-02-15 08:04:35',NULL),(3727,'User Logged In: JOHN',1,1,0,'2019-02-15 09:36:58',NULL),(3728,'User Logged In: JOHN',1,1,0,'2019-02-15 09:37:39',NULL),(3729,'User Logged In: Pro-kazi',1,1,0,'2019-02-15 09:41:41',NULL),(3730,'User Logged In: Pro-kazi',1,1,0,'2019-02-19 11:00:01',NULL),(3731,'User Logged In: Pro-kazi',1,1,0,'2019-02-20 02:12:11',NULL),(3732,'User Logged In: Pro-kazi',1,1,0,'2019-02-20 02:44:59',NULL),(3733,'User Logged In: RAYMOND',1,1,0,'2019-02-20 04:19:44',NULL),(3734,'User Logged In: RAYMOND',1,1,0,'2019-02-20 04:23:04',NULL),(3735,'User Logged In: RAYMOND',1,1,0,'2019-02-20 08:56:45',NULL),(3736,'User Logged In: Pro-kazi',1,1,0,'2019-02-20 09:28:33',NULL),(3737,'User Logged In: ISAAC',1,1,0,'2019-02-20 09:43:52',NULL),(3738,'User Logged In: KENNEDY',1,1,0,'2019-02-20 10:48:34',NULL),(3739,'User Logged In: Pro-kazi',1,1,0,'2019-02-20 10:49:41',NULL),(3740,'User Logged In: KENNEDY',1,1,0,'2019-02-20 10:54:40',NULL),(3741,'User Logged In: Pro-kazi',1,1,0,'2019-02-20 11:15:04',NULL),(3742,'User Logged In: RAYMOND',1,1,0,'2019-02-21 02:47:25',NULL),(3743,'User Logged In: Benson',1,1,0,'2019-02-21 02:53:09',NULL),(3744,'User Logged In: RAYMOND',1,1,0,'2019-02-21 10:17:03',NULL),(3745,'User Logged In: RAYMOND',1,1,0,'2019-02-22 04:31:34',NULL),(3746,'User Logged In: Pro-kazi',1,1,0,'2019-02-22 06:48:18',NULL),(3747,'User Logged In: ISAAC',1,1,0,'2019-02-24 08:41:13',NULL),(3748,'User Logged In: RAYMOND',1,1,0,'2019-02-25 02:55:37',NULL),(3749,'User Logged In: ISAAC',1,1,0,'2019-02-25 03:48:04',NULL),(3750,'User Logged In: Pro-kazi',1,1,0,'2019-02-25 08:41:16',NULL),(3751,'User Logged In: RAYMOND',1,1,0,'2019-02-25 09:46:17',NULL),(3752,'User Logged In: ISAAC',1,1,0,'2019-02-26 02:45:04',NULL),(3753,'User Logged In: JOHN',1,1,0,'2019-02-26 02:54:09',NULL),(3754,'User Logged In: RAYMOND',1,1,0,'2019-02-26 04:02:32',NULL),(3755,'User Logged In: Pro-kazi',1,1,0,'2019-02-27 04:18:46',NULL),(3756,'User Logged In: ISAAC',1,1,0,'2019-02-27 05:08:52',NULL),(3757,'User Logged In: RAYMOND',1,1,0,'2019-02-27 06:08:59',NULL),(3758,'User Logged In: RAYMOND',1,1,0,'2019-02-27 08:47:59',NULL),(3759,'User Logged In: RAYMOND',1,1,0,'2019-02-28 03:26:56',NULL),(3760,'User Logged In: Pro-kazi',1,1,0,'2019-02-28 03:33:19',NULL),(3761,'User Logged In: EVANS',1,1,0,'2019-02-28 04:34:20',NULL),(3762,'User Logged In: Pro-kazi',1,1,0,'2019-02-28 06:21:39',NULL),(3763,'User Logged In: LEONARD',1,1,0,'2019-03-01 03:10:45',NULL),(3764,'User Logged In: ISAAC',1,1,0,'2019-03-01 04:24:39',NULL),(3765,'User Logged In: LEONARD',1,1,0,'2019-03-01 05:40:11',NULL),(3766,'User Logged In: Pro-kazi',1,1,0,'2019-03-04 02:56:29',NULL),(3767,'User Logged In: RAYMOND',1,1,0,'2019-03-04 03:02:48',NULL),(3768,'User Logged In: RAYMOND',1,1,0,'2019-03-04 03:36:32',NULL),(3769,'User Logged In: RAYMOND',1,1,0,'2019-03-04 03:41:23',NULL),(3770,'User Logged In: Pro-kazi',1,1,0,'2019-03-04 08:35:45',NULL),(3771,'User Logged In: RAYMOND',1,1,0,'2019-03-05 01:56:00',NULL),(3772,'User Logged In: Pro-kazi',1,1,0,'2019-03-05 08:44:58',NULL),(3773,'User Logged In: RAYMOND',1,1,0,'2019-03-06 02:16:21',NULL),(3774,'User Logged In: RAYMOND',1,1,0,'2019-03-06 04:42:23',NULL),(3775,'User Logged In: RAYMOND',1,1,0,'2019-03-06 05:01:53',NULL),(3776,'User Logged In: RAYMOND',1,1,0,'2019-03-06 06:30:39',NULL),(3777,'User Logged In: RAYMOND',1,1,0,'2019-03-07 03:33:20',NULL),(3778,'User Logged In: RAYMOND',1,1,0,'2019-03-07 05:00:59',NULL),(3779,'User Logged In: Pro-kazi',1,1,0,'2019-03-07 07:01:59',NULL),(3780,'User Logged In: Pro-kazi',1,1,0,'2019-03-07 07:14:32',NULL),(3781,'User Logged In: CATHERINE',1,1,0,'2019-03-07 10:07:40',NULL),(3782,'User Logged In: CATHERINE',1,1,0,'2019-03-07 23:33:19',NULL),(3783,'User Logged In: RAYMOND',1,1,0,'2019-03-08 04:08:32',NULL),(3784,'User Logged In: Pro-kazi',1,1,0,'2019-03-08 07:46:02',NULL),(3785,'User Logged In: RAYMOND',1,1,0,'2019-03-08 09:14:02',NULL),(3786,'User Logged In: Pro-kazi',1,1,1,'2019-03-08 10:08:38','2019-03-11 02:57:01'),(3787,'User Logged In: Phides',1,1,1,'2019-03-09 03:42:21','2019-03-11 02:57:01'),(3788,'User Logged In: RAYMOND',1,1,1,'2019-03-09 04:00:11','2019-03-11 02:57:01'),(3789,'User Logged In: RAYMOND',1,1,1,'2019-03-09 04:39:38','2019-03-11 02:57:01'),(3790,'User Logged In: Pro-kazi',1,1,1,'2019-03-11 02:51:50','2019-03-11 02:57:01'),(3791,'User Logged In: Pro-kazi',1,1,0,'2019-03-11 03:20:58',NULL),(3792,'User Logged In: Pro-kazi',1,1,0,'2019-03-11 03:42:37',NULL),(3793,'User Logged In: GULJAN',1,1,0,'2019-03-11 03:46:33',NULL),(3794,'User Logged In: Pro-kazi',1,1,0,'2019-03-11 04:16:11',NULL),(3795,'User Logged In: Pro-kazi',1,1,0,'2019-03-11 05:16:08',NULL),(3796,'User Logged In: Pro-kazi',1,1,0,'2019-03-11 05:16:52',NULL),(3797,'User Logged In: Rachael',1,1,0,'2019-03-11 05:25:17',NULL),(3798,'User Logged In: Pro-kazi',1,1,0,'2019-03-11 06:00:22',NULL),(3799,'User Logged In: Pro-kazi',1,1,0,'2019-03-11 08:52:46',NULL),(3800,'User Logged In: Pro-kazi',1,1,0,'2019-03-12 03:00:20',NULL),(3801,'User Logged In: JOHN',1,1,0,'2019-03-12 03:03:36',NULL),(3802,'User Logged In: GULJAN',1,1,0,'2019-03-12 03:08:52',NULL),(3803,'User Logged In: Pro-kazi',1,1,0,'2019-03-12 03:36:42',NULL),(3804,'User Logged In: Pro-kazi',1,1,0,'2019-03-12 10:15:43',NULL),(3805,'User Logged In: JOHN',1,1,0,'2019-03-13 05:57:40',NULL),(3806,'User Logged In: Pro-kazi',1,1,0,'2019-03-13 05:59:57',NULL),(3807,'User Logged In: GULJAN',1,1,0,'2019-03-13 10:48:12',NULL),(3808,'User Logged In: RAYMOND',1,1,0,'2019-03-14 06:06:54',NULL),(3809,'User Logged In: RAYMOND',1,1,0,'2019-03-14 09:20:37',NULL),(3810,'User Logged In: EVANS',1,1,0,'2019-03-15 09:45:31',NULL),(3811,'User Logged In: RAYMOND',1,1,0,'2019-03-19 03:14:59',NULL),(3812,'User Logged In: Pro-kazi',1,1,0,'2019-03-19 06:50:24',NULL),(3813,'User Logged In: RAYMOND',1,1,0,'2019-03-19 08:42:43',NULL),(3814,'User Logged In: Pro-kazi',1,1,0,'2019-03-20 02:34:38',NULL),(3815,'User Logged In: EVANS',1,1,0,'2019-03-20 03:08:48',NULL),(3816,'User Logged In: RAYMOND',1,1,0,'2019-03-20 03:14:46',NULL),(3817,'User Logged In: LEONARD',1,1,0,'2019-03-20 08:27:46',NULL),(3818,'User Logged In: Pro-kazi',1,1,0,'2019-03-20 10:35:17',NULL),(3819,'User Logged In: Pro-kazi',1,1,0,'2019-03-20 11:11:27',NULL),(3820,'User Logged In: Pro-kazi',1,1,0,'2019-03-21 08:13:58',NULL),(3821,'User Logged In: EVANS',1,1,0,'2019-03-21 08:28:02',NULL),(3822,'User Logged In: ISAAC',1,1,0,'2019-03-21 08:52:57',NULL),(3823,'User Logged In: RAYMOND',1,1,0,'2019-03-21 08:54:05',NULL),(3824,'User Logged In: ERIC OLENSI',1,1,0,'2019-03-21 09:04:43',NULL),(3825,'User Logged In: Pro-kazi',1,1,0,'2019-03-21 09:16:23',NULL),(3826,'User Logged In: Pro-kazi',1,1,0,'2019-03-21 10:52:00',NULL),(3827,'User Logged In: Phides',1,1,0,'2019-03-21 10:57:43',NULL),(3828,'User Logged In: RAYMOND',1,1,0,'2019-03-22 04:22:39',NULL),(3829,'User Logged In: ERIC OLENSI',1,1,0,'2019-03-22 04:53:51',NULL),(3830,'User Logged In: RAYMOND',1,1,0,'2019-03-22 06:31:49',NULL),(3831,'User Logged In: ISAAC',1,1,0,'2019-03-22 09:32:25',NULL),(3832,'User Logged In: JOHN',1,1,0,'2019-03-25 03:55:00',NULL),(3833,'User Logged In: RAYMOND',1,1,0,'2019-03-25 06:08:48',NULL),(3834,'User Logged In: RAYMOND',1,1,0,'2019-03-25 06:14:25',NULL),(3835,'User Logged In: Pro-kazi',1,1,0,'2019-03-25 06:53:28',NULL),(3836,'User Logged In: Pro-kazi',1,1,0,'2019-03-25 07:03:02',NULL),(3837,'User Logged In: Pro-kazi',1,1,0,'2019-03-25 07:18:04',NULL),(3838,'User Logged In: RAYMOND',1,1,0,'2019-03-25 08:37:19',NULL),(3839,'User Logged In: JOHN',1,1,0,'2019-03-26 02:00:37',NULL),(3840,'User Logged In: RAYMOND',1,1,0,'2019-03-26 03:12:27',NULL),(3841,'User Logged In: EVANS',1,1,0,'2019-03-27 03:41:18',NULL),(3842,'User Logged In: RAYMOND',1,1,0,'2019-03-27 04:08:57',NULL),(3843,'User Logged In: Phides',1,1,0,'2019-03-27 05:39:34',NULL),(3844,'User Logged In: RAYMOND',1,1,0,'2019-03-27 06:23:22',NULL),(3845,'User Logged In: RAYMOND',1,1,0,'2019-03-27 09:08:13',NULL),(3846,'User Logged In: Phides',1,1,0,'2019-03-27 09:43:42',NULL),(3847,'User Logged In: RAYMOND',1,1,0,'2019-03-28 02:18:27',NULL),(3848,'User Logged In: RAYMOND',1,1,0,'2019-03-28 06:19:11',NULL),(3849,'User Logged In: Phides',1,1,0,'2019-03-28 06:31:46',NULL),(3850,'User Logged In: Pro-kazi',1,1,0,'2019-03-28 06:58:24',NULL),(3851,'User Logged In: LEONARD',1,1,0,'2019-03-28 10:47:41',NULL),(3852,'User Logged In: MOURINE',1,1,0,'2019-03-28 11:58:16',NULL),(3853,'User Logged In: RAYMOND',1,1,0,'2019-03-29 08:50:07',NULL),(3854,'User Logged In: CATHERINE',1,1,0,'2019-03-29 09:19:21',NULL),(3855,'User Logged In: ISAAC',1,1,0,'2019-03-29 10:21:20',NULL),(3856,'User Logged In: RAYMOND',1,1,0,'2019-03-30 02:47:04',NULL),(3857,'User Logged In: Pro-kazi',1,1,0,'2019-03-30 08:42:30',NULL),(3858,'User Logged In: LEONARD',1,1,0,'2019-04-02 02:21:43',NULL),(3859,'User Logged In: RAYMOND',1,1,0,'2019-04-02 02:31:26',NULL),(3860,'User Logged In: RAYMOND',1,1,0,'2019-04-02 02:32:03',NULL),(3861,'User Logged In: Pro-kazi',1,1,0,'2019-04-02 03:30:31',NULL),(3862,'User Logged In: ERIC OLENSI',1,1,0,'2019-04-02 05:04:48',NULL),(3863,'User Logged In: RAYMOND',1,1,0,'2019-04-02 08:58:41',NULL),(3864,'User Logged In: ERIC OLENSI',1,1,0,'2019-04-02 11:26:04',NULL),(3865,'User Logged In: JOHN',1,1,0,'2019-04-03 02:34:55',NULL),(3866,'User Logged In: JOHN',1,1,0,'2019-04-03 02:36:48',NULL),(3867,'User Logged In: JOHN',1,1,0,'2019-04-03 02:52:00',NULL),(3868,'User Logged In: RAYMOND',1,1,0,'2019-04-03 06:07:39',NULL),(3869,'User Logged In: JOHN',1,1,0,'2019-04-03 07:50:23',NULL),(3870,'User Logged In: Pauline',1,1,0,'2019-04-03 08:46:41',NULL),(3871,'User Logged In: RAYMOND',1,1,0,'2019-04-04 08:58:04',NULL),(3872,'User Logged In: RAYMOND',1,1,0,'2019-04-04 08:58:54',NULL),(3873,'User Logged In: RAYMOND',1,1,0,'2019-04-04 09:25:20',NULL),(3874,'User Logged In: RAYMOND',1,1,0,'2019-04-05 06:15:57',NULL),(3875,'User Logged In: Pauline',1,1,0,'2019-04-05 08:26:22',NULL),(3876,'User Logged In: ISAAC',1,1,0,'2019-04-05 09:45:07',NULL),(3877,'User Logged In: JOHN',1,1,0,'2019-04-05 11:12:43',NULL),(3878,'User Logged In: GULJAN',1,1,0,'2019-04-06 03:56:48',NULL),(3879,'User Logged In: RAYMOND',1,1,0,'2019-04-08 09:28:13',NULL),(3880,'User Logged In: Pauline',1,1,0,'2019-04-09 02:38:46',NULL),(3881,'User Logged In: JOHN',1,1,0,'2019-04-09 05:33:25',NULL),(3882,'User Logged In: Pro-kazi',1,1,0,'2019-04-09 07:23:19',NULL),(3883,'User Logged In: Pro-kazi',1,1,0,'2019-04-09 07:25:52',NULL),(3884,'User Logged In: RAYMOND',1,1,0,'2019-04-09 09:07:44',NULL),(3885,'User Logged In: RAYMOND',1,1,0,'2019-04-10 06:56:28',NULL),(3886,'User Logged In: Pauline',1,1,0,'2019-04-10 07:26:47',NULL),(3887,'User Logged In: RAYMOND',1,1,0,'2019-04-10 10:36:33',NULL),(3888,'User Logged In: RAYMOND',1,1,0,'2019-04-11 02:14:56',NULL),(3889,'User Logged In: RAYMOND',1,1,0,'2019-04-11 06:05:57',NULL),(3890,'User Logged In: FRANCIS',1,1,0,'2019-04-11 08:26:02',NULL),(3891,'User Logged In: ISAAC',1,1,0,'2019-04-11 09:35:31',NULL),(3892,'User Logged In: EVANS',1,1,0,'2019-04-11 12:52:08',NULL),(3893,'User Logged In: EVANS',1,1,0,'2019-04-12 06:16:09',NULL),(3894,'User Logged In: Pro-kazi',1,1,0,'2019-04-12 07:48:34',NULL),(3895,'User Logged In: LAWRENCE',1,1,0,'2019-04-13 03:40:47',NULL),(3896,'User Logged In: RAYMOND',1,1,0,'2019-04-13 06:37:06',NULL),(3897,'User Logged In: RAYMOND',1,1,0,'2019-04-15 05:02:40',NULL),(3898,'User Logged In: EVANS',1,1,0,'2019-04-15 05:40:23',NULL),(3899,'User Logged In: Pauline',1,1,0,'2019-04-15 06:07:19',NULL),(3900,'User Logged In: RAYMOND',1,1,0,'2019-04-15 10:06:31',NULL),(3901,'User Logged In: LAWRENCE',1,1,0,'2019-04-15 11:28:51',NULL),(3902,'User Logged In: RAYMOND',1,1,0,'2019-04-16 02:58:03',NULL),(3903,'User Logged In: Pro-kazi',1,1,0,'2019-04-16 05:24:55',NULL),(3904,'User Logged In: Pro-kazi',1,1,0,'2019-04-16 10:04:07',NULL),(3905,'User Logged In: GULJAN',1,1,0,'2019-04-17 04:06:15',NULL),(3906,'User Logged In: KENNEDY',1,1,0,'2019-04-17 09:00:31',NULL),(3907,'User Logged In: LENROD',1,1,0,'2019-04-17 09:22:15',NULL),(3908,'User Logged In: LENROD',1,1,0,'2019-04-18 01:31:07',NULL),(3909,'User Logged In: RAYMOND',1,1,0,'2019-04-18 02:33:30',NULL),(3910,'User Logged In: RAYMOND',1,1,0,'2019-04-18 03:07:36',NULL),(3911,'User Logged In: ISAAC',1,1,0,'2019-04-18 07:09:41',NULL),(3912,'User Logged In: RAYMOND',1,1,0,'2019-04-18 07:41:46',NULL),(3913,'User Logged In: LENROD',1,1,0,'2019-04-18 08:00:25',NULL),(3914,'User Logged In: LENROD',1,1,0,'2019-04-18 10:20:41',NULL),(3915,'User Logged In: Dominic',1,1,0,'2019-04-18 10:39:14',NULL),(3916,'User Logged In: MOURINE',1,1,0,'2019-04-18 11:15:52',NULL),(3917,'User Logged In: LENROD',1,1,0,'2019-04-19 02:34:10',NULL),(3918,'User Logged In: MERCYLINE',1,1,0,'2019-04-20 04:52:22',NULL),(3919,'User Logged In: RAYMOND',1,1,0,'2019-04-24 06:11:43',NULL),(3920,'User Logged In: ALOICE',1,1,0,'2019-04-25 04:36:44',NULL),(3921,'User Logged In: JOHN',1,1,0,'2019-04-25 05:35:52',NULL),(3922,'User Logged In: RAYMOND',1,1,0,'2019-04-25 09:30:33',NULL),(3923,'User Logged In: Pauline',1,1,0,'2019-04-26 04:19:32',NULL),(3924,'User Logged In: Pauline',1,1,0,'2019-04-26 06:51:16',NULL),(3925,'User Logged In: Pro-kazi',1,1,0,'2019-04-26 09:27:32',NULL),(3926,'User Logged In: Pro-kazi',1,1,0,'2019-04-26 11:34:14',NULL),(3927,'User Logged In: RAYMOND',1,1,0,'2019-04-26 12:15:04',NULL),(3928,'User Logged In: RAYMOND',1,1,0,'2019-04-27 04:36:19',NULL),(3929,'User Logged In: JOHN',1,1,0,'2019-04-27 06:26:18',NULL),(3930,'User Logged In: Margaret',1,1,0,'2019-04-27 06:33:57',NULL),(3931,'User Logged In: RAYMOND',1,1,0,'2019-04-29 03:30:33',NULL),(3932,'User Logged In: RAYMOND',1,1,0,'2019-04-29 04:03:26',NULL),(3933,'User Logged In: RAYMOND',1,1,0,'2019-04-30 06:42:13',NULL),(3934,'User Logged In: RAYMOND',1,1,0,'2019-05-02 02:25:37',NULL),(3935,'User Logged In: Pauline',1,1,0,'2019-05-02 04:10:41',NULL),(3936,'User Logged In: RAYMOND',1,1,0,'2019-05-02 04:41:08',NULL),(3937,'User Logged In: Joseph',1,1,0,'2019-05-02 10:09:33',NULL),(3938,'User Logged In: RAYMOND',1,1,0,'2019-05-02 10:49:14',NULL),(3939,'User Logged In: Pauline',1,1,0,'2019-05-03 04:46:33',NULL),(3940,'User Logged In: Pro-kazi',1,1,0,'2019-05-03 06:05:30',NULL),(3941,'User Logged In: Pro-kazi',1,1,0,'2019-05-06 03:43:12',NULL),(3942,'User Logged In: ISAAC',1,1,0,'2019-05-06 10:15:43',NULL),(3943,'User Logged In: Margaret',1,1,0,'2019-05-06 10:20:43',NULL),(3944,'User Logged In: Pro-kazi',1,1,0,'2019-05-06 10:24:00',NULL),(3945,'User Logged In: Margaret',1,1,0,'2019-05-07 02:37:54',NULL),(3946,'User Logged In: RAYMOND',1,1,0,'2019-05-08 10:08:27',NULL),(3947,'User Logged In: Joseph',1,1,0,'2019-05-09 02:29:23',NULL),(3948,'User Logged In: RAYMOND',1,1,0,'2019-05-09 05:48:22',NULL),(3949,'User Logged In: RAYMOND',1,1,0,'2019-05-09 08:22:31',NULL),(3950,'User Logged In: RAYMOND',1,1,0,'2019-05-10 03:06:16',NULL),(3951,'User Logged In: GULJAN',1,1,0,'2019-05-10 03:30:57',NULL),(3952,'User Logged In: RAYMOND',1,1,0,'2019-05-10 03:42:03',NULL),(3953,'User Logged In: ISAAC',1,1,0,'2019-05-10 05:15:55',NULL),(3954,'User Logged In: Pauline',1,1,0,'2019-05-10 11:02:11',NULL),(3955,'User Logged In: JOHN',1,1,0,'2019-05-13 02:31:19',NULL),(3956,'User Logged In: Joseph',1,1,0,'2019-05-15 01:50:21',NULL),(3957,'User Logged In: RAYMOND',1,1,0,'2019-05-16 03:45:06',NULL),(3958,'User Logged In: Salim',1,1,0,'2019-05-16 06:26:01',NULL),(3959,'User Logged In: JOHN',1,1,0,'2019-05-16 06:38:16',NULL),(3960,'User Logged In: JOHN',1,1,0,'2019-05-16 09:18:49',NULL),(3961,'User Logged In: Pro-kazi',1,1,0,'2019-05-16 09:19:52',NULL),(3962,'User Logged In: Pro-kazi',1,1,0,'2019-05-16 09:21:52',NULL),(3963,'User Logged In: Pro-kazi',1,1,0,'2019-05-16 09:43:37',NULL),(3964,'User Logged In: GULJAN',1,1,0,'2019-05-16 10:22:52',NULL),(3965,'User Logged In: GULJAN',1,1,0,'2019-05-17 04:51:00',NULL),(3966,'User Logged In: ERIC OLENSI',1,1,0,'2019-05-23 08:33:44',NULL),(3967,'User Logged In: ISAAC',1,1,0,'2019-05-24 03:51:49',NULL),(3968,'User Logged In: JOHN',1,1,0,'2019-05-28 09:26:14',NULL),(3969,'User Logged In: RAYMOND',1,1,0,'2019-05-29 05:18:30',NULL),(3970,'User Logged In: RAYMOND',1,1,0,'2019-05-29 08:45:22',NULL),(3971,'User Logged In: GULJAN',1,1,0,'2019-05-29 11:01:42',NULL),(3972,'User Logged In: RAYMOND',1,1,0,'2019-05-31 02:00:36',NULL),(3973,'User Logged In: RAYMOND',1,1,0,'2019-05-31 02:04:35',NULL),(3974,'User Logged In: Phides',1,1,0,'2019-05-31 09:15:00',NULL),(3975,'User Logged In: RAYMOND',1,1,0,'2019-05-31 10:22:11',NULL),(3976,'User Logged In: GULJAN',1,1,0,'2019-06-03 10:14:15',NULL),(3977,'User Logged In: Pauline',1,1,0,'2019-06-04 03:07:34',NULL),(3978,'User Logged In: RAYMOND',1,1,0,'2019-06-04 04:23:52',NULL),(3979,'User Logged In: RAYMOND',1,1,0,'2019-06-09 08:22:15',NULL),(3980,'User Logged In: RAYMOND',1,1,0,'2019-06-14 09:15:02',NULL),(3981,'User Logged In: ISAAC',1,1,0,'2019-06-21 01:29:45',NULL),(3982,'User Logged In: Pro-kazi',1,1,0,'2019-06-27 04:06:58',NULL),(3983,'User Logged In: Pro-kazi',1,1,0,'2019-06-27 06:53:31',NULL),(3984,'User Logged In: Pro-kazi',1,1,0,'2019-06-28 08:58:05',NULL),(3985,'User Logged In: EVANS',1,1,0,'2019-07-02 06:08:14',NULL),(3986,'User Logged In: ISAAC',1,1,0,'2019-07-19 11:16:45',NULL),(3987,'User Logged In: EVANS',1,1,0,'2019-07-25 04:23:40',NULL),(3988,'User Logged In: Pro-kazi',1,1,0,'2019-07-29 05:55:36',NULL),(3989,'User Logged In: EVANS',1,1,0,'2019-08-02 04:46:28',NULL),(3990,'User Logged In: Pro-kazi',1,1,0,'2019-08-12 06:01:05',NULL),(3991,'User Logged In: Pro-kazi',1,1,0,'2019-08-14 05:37:53',NULL),(3992,'User Logged In: Pro-kazi',1,1,0,'2019-08-14 06:13:54',NULL),(3993,'User Logged In: Pro-kazi',1,1,0,'2019-10-08 09:48:14',NULL),(3994,'User Logged In: Pro-kazi',1,1,0,'2019-10-15 08:24:21',NULL),(3995,'User Logged In: Pro-kazi',1,1,0,'2019-10-15 13:07:36',NULL),(3996,'User Logged In: Pro-kazi',1,1,0,'2019-10-17 05:57:43',NULL),(3997,'User Logged In: Pro-kazi',1,1,0,'2019-10-25 08:12:03',NULL),(3998,'User Logged In: EVANS',1,1,0,'2019-11-11 10:54:03',NULL),(3999,'User Logged In: PETER',1,1,0,'2019-11-19 08:47:20',NULL),(4000,'User Logged In: Clifford',1,1,0,'2019-11-22 03:54:29',NULL),(4001,'User Logged In: EVANS',1,1,0,'2019-11-28 08:32:15',NULL),(4002,'User Logged In: Clifford',1,1,0,'2019-11-29 03:16:58',NULL),(4003,'User Logged In: PETER',1,1,0,'2019-12-03 08:39:04',NULL),(4004,'User Logged In: Clifford',1,1,0,'2019-12-06 01:50:42',NULL),(4005,'User Logged In: Clifford',1,1,0,'2019-12-06 05:34:36',NULL),(4006,'User Logged In: Clifford',1,1,0,'2019-12-07 03:43:50',NULL),(4007,'User Logged In: PETER',1,1,0,'2019-12-10 05:52:31',NULL),(4008,'User Logged In: Clifford',1,1,0,'2019-12-10 09:05:21',NULL),(4009,'User Logged In: Clifford',1,1,0,'2020-01-02 07:04:26',NULL),(4010,'User Logged In: ERIC',1,1,0,'2020-01-17 08:39:37',NULL),(4011,'User Logged In: Pro-kazi',1,1,0,'2020-01-29 10:54:42',NULL),(4012,'User Logged In: Pro-kazi',1,1,0,'2020-02-19 11:06:14',NULL),(4013,'User Logged In: Pro-kazi',1,1,0,'2020-03-24 11:12:43',NULL),(4014,'User Logged In: EVANS',1,1,0,'2020-04-11 05:58:33',NULL),(4015,'User Logged In: EVANS',1,1,0,'2020-04-13 12:02:11',NULL);
/*!40000 ALTER TABLE `notifications` ENABLE KEYS */;
UNLOCK TABLES;

--
-- Table structure for table `pages`
--

DROP TABLE IF EXISTS `pages`;
/*!40101 SET @saved_cs_client     = @@character_set_client */;
/*!40101 SET character_set_client = utf8 */;
CREATE TABLE `pages` (
  `id` int(10) unsigned NOT NULL AUTO_INCREMENT,
  `title` varchar(191) COLLATE utf8mb4_unicode_ci NOT NULL,
  `page_slug` varchar(191) COLLATE utf8mb4_unicode_ci NOT NULL,
  `description` text COLLATE utf8mb4_unicode_ci,
  `cannonical_link` varchar(191) COLLATE utf8mb4_unicode_ci DEFAULT NULL,
  `seo_title` varchar(191) COLLATE utf8mb4_unicode_ci DEFAULT NULL,
  `seo_keyword` varchar(191) COLLATE utf8mb4_unicode_ci DEFAULT NULL,
  `seo_description` text COLLATE utf8mb4_unicode_ci,
  `status` tinyint(1) NOT NULL DEFAULT '1',
  `created_by` int(10) unsigned NOT NULL,
  `updated_by` int(10) unsigned DEFAULT NULL,
  `created_at` timestamp NULL DEFAULT NULL,
  `updated_at` timestamp NULL DEFAULT NULL,
  `deleted_at` timestamp NULL DEFAULT NULL,
  PRIMARY KEY (`id`),
  UNIQUE KEY `pages_page_slug_unique` (`page_slug`)
) ENGINE=InnoDB AUTO_INCREMENT=2 DEFAULT CHARSET=utf8mb4 COLLATE=utf8mb4_unicode_ci;
/*!40101 SET character_set_client = @saved_cs_client */;

--
-- Dumping data for table `pages`
--

LOCK TABLES `pages` WRITE;
/*!40000 ALTER TABLE `pages` DISABLE KEYS */;
INSERT INTO `pages` VALUES (1,'Terms and conditions','terms-and-conditions','terms and conditions',NULL,NULL,NULL,NULL,1,1,NULL,'2018-04-11 17:01:11','2018-04-11 17:01:11',NULL);
/*!40000 ALTER TABLE `pages` ENABLE KEYS */;
UNLOCK TABLES;

--
-- Table structure for table `password_resets`
--

DROP TABLE IF EXISTS `password_resets`;
/*!40101 SET @saved_cs_client     = @@character_set_client */;
/*!40101 SET character_set_client = utf8 */;
CREATE TABLE `password_resets` (
  `email` varchar(191) COLLATE utf8mb4_unicode_ci NOT NULL,
  `token` varchar(191) COLLATE utf8mb4_unicode_ci NOT NULL,
  `created_at` datetime DEFAULT NULL,
  KEY `password_resets_email_index` (`email`)
) ENGINE=InnoDB DEFAULT CHARSET=utf8mb4 COLLATE=utf8mb4_unicode_ci;
/*!40101 SET character_set_client = @saved_cs_client */;

--
-- Dumping data for table `password_resets`
--

LOCK TABLES `password_resets` WRITE;
/*!40000 ALTER TABLE `password_resets` DISABLE KEYS */;
INSERT INTO `password_resets` VALUES ('watkins@esl-eastafrica.com','$2y$10$0AOUqSIZEqweVPHEtvEqKOKAfGZb5JRDGJNfyjnd.l2z5RMi0lfW6','2018-04-16 07:34:53'),('mourine.magero@esl-eastafrica.com','$2y$10$iWPLOIXtd3IFbxf92cuZJugO3QDEd0Rpp7kGtBO1rwLESu3vTSkgS','2018-04-20 06:19:59'),('mercyline.mutua@esl-eastafrica.com','$2y$10$WII4PgOn3CcOLV4AcqMOjeUNjQtMwfzpuVJpuDZTApaJb1IkvmFzG','2018-04-23 14:23:37'),('jesinta.njeri@esl-eastafrica.com','$2y$10$UCUg5F46HGkEWXJcNTcX6ONougOKnQJSgUs0TS98EX4EMO89Z/6aO','2018-05-16 05:52:50'),('chrispus.kilei@esl-eastafrica.com','$2y$10$qnJnv.5O8/Bx1pM.IGo4s.9TOxeIc/Cot/Aaavpd3zEfmJR0hgl7G','2018-05-18 12:49:19'),('phides.laura@freightwell.com','$2y$10$vQbNw7L9lVGO5krGaGDjquaE2AhRTqKXL4IBqSWkuGyG4.qJCNGyW','2018-05-21 09:28:14'),('dominic.muthui@freightwell.com','$2y$10$78ykCqiKA3pchB.JOvfYr.zt2VqsYfQfY.S/9bD2DgSaVNjVMq4vW','2018-06-22 15:35:13'),('joseph.matheka@freightwell.com','$2y$10$dZNH3KCyf5SvPfyqiosZC.Nb1kX/WK/e2Au2gqXZ9JKwHnnBtPqTS','2018-07-12 12:31:28'),('justus.muthembwa@esl-eastafrica.com','$2y$10$Jp4mFjHoyahtDkAzgTjUAO67H.4Yi9pT.juIvr9Je6S/q2dQ9eHdy','2018-07-25 13:09:26'),('francis.opalo@esl-eastafrica.com','$2y$10$cV2D1Z2JMJH6/24CblAKC.unRwNFrPDjzJAdnPuDA57WQQEVQSR3S','2018-08-20 08:11:44'),('salim.sulubu@freightwell.com','$2y$10$N1JmKe3Hohiy8Nh.LG9niOLm5C3dRjSGqCZYG6VwNTgAGSWOb5GNG','2018-10-09 10:46:43'),('washington.mwamburi@esl-eastafrica.com','$2y$10$4S4JCfevLCkBUoyUeCVzSuDokW7PnEtez5WFc/0ZVgYQ96CjerxKq','2018-10-18 14:21:17'),('patrick.mbugua@esl-eastafrica.com','$2y$10$oSK1gsnJqoxgMXu27OZLHO/1GnXmfZw.3SDd/eITWaeSWvHcIjFnm','2018-11-27 11:37:22'),('washington.mwamburi@freightwell.com','$2y$10$0sy1TDnVsxvp92q6.TcVCeXi/fJA19qVQdChI.O3KmAqnYZnGz6mq','2018-12-17 06:59:04'),('kennedy.kivuvani@esl-eastafrica.com','$2y$10$oJCczF5RjA8.14KnpxZJZuTdpvODfET7O9mfBcsiaI5G/Kxwc4DNG','2019-04-15 13:51:03'),('elphas.kipkorir@freightwell.com','$2y$10$ioSBJCF6IiQqFUEOxrjy8OJGTsXqcYNzKJWWAJcProUuyEeiExSyq','2019-05-16 12:54:14'),('raymond.wangunda@esl-eastafrica.com','$2y$10$5awZZ1LLKj/Vr513t1V3EeeISsXEqmQ6TNmi7uaU4x87I6RLCAPk2','2019-07-25 10:09:16'),('guljan.abubakar@esl-eastafrica.com','$2y$10$l6Vkoq7Gkj475Sa2PdoCnuq/yDPg4b2t3fwdI1teLn60lOHOaPJ7m','2019-08-13 07:16:08');
/*!40000 ALTER TABLE `password_resets` ENABLE KEYS */;
UNLOCK TABLES;

--
-- Table structure for table `permission_role`
--

DROP TABLE IF EXISTS `permission_role`;
/*!40101 SET @saved_cs_client     = @@character_set_client */;
/*!40101 SET character_set_client = utf8 */;
CREATE TABLE `permission_role` (
  `id` int(10) unsigned NOT NULL AUTO_INCREMENT,
  `permission_id` int(10) unsigned NOT NULL,
  `role_id` int(10) unsigned NOT NULL,
  PRIMARY KEY (`id`),
  KEY `permission_role_permission_id_foreign` (`permission_id`),
  KEY `permission_role_role_id_foreign` (`role_id`),
  CONSTRAINT `permission_role_permission_id_foreign` FOREIGN KEY (`permission_id`) REFERENCES `permissions` (`id`) ON DELETE CASCADE,
  CONSTRAINT `permission_role_role_id_foreign` FOREIGN KEY (`role_id`) REFERENCES `roles` (`id`) ON DELETE CASCADE
) ENGINE=InnoDB AUTO_INCREMENT=46 DEFAULT CHARSET=utf8mb4 COLLATE=utf8mb4_unicode_ci;
/*!40101 SET character_set_client = @saved_cs_client */;

--
-- Dumping data for table `permission_role`
--

LOCK TABLES `permission_role` WRITE;
/*!40000 ALTER TABLE `permission_role` DISABLE KEYS */;
INSERT INTO `permission_role` VALUES (1,1,2),(2,3,2),(3,4,2),(4,5,2),(5,6,2),(6,7,2),(7,8,2),(8,16,2),(9,20,2),(10,24,2),(11,25,2),(12,26,2),(13,27,2),(14,28,2),(15,29,2),(16,30,2),(17,31,2),(18,33,2),(19,34,2),(20,35,2),(21,36,2),(22,37,2),(23,38,2),(24,39,2),(25,40,2),(26,41,2),(27,42,2),(28,43,2),(29,44,2),(30,45,2),(31,46,2),(32,47,2),(33,48,2),(34,2,3),(35,1,4),(36,4,4),(37,5,4),(38,8,4),(39,9,4),(40,1,5),(41,2,5),(42,3,5),(43,4,5),(44,5,5),(45,8,5);
/*!40000 ALTER TABLE `permission_role` ENABLE KEYS */;
UNLOCK TABLES;

--
-- Table structure for table `permission_user`
--

DROP TABLE IF EXISTS `permission_user`;
/*!40101 SET @saved_cs_client     = @@character_set_client */;
/*!40101 SET character_set_client = utf8 */;
CREATE TABLE `permission_user` (
  `id` int(10) unsigned NOT NULL AUTO_INCREMENT,
  `permission_id` int(10) unsigned NOT NULL,
  `user_id` int(10) unsigned NOT NULL,
  PRIMARY KEY (`id`),
  KEY `permission_user_permission_id_foreign` (`permission_id`),
  KEY `permission_user_user_id_foreign` (`user_id`),
  CONSTRAINT `permission_user_permission_id_foreign` FOREIGN KEY (`permission_id`) REFERENCES `permissions` (`id`) ON DELETE CASCADE,
  CONSTRAINT `permission_user_user_id_foreign` FOREIGN KEY (`user_id`) REFERENCES `users` (`id`) ON DELETE CASCADE
) ENGINE=InnoDB AUTO_INCREMENT=655 DEFAULT CHARSET=utf8mb4 COLLATE=utf8mb4_unicode_ci;
/*!40101 SET character_set_client = @saved_cs_client */;

--
-- Dumping data for table `permission_user`
--

LOCK TABLES `permission_user` WRITE;
/*!40000 ALTER TABLE `permission_user` DISABLE KEYS */;
INSERT INTO `permission_user` VALUES (1,42,2),(2,34,2),(3,38,2),(4,29,2),(5,46,2),(6,25,2),(7,44,2),(8,36,2),(9,40,2),(10,31,2),(11,48,2),(12,27,2),(13,43,2),(14,35,2),(15,39,2),(16,30,2),(17,47,2),(18,26,2),(19,8,2),(20,3,2),(21,5,2),(22,1,2),(23,33,2),(24,37,2),(25,41,2),(26,6,2),(27,7,2),(28,28,2),(29,45,2),(30,24,2),(31,20,2),(32,16,2),(33,4,2),(34,2,3),(37,2,5),(45,2,7),(46,2,13),(47,55,13),(48,2,12),(129,2,18),(133,2,9),(134,2,10),(143,2,33),(144,14,33),(147,2,29),(148,14,29),(149,2,59),(150,14,59),(151,2,50),(152,14,50),(153,2,44),(154,14,44),(155,2,51),(156,14,51),(157,2,54),(158,14,54),(159,2,49),(160,14,49),(161,2,58),(162,14,58),(163,2,40),(164,14,40),(165,2,25),(166,14,25),(167,2,55),(168,14,55),(171,2,52),(172,14,52),(173,2,19),(174,14,19),(181,2,38),(182,14,38),(183,2,17),(184,14,17),(187,2,16),(188,14,16),(189,2,53),(190,14,53),(191,2,56),(192,14,56),(193,2,57),(194,14,57),(197,2,37),(198,14,37),(513,1,14),(514,2,14),(515,3,14),(516,4,14),(517,5,14),(518,6,14),(519,7,14),(520,8,14),(521,9,14),(522,10,14),(523,11,14),(524,12,14),(525,13,14),(526,14,14),(527,15,14),(528,16,14),(529,17,14),(530,18,14),(531,19,14),(532,20,14),(533,21,14),(534,22,14),(535,23,14),(536,24,14),(537,25,14),(538,26,14),(539,27,14),(540,28,14),(541,29,14),(542,30,14),(543,31,14),(544,32,14),(545,33,14),(546,34,14),(547,35,14),(548,36,14),(549,37,14),(550,38,14),(551,39,14),(552,40,14),(553,41,14),(554,42,14),(555,43,14),(556,44,14),(557,45,14),(558,46,14),(559,47,14),(560,48,14),(561,49,14),(562,50,14),(563,51,14),(564,52,14),(565,53,14),(566,54,14),(567,55,14),(568,56,14),(569,57,14),(570,58,14),(571,59,14),(572,60,14),(573,61,14),(574,62,14),(575,63,14),(576,64,14),(577,65,14),(578,66,14),(579,67,14),(580,68,14),(581,69,14),(582,70,14),(583,71,14),(584,72,14),(585,73,14),(586,74,14),(587,75,14),(588,76,14),(589,77,14),(590,78,14),(591,2,64),(592,2,21),(593,2,8),(594,14,8),(595,2,69),(596,2,70),(599,2,73),(600,2,74),(602,2,76),(603,2,77),(605,2,79),(606,2,80),(609,2,46),(610,2,45),(611,14,45),(612,2,43),(613,14,43),(616,2,94),(617,2,78),(618,2,75),(619,2,96),(620,2,42),(621,14,42),(625,2,36),(626,14,36),(627,2,88),(628,14,88),(629,2,11),(630,2,102),(631,2,103),(632,2,87),(633,14,87),(634,2,72),(635,2,6),(636,14,6),(639,2,71),(640,14,71),(641,2,48),(642,14,48),(643,2,110),(644,2,112),(651,2,113),(652,14,113),(653,2,47),(654,14,47);
/*!40000 ALTER TABLE `permission_user` ENABLE KEYS */;
UNLOCK TABLES;

--
-- Table structure for table `permissions`
--

DROP TABLE IF EXISTS `permissions`;
/*!40101 SET @saved_cs_client     = @@character_set_client */;
/*!40101 SET character_set_client = utf8 */;
CREATE TABLE `permissions` (
  `id` int(10) unsigned NOT NULL AUTO_INCREMENT,
  `name` varchar(191) COLLATE utf8mb4_unicode_ci NOT NULL,
  `display_name` varchar(191) COLLATE utf8mb4_unicode_ci NOT NULL,
  `sort` smallint(5) unsigned NOT NULL DEFAULT '0',
  `status` tinyint(1) NOT NULL DEFAULT '1',
  `created_by` int(11) DEFAULT NULL,
  `updated_by` int(10) unsigned DEFAULT NULL,
  `created_at` timestamp NULL DEFAULT NULL,
  `updated_at` timestamp NULL DEFAULT NULL,
  `deleted_at` timestamp NULL DEFAULT NULL,
  PRIMARY KEY (`id`),
  UNIQUE KEY `permissions_name_unique` (`name`)
) ENGINE=InnoDB AUTO_INCREMENT=79 DEFAULT CHARSET=utf8mb4 COLLATE=utf8mb4_unicode_ci;
/*!40101 SET character_set_client = @saved_cs_client */;

--
-- Dumping data for table `permissions`
--

LOCK TABLES `permissions` WRITE;
/*!40000 ALTER TABLE `permissions` DISABLE KEYS */;
INSERT INTO `permissions` VALUES (1,'view-backend','View Backend',1,1,1,NULL,'2018-04-11 17:01:04','2018-04-11 17:01:04',NULL),(2,'view-frontend','View Frontend',2,1,1,NULL,'2018-04-11 17:01:04','2018-04-11 17:01:04',NULL),(3,'view-access-management','View Access Management',3,1,1,NULL,'2018-04-11 17:01:04','2018-04-11 17:01:04',NULL),(4,'view-user-management','View User Management',4,1,1,NULL,'2018-04-11 17:01:04','2018-04-11 17:01:04',NULL),(5,'view-active-user','View Active User',5,1,1,NULL,'2018-04-11 17:01:05','2018-04-11 17:01:05',NULL),(6,'view-deactive-user','View Deactive User',6,1,1,NULL,'2018-04-11 17:01:05','2018-04-11 17:01:05',NULL),(7,'view-deleted-user','View Deleted User',7,1,1,NULL,'2018-04-11 17:01:05','2018-04-11 17:01:05',NULL),(8,'show-user','Show User Details',8,1,1,NULL,'2018-04-11 17:01:05','2018-04-11 17:01:05',NULL),(9,'create-user','Create User',9,1,1,NULL,'2018-04-11 17:01:05','2018-04-11 17:01:05',NULL),(10,'edit-user','Edit User',9,1,1,NULL,'2018-04-11 17:01:05','2018-04-11 17:01:05',NULL),(11,'delete-user','Delete User',10,1,1,NULL,'2018-04-11 17:01:05','2018-04-11 17:01:05',NULL),(12,'activate-user','Activate User',11,1,1,NULL,'2018-04-11 17:01:05','2018-04-11 17:01:05',NULL),(13,'deactivate-user','Deactivate User',12,1,1,NULL,'2018-04-11 17:01:05','2018-04-11 17:01:05',NULL),(14,'login-as-user','Login As User',13,1,1,NULL,'2018-04-11 17:01:05','2018-04-11 17:01:05',NULL),(15,'clear-user-session','Clear User Session',14,1,1,NULL,'2018-04-11 17:01:05','2018-04-11 17:01:05',NULL),(16,'view-role-management','View Role Management',15,1,1,NULL,'2018-04-11 17:01:05','2018-04-11 17:01:05',NULL),(17,'create-role','Create Role',16,1,1,NULL,'2018-04-11 17:01:05','2018-04-11 17:01:05',NULL),(18,'edit-role','Edit Role',17,1,1,NULL,'2018-04-11 17:01:05','2018-04-11 17:01:05',NULL),(19,'delete-role','Delete Role',18,1,1,NULL,'2018-04-11 17:01:05','2018-04-11 17:01:05',NULL),(20,'view-permission-management','View Permission Management',19,1,1,NULL,'2018-04-11 17:01:05','2018-04-11 17:01:05',NULL),(21,'create-permission','Create Permission',20,1,1,NULL,'2018-04-11 17:01:05','2018-04-11 17:01:05',NULL),(22,'edit-permission','Edit Permission',21,1,1,NULL,'2018-04-11 17:01:05','2018-04-11 17:01:05',NULL),(23,'delete-permission','Delete Permission',22,1,1,NULL,'2018-04-11 17:01:05','2018-04-11 17:01:05',NULL),(24,'view-page','View Page',23,1,1,NULL,'2018-04-11 17:01:05','2018-04-11 17:01:05',NULL),(25,'create-page','Create Page',24,1,1,NULL,'2018-04-11 17:01:05','2018-04-11 17:01:05',NULL),(26,'edit-page','Edit Page',25,1,1,NULL,'2018-04-11 17:01:05','2018-04-11 17:01:05',NULL),(27,'delete-page','Delete Page',26,1,1,NULL,'2018-04-11 17:01:05','2018-04-11 17:01:05',NULL),(28,'view-email-template','View Email Templates',27,1,1,NULL,'2018-04-11 17:01:05','2018-04-11 17:01:05',NULL),(29,'create-email-template','Create Email Templates',28,1,1,NULL,'2018-04-11 17:01:05','2018-04-11 17:01:05',NULL),(30,'edit-email-template','Edit Email Templates',29,1,1,NULL,'2018-04-11 17:01:05','2018-04-11 17:01:05',NULL),(31,'delete-email-template','Delete Email Templates',30,1,1,NULL,'2018-04-11 17:01:05','2018-04-11 17:01:05',NULL),(32,'edit-settings','Edit Settings',31,1,1,NULL,'2018-04-11 17:01:05','2018-04-11 17:01:05',NULL),(33,'view-blog-category','View Blog Categories Management',32,1,1,NULL,'2018-04-11 17:01:05','2018-04-11 17:01:05',NULL),(34,'create-blog-category','Create Blog Category',33,1,1,NULL,'2018-04-11 17:01:06','2018-04-11 17:01:06',NULL),(35,'edit-blog-category','Edit Blog Category',34,1,1,NULL,'2018-04-11 17:01:06','2018-04-11 17:01:06',NULL),(36,'delete-blog-category','Delete Blog Category',35,1,1,NULL,'2018-04-11 17:01:06','2018-04-11 17:01:06',NULL),(37,'view-blog-tag','View Blog Tags Management',36,1,1,NULL,'2018-04-11 17:01:06','2018-04-11 17:01:06',NULL),(38,'create-blog-tag','Create Blog Tag',37,1,1,NULL,'2018-04-11 17:01:06','2018-04-11 17:01:06',NULL),(39,'edit-blog-tag','Edit Blog Tag',38,1,1,NULL,'2018-04-11 17:01:06','2018-04-11 17:01:06',NULL),(40,'delete-blog-tag','Delete Blog Tag',39,1,1,NULL,'2018-04-11 17:01:06','2018-04-11 17:01:06',NULL),(41,'view-blog','View Blogs Management',40,1,1,NULL,'2018-04-11 17:01:06','2018-04-11 17:01:06',NULL),(42,'create-blog','Create Blog',41,1,1,NULL,'2018-04-11 17:01:06','2018-04-11 17:01:06',NULL),(43,'edit-blog','Edit Blog',42,1,1,NULL,'2018-04-11 17:01:06','2018-04-11 17:01:06',NULL),(44,'delete-blog','Delete Blog',43,1,1,NULL,'2018-04-11 17:01:06','2018-04-11 17:01:06',NULL),(45,'view-faq','View FAQ Management',44,1,1,NULL,'2018-04-11 17:01:06','2018-04-11 17:01:06',NULL),(46,'create-faq','Create FAQ',45,1,1,NULL,'2018-04-11 17:01:06','2018-04-11 17:01:06',NULL),(47,'edit-faq','Edit FAQ',46,1,1,NULL,'2018-04-11 17:01:06','2018-04-11 17:01:06',NULL),(48,'delete-faq','Delete FAQ',47,1,1,NULL,'2018-04-11 17:01:06','2018-04-11 17:01:06',NULL),(49,'ManageCountryRequest','Managecountryrequest Permission',0,1,1,NULL,'2018-04-11 17:24:23','2018-04-11 17:24:23',NULL),(50,'create-country','Create Country Permission',0,1,1,NULL,'2018-04-11 17:24:23','2018-04-11 17:24:23',NULL),(51,'store-country','Store Country Permission',0,1,1,NULL,'2018-04-11 17:24:23','2018-04-11 17:24:23',NULL),(52,'edit-country','Edit Country Permission',0,1,1,NULL,'2018-04-11 17:24:23','2018-04-11 17:24:23',NULL),(53,'update-country','Update Country Permission',0,1,1,NULL,'2018-04-11 17:24:23','2018-04-11 17:24:23',NULL),(54,'delete-country','Delete Country Permission',0,1,1,NULL,'2018-04-11 17:24:23','2018-04-11 17:24:23',NULL),(55,'ManageCompanyRequest','Managecompanyrequest Permission',0,1,1,NULL,'2018-04-12 09:36:35','2018-04-12 09:36:35',NULL),(56,'create-company','Create Company Permission',0,1,1,NULL,'2018-04-12 09:36:35','2018-04-12 09:36:35',NULL),(57,'store-company','Store Company Permission',0,1,1,NULL,'2018-04-12 09:36:35','2018-04-12 09:36:35',NULL),(58,'edit-company','Edit Company Permission',0,1,1,NULL,'2018-04-12 09:36:35','2018-04-12 09:36:35',NULL),(59,'update-company','Update Company Permission',0,1,1,NULL,'2018-04-12 09:36:35','2018-04-12 09:36:35',NULL),(60,'delete-company','Delete Company Permission',0,1,1,NULL,'2018-04-12 09:36:36','2018-04-12 09:36:36',NULL),(61,'ManageUsercompanyRequest','Manageusercompanyrequest Permission',0,1,1,NULL,'2018-04-13 09:04:34','2018-04-13 09:04:34',NULL),(62,'create-usercompany','Create Usercompany Permission',0,1,1,NULL,'2018-04-13 09:04:34','2018-04-13 09:04:34',NULL),(63,'store-usercompany','Store Usercompany Permission',0,1,1,NULL,'2018-04-13 09:04:34','2018-04-13 09:04:34',NULL),(64,'edit-usercompany','Edit Usercompany Permission',0,1,1,NULL,'2018-04-13 09:04:34','2018-04-13 09:04:34',NULL),(65,'update-usercompany','Update Usercompany Permission',0,1,1,NULL,'2018-04-13 09:04:34','2018-04-13 09:04:34',NULL),(66,'delete-usercompany','Delete Usercompany Permission',0,1,1,NULL,'2018-04-13 09:04:34','2018-04-13 09:04:34',NULL),(67,'ManageApplicationmoduleRequest','Manageapplicationmodulerequest Permission',0,1,1,NULL,'2018-04-14 05:54:41','2018-04-14 05:54:41',NULL),(68,'create-applicationmodule','Create Applicationmodule Permission',0,1,1,NULL,'2018-04-14 05:54:42','2018-04-14 05:54:42',NULL),(69,'store-applicationmodule','Store Applicationmodule Permission',0,1,1,NULL,'2018-04-14 05:54:42','2018-04-14 05:54:42',NULL),(70,'edit-applicationmodule','Edit Applicationmodule Permission',0,1,1,NULL,'2018-04-14 05:54:42','2018-04-14 05:54:42',NULL),(71,'update-applicationmodule','Update Applicationmodule Permission',0,1,1,NULL,'2018-04-14 05:54:42','2018-04-14 05:54:42',NULL),(72,'delete-applicationmodule','Delete Applicationmodule Permission',0,1,1,NULL,'2018-04-14 05:54:42','2018-04-14 05:54:42',NULL),(73,'ManageCompanyappRequest','Managecompanyapprequest Permission',0,1,1,NULL,'2018-04-14 07:00:13','2018-04-14 07:00:13',NULL),(74,'create-companyapp','Create Companyapp Permission',0,1,1,NULL,'2018-04-14 07:00:13','2018-04-14 07:00:13',NULL),(75,'store-companyapp','Store Companyapp Permission',0,1,1,NULL,'2018-04-14 07:00:13','2018-04-14 07:00:13',NULL),(76,'edit-companyapp','Edit Companyapp Permission',0,1,1,NULL,'2018-04-14 07:00:13','2018-04-14 07:00:13',NULL),(77,'update-companyapp','Update Companyapp Permission',0,1,1,NULL,'2018-04-14 07:00:13','2018-04-14 07:00:13',NULL),(78,'delete-companyapp','Delete Companyapp Permission',0,1,1,NULL,'2018-04-14 07:00:14','2018-04-14 07:00:14',NULL);
/*!40000 ALTER TABLE `permissions` ENABLE KEYS */;
UNLOCK TABLES;

--
-- Table structure for table `role_user`
--

DROP TABLE IF EXISTS `role_user`;
/*!40101 SET @saved_cs_client     = @@character_set_client */;
/*!40101 SET character_set_client = utf8 */;
CREATE TABLE `role_user` (
  `id` int(10) unsigned NOT NULL AUTO_INCREMENT,
  `user_id` int(10) unsigned NOT NULL,
  `role_id` int(10) unsigned NOT NULL,
  PRIMARY KEY (`id`),
  KEY `role_user_user_id_foreign` (`user_id`),
  KEY `role_user_role_id_foreign` (`role_id`),
  CONSTRAINT `role_user_role_id_foreign` FOREIGN KEY (`role_id`) REFERENCES `roles` (`id`) ON DELETE CASCADE,
  CONSTRAINT `role_user_user_id_foreign` FOREIGN KEY (`user_id`) REFERENCES `users` (`id`) ON DELETE CASCADE
) ENGINE=InnoDB AUTO_INCREMENT=109 DEFAULT CHARSET=utf8mb4 COLLATE=utf8mb4_unicode_ci;
/*!40101 SET character_set_client = @saved_cs_client */;

--
-- Dumping data for table `role_user`
--

LOCK TABLES `role_user` WRITE;
/*!40000 ALTER TABLE `role_user` DISABLE KEYS */;
INSERT INTO `role_user` VALUES (1,1,1),(2,2,2),(3,3,3),(5,5,3),(10,7,3),(11,13,3),(12,12,3),(16,18,1),(19,9,3),(20,10,3),(27,33,3),(29,29,3),(30,59,3),(31,50,3),(32,44,3),(33,51,3),(34,54,3),(35,49,3),(36,58,3),(37,40,3),(38,25,3),(39,55,3),(41,52,3),(42,19,3),(46,38,3),(47,17,3),(49,16,3),(50,53,3),(51,56,3),(52,57,3),(54,37,3),(60,14,1),(61,64,3),(62,21,3),(63,8,3),(64,69,3),(65,70,3),(68,73,3),(69,74,3),(71,76,3),(72,77,3),(74,79,3),(75,80,3),(77,46,3),(78,45,3),(79,43,3),(82,94,3),(83,78,3),(84,75,3),(85,96,3),(86,42,3),(90,36,3),(91,88,3),(92,11,3),(93,102,3),(94,103,3),(95,87,3),(96,72,3),(97,6,3),(100,71,3),(101,48,3),(102,110,3),(103,112,3),(107,113,3),(108,47,3);
/*!40000 ALTER TABLE `role_user` ENABLE KEYS */;
UNLOCK TABLES;

--
-- Table structure for table `roles`
--

DROP TABLE IF EXISTS `roles`;
/*!40101 SET @saved_cs_client     = @@character_set_client */;
/*!40101 SET character_set_client = utf8 */;
CREATE TABLE `roles` (
  `id` int(10) unsigned NOT NULL AUTO_INCREMENT,
  `name` varchar(191) COLLATE utf8mb4_unicode_ci NOT NULL,
  `all` tinyint(1) NOT NULL DEFAULT '0',
  `sort` smallint(5) unsigned NOT NULL DEFAULT '0',
  `status` tinyint(1) NOT NULL DEFAULT '1',
  `created_by` int(11) DEFAULT NULL,
  `updated_by` int(10) unsigned DEFAULT NULL,
  `created_at` timestamp NULL DEFAULT NULL,
  `updated_at` timestamp NULL DEFAULT NULL,
  `deleted_at` timestamp NULL DEFAULT NULL,
  PRIMARY KEY (`id`),
  UNIQUE KEY `roles_name_unique` (`name`)
) ENGINE=InnoDB AUTO_INCREMENT=6 DEFAULT CHARSET=utf8mb4 COLLATE=utf8mb4_unicode_ci;
/*!40101 SET character_set_client = @saved_cs_client */;

--
-- Dumping data for table `roles`
--

LOCK TABLES `roles` WRITE;
/*!40000 ALTER TABLE `roles` DISABLE KEYS */;
INSERT INTO `roles` VALUES (1,'Administrator',1,1,1,1,NULL,'2018-04-11 17:01:03','2018-04-11 17:01:03',NULL),(2,'Executive',0,2,1,1,NULL,'2018-04-11 17:01:03','2018-04-11 17:01:03',NULL),(3,'User',0,3,1,1,NULL,'2018-04-11 17:01:03','2018-04-11 17:01:03',NULL),(4,'Human Resource',0,4,1,1,NULL,'2018-04-11 17:21:25','2018-04-11 17:21:25',NULL),(5,'Junior',0,5,1,1,NULL,'2018-04-24 08:35:38','2018-04-24 08:35:38',NULL);
/*!40000 ALTER TABLE `roles` ENABLE KEYS */;
UNLOCK TABLES;

--
-- Table structure for table `sessions`
--

DROP TABLE IF EXISTS `sessions`;
/*!40101 SET @saved_cs_client     = @@character_set_client */;
/*!40101 SET character_set_client = utf8 */;
CREATE TABLE `sessions` (
  `id` varchar(191) COLLATE utf8mb4_unicode_ci NOT NULL,
  `user_id` int(10) unsigned DEFAULT NULL,
  `ip_address` varchar(45) COLLATE utf8mb4_unicode_ci DEFAULT NULL,
  `user_agent` text COLLATE utf8mb4_unicode_ci,
  `payload` text COLLATE utf8mb4_unicode_ci NOT NULL,
  `last_activity` int(11) NOT NULL,
  UNIQUE KEY `sessions_id_unique` (`id`)
) ENGINE=InnoDB DEFAULT CHARSET=utf8mb4 COLLATE=utf8mb4_unicode_ci;
/*!40101 SET character_set_client = @saved_cs_client */;

--
-- Dumping data for table `sessions`
--

LOCK TABLES `sessions` WRITE;
/*!40000 ALTER TABLE `sessions` DISABLE KEYS */;
/*!40000 ALTER TABLE `sessions` ENABLE KEYS */;
UNLOCK TABLES;

--
-- Table structure for table `settings`
--

DROP TABLE IF EXISTS `settings`;
/*!40101 SET @saved_cs_client     = @@character_set_client */;
/*!40101 SET character_set_client = utf8 */;
CREATE TABLE `settings` (
  `id` int(10) unsigned NOT NULL AUTO_INCREMENT,
  `logo` varchar(191) COLLATE utf8mb4_unicode_ci DEFAULT NULL,
  `favicon` varchar(191) COLLATE utf8mb4_unicode_ci DEFAULT NULL,
  `seo_title` varchar(191) COLLATE utf8mb4_unicode_ci DEFAULT NULL,
  `seo_keyword` text COLLATE utf8mb4_unicode_ci,
  `seo_description` text COLLATE utf8mb4_unicode_ci,
  `company_contact` varchar(191) COLLATE utf8mb4_unicode_ci DEFAULT NULL,
  `company_address` text COLLATE utf8mb4_unicode_ci,
  `from_name` varchar(191) COLLATE utf8mb4_unicode_ci DEFAULT NULL,
  `from_email` varchar(191) COLLATE utf8mb4_unicode_ci DEFAULT NULL,
  `facebook` varchar(191) COLLATE utf8mb4_unicode_ci DEFAULT NULL,
  `linkedin` varchar(191) COLLATE utf8mb4_unicode_ci DEFAULT NULL,
  `twitter` varchar(191) COLLATE utf8mb4_unicode_ci DEFAULT NULL,
  `google` varchar(191) COLLATE utf8mb4_unicode_ci DEFAULT NULL,
  `copyright_text` varchar(191) COLLATE utf8mb4_unicode_ci DEFAULT NULL,
  `footer_text` varchar(191) COLLATE utf8mb4_unicode_ci DEFAULT NULL,
  `terms` text COLLATE utf8mb4_unicode_ci,
  `disclaimer` text COLLATE utf8mb4_unicode_ci,
  `google_analytics` text COLLATE utf8mb4_unicode_ci,
  `home_video1` varchar(191) COLLATE utf8mb4_unicode_ci DEFAULT NULL,
  `home_video2` varchar(191) COLLATE utf8mb4_unicode_ci DEFAULT NULL,
  `home_video3` varchar(191) COLLATE utf8mb4_unicode_ci DEFAULT NULL,
  `home_video4` varchar(191) COLLATE utf8mb4_unicode_ci DEFAULT NULL,
  `explanation1` varchar(191) COLLATE utf8mb4_unicode_ci DEFAULT NULL,
  `explanation2` varchar(191) COLLATE utf8mb4_unicode_ci DEFAULT NULL,
  `explanation3` varchar(191) COLLATE utf8mb4_unicode_ci DEFAULT NULL,
  `explanation4` varchar(191) COLLATE utf8mb4_unicode_ci DEFAULT NULL,
  `created_at` timestamp NULL DEFAULT NULL,
  `updated_at` timestamp NULL DEFAULT NULL,
  PRIMARY KEY (`id`)
) ENGINE=InnoDB AUTO_INCREMENT=2 DEFAULT CHARSET=utf8mb4 COLLATE=utf8mb4_unicode_ci;
/*!40101 SET character_set_client = @saved_cs_client */;

--
-- Dumping data for table `settings`
--

LOCK TABLES `settings` WRITE;
/*!40000 ALTER TABLE `settings` DISABLE KEYS */;
INSERT INTO `settings` VALUES (1,NULL,NULL,'Pro Kazi',NULL,NULL,NULL,NULL,NULL,NULL,NULL,NULL,NULL,NULL,NULL,NULL,NULL,NULL,NULL,NULL,NULL,NULL,NULL,NULL,NULL,NULL,NULL,NULL,'2018-04-15 04:53:03');
/*!40000 ALTER TABLE `settings` ENABLE KEYS */;
UNLOCK TABLES;

--
-- Table structure for table `social_logins`
--

DROP TABLE IF EXISTS `social_logins`;
/*!40101 SET @saved_cs_client     = @@character_set_client */;
/*!40101 SET character_set_client = utf8 */;
CREATE TABLE `social_logins` (
  `id` int(10) unsigned NOT NULL AUTO_INCREMENT,
  `user_id` int(10) unsigned NOT NULL,
  `provider` varchar(32) COLLATE utf8mb4_unicode_ci NOT NULL,
  `provider_id` varchar(191) COLLATE utf8mb4_unicode_ci NOT NULL,
  `token` varchar(191) COLLATE utf8mb4_unicode_ci DEFAULT NULL,
  `avatar` varchar(191) COLLATE utf8mb4_unicode_ci DEFAULT NULL,
  `created_at` timestamp NULL DEFAULT NULL,
  `updated_at` timestamp NULL DEFAULT NULL,
  PRIMARY KEY (`id`),
  KEY `social_logins_user_id_foreign` (`user_id`),
  CONSTRAINT `social_logins_user_id_foreign` FOREIGN KEY (`user_id`) REFERENCES `users` (`id`) ON DELETE CASCADE
) ENGINE=InnoDB DEFAULT CHARSET=utf8mb4 COLLATE=utf8mb4_unicode_ci;
/*!40101 SET character_set_client = @saved_cs_client */;

--
-- Dumping data for table `social_logins`
--

LOCK TABLES `social_logins` WRITE;
/*!40000 ALTER TABLE `social_logins` DISABLE KEYS */;
/*!40000 ALTER TABLE `social_logins` ENABLE KEYS */;
UNLOCK TABLES;

--
-- Table structure for table `usercompanies`
--

DROP TABLE IF EXISTS `usercompanies`;
/*!40101 SET @saved_cs_client     = @@character_set_client */;
/*!40101 SET character_set_client = utf8 */;
CREATE TABLE `usercompanies` (
  `id` int(10) NOT NULL AUTO_INCREMENT,
  `company_id` int(10) unsigned NOT NULL,
  `user_id` int(10) unsigned NOT NULL,
  `created_by` int(11) DEFAULT NULL,
  `updated_by` int(10) DEFAULT NULL,
  `created_at` timestamp NULL DEFAULT NULL,
  `updated_at` timestamp NULL DEFAULT NULL,
  `deleted_at` timestamp NULL DEFAULT NULL,
  PRIMARY KEY (`id`)
) ENGINE=InnoDB AUTO_INCREMENT=121 DEFAULT CHARSET=latin1 ROW_FORMAT=COMPACT;
/*!40101 SET character_set_client = @saved_cs_client */;

--
-- Dumping data for table `usercompanies`
--

LOCK TABLES `usercompanies` WRITE;
/*!40000 ALTER TABLE `usercompanies` DISABLE KEYS */;
INSERT INTO `usercompanies` VALUES (1,3,5,NULL,NULL,'2018-04-13 17:50:19','2018-04-16 06:48:21',NULL),(2,1,6,NULL,NULL,'2018-04-13 17:51:41','2018-04-13 17:51:41',NULL),(3,2,13,NULL,NULL,'2018-04-14 01:02:39','2018-04-15 04:46:51',NULL),(4,6,3,NULL,NULL,'2018-04-14 03:12:09','2018-04-14 03:12:09',NULL),(5,4,3,NULL,NULL,'2018-04-14 04:04:52','2018-04-14 04:04:52',NULL),(7,2,3,NULL,NULL,'2018-04-15 15:42:14','2018-04-15 15:42:14',NULL),(8,1,12,NULL,NULL,'2018-04-16 07:44:28','2018-04-16 07:44:28',NULL),(9,1,1,NULL,NULL,'2018-04-16 08:19:05','2018-04-16 08:19:05',NULL),(10,3,1,NULL,NULL,'2018-04-16 08:21:30','2018-04-16 08:21:30',NULL),(11,2,1,NULL,NULL,'2018-04-16 08:21:49','2018-04-16 08:21:49',NULL),(12,6,1,NULL,NULL,'2018-04-16 08:22:07','2018-04-16 08:22:07',NULL),(13,7,1,NULL,NULL,'2018-04-16 08:22:17','2018-04-16 08:22:17',NULL),(14,1,21,NULL,NULL,'2018-04-17 04:36:49','2018-04-17 04:36:49',NULL),(15,2,21,NULL,NULL,'2018-04-17 06:17:08','2018-04-17 06:17:08',NULL),(16,3,21,NULL,NULL,'2018-04-17 06:18:21','2018-04-17 06:18:21',NULL),(17,5,21,NULL,NULL,'2018-04-17 06:19:07','2018-04-17 06:19:07',NULL),(18,6,21,NULL,NULL,'2018-04-17 06:19:36','2018-04-17 06:19:36',NULL),(19,1,9,NULL,NULL,'2018-04-17 06:35:37','2018-04-17 06:35:37',NULL),(20,2,9,NULL,NULL,'2018-04-17 06:35:46','2018-04-17 06:35:46',NULL),(21,3,9,NULL,NULL,'2018-04-17 06:35:58','2018-04-17 06:35:58',NULL),(22,5,9,NULL,NULL,'2018-04-17 06:40:41','2018-04-17 06:40:41',NULL),(23,6,9,NULL,NULL,'2018-04-17 06:40:58','2018-04-17 06:40:58',NULL),(24,1,10,NULL,NULL,'2018-04-17 12:14:09','2018-04-17 12:14:09',NULL),(25,2,10,NULL,NULL,'2018-04-17 12:14:22','2018-04-17 12:14:22',NULL),(26,3,10,NULL,NULL,'2018-04-17 12:14:32','2018-04-17 12:14:32',NULL),(27,1,11,NULL,NULL,'2018-04-18 10:50:44','2018-04-18 10:50:44',NULL),(28,1,14,NULL,NULL,'2018-04-19 06:11:29','2018-04-19 06:11:29',NULL),(29,2,14,NULL,NULL,'2018-04-19 06:11:45','2018-04-19 06:11:45',NULL),(30,3,14,NULL,NULL,'2018-04-19 06:11:56','2018-04-19 06:11:56',NULL),(31,5,14,NULL,NULL,'2018-04-19 06:12:22','2018-04-19 06:12:22',NULL),(32,6,14,NULL,NULL,'2018-04-19 06:12:32','2018-04-19 06:12:32',NULL),(33,7,14,NULL,NULL,'2018-04-19 06:12:41','2018-04-19 06:12:41',NULL),(34,1,1,NULL,NULL,'2018-04-19 06:43:36','2018-04-19 06:43:36',NULL),(35,3,1,NULL,NULL,'2018-04-19 06:48:24','2018-07-09 05:09:39',NULL),(36,1,12,NULL,NULL,'2018-04-19 07:31:53','2018-04-19 07:31:53',NULL),(37,1,17,NULL,NULL,'2018-04-19 07:32:07','2018-04-19 07:32:07',NULL),(38,1,43,NULL,NULL,'2018-04-19 07:32:20','2018-10-08 06:00:17',NULL),(39,1,25,NULL,NULL,'2018-04-19 07:32:43','2018-04-19 07:32:43',NULL),(40,3,48,NULL,NULL,'2018-04-19 07:32:57','2019-02-20 10:57:07',NULL),(41,1,50,NULL,NULL,'2018-04-19 07:33:11','2018-05-02 05:08:53',NULL),(42,1,29,NULL,NULL,'2018-04-19 07:40:11','2018-04-19 07:40:11',NULL),(43,1,32,NULL,NULL,'2018-04-19 07:40:27','2018-04-19 07:40:27',NULL),(44,1,33,NULL,NULL,'2018-04-19 07:40:45','2018-04-19 07:40:45',NULL),(45,1,36,NULL,NULL,'2018-04-19 07:41:04','2018-04-19 07:41:04',NULL),(46,1,37,NULL,NULL,'2018-04-19 07:41:17','2018-04-19 07:41:17',NULL),(47,1,38,NULL,NULL,'2018-04-19 07:42:08','2018-04-19 07:42:08',NULL),(48,1,40,NULL,NULL,'2018-04-19 07:42:21','2018-04-19 07:42:21',NULL),(49,1,42,NULL,NULL,'2018-04-19 07:42:52','2018-04-19 07:42:52',NULL),(50,1,44,NULL,NULL,'2018-04-19 07:43:06','2018-04-19 07:43:06',NULL),(51,1,45,NULL,NULL,'2018-04-19 07:43:22','2018-04-19 07:43:22',NULL),(52,1,47,NULL,NULL,'2018-04-19 07:43:52','2018-04-19 07:43:52',NULL),(53,3,51,NULL,NULL,'2018-04-19 07:52:49','2018-04-21 12:33:58',NULL),(54,1,52,NULL,NULL,'2018-04-19 07:53:43','2018-04-19 07:53:43',NULL),(55,1,53,NULL,NULL,'2018-04-19 07:54:07','2018-04-19 07:54:07',NULL),(56,1,55,NULL,NULL,'2018-04-19 07:54:38','2018-04-19 07:54:38',NULL),(57,3,56,NULL,NULL,'2018-04-19 07:55:08','2018-04-19 07:55:08',NULL),(58,1,8,NULL,NULL,'2018-04-19 07:55:20','2018-04-20 06:18:08',NULL),(59,1,59,NULL,NULL,'2018-04-19 07:55:43','2018-04-19 07:55:43',NULL),(60,1,64,NULL,NULL,'2018-04-19 08:24:20','2018-04-19 08:24:20',NULL),(61,3,56,NULL,NULL,'2018-04-19 14:01:19','2018-04-19 14:01:19',NULL),(62,1,7,NULL,NULL,'2018-04-19 14:19:14','2018-04-19 14:19:14',NULL),(63,1,54,NULL,NULL,'2018-04-19 14:19:26','2018-04-19 14:19:26',NULL),(64,1,57,NULL,NULL,'2018-04-20 06:11:38','2018-04-20 06:11:38',NULL),(65,1,57,NULL,NULL,'2018-04-20 06:18:25','2018-04-20 06:18:25',NULL),(66,1,43,NULL,NULL,'2018-04-20 06:33:35','2018-04-20 06:33:35',NULL),(67,3,69,NULL,NULL,'2018-04-20 06:58:54','2018-04-20 07:30:27',NULL),(68,3,70,NULL,NULL,'2018-04-20 10:17:02','2018-04-20 10:17:02',NULL),(69,3,71,NULL,NULL,'2018-04-20 10:17:38','2018-04-20 10:17:38',NULL),(70,3,72,NULL,NULL,'2018-04-20 10:18:02','2018-04-20 10:18:02',NULL),(71,3,73,NULL,NULL,'2018-04-20 10:18:41','2018-04-20 10:18:41',NULL),(72,3,74,NULL,NULL,'2018-04-20 10:19:04','2018-04-20 10:19:04',NULL),(74,1,76,NULL,NULL,'2018-04-20 10:19:50','2018-04-20 10:19:50',NULL),(75,3,77,NULL,NULL,'2018-04-20 10:20:13','2018-04-20 10:20:13',NULL),(76,1,78,NULL,NULL,'2018-04-20 10:20:32','2018-04-20 10:20:32',NULL),(77,7,79,NULL,NULL,'2018-04-20 10:21:04','2018-04-20 10:21:04',NULL),(78,7,80,NULL,NULL,'2018-04-20 10:21:28','2018-04-20 10:21:28',NULL),(79,3,75,NULL,NULL,'2018-04-20 10:38:00','2018-04-20 10:38:00',NULL),(80,1,49,NULL,NULL,'2018-04-21 12:35:04','2018-04-21 12:35:04',NULL),(81,7,51,NULL,NULL,'2018-04-21 12:35:43','2018-04-21 12:35:43',NULL),(82,1,51,NULL,NULL,'2018-04-21 12:37:25','2018-04-21 12:37:25',NULL),(83,1,16,NULL,NULL,'2018-04-23 13:44:44','2018-04-23 13:44:44',NULL),(84,2,16,NULL,NULL,'2018-04-23 13:44:57','2018-04-23 13:44:57',NULL),(85,3,16,NULL,NULL,'2018-04-23 13:45:13','2018-04-23 13:45:13',NULL),(86,5,16,NULL,NULL,'2018-04-23 13:45:31','2018-04-23 13:45:31',NULL),(87,1,46,NULL,NULL,'2018-04-25 14:58:34','2018-04-25 14:58:34',NULL),(88,1,28,NULL,NULL,'2018-04-30 07:54:01','2018-04-30 07:54:01',NULL),(89,3,49,NULL,NULL,'2018-05-02 14:01:41','2018-05-02 14:01:41',NULL),(90,3,6,NULL,NULL,'2018-05-03 06:39:13','2018-05-03 06:39:13',NULL),(91,7,6,NULL,NULL,'2018-05-03 06:39:59','2018-05-03 06:39:59',NULL),(92,2,6,NULL,NULL,'2018-05-03 06:40:20','2018-05-03 06:40:20',NULL),(93,5,6,NULL,NULL,'2018-05-03 06:40:34','2018-05-03 06:40:34',NULL),(94,6,6,NULL,NULL,'2018-05-03 06:41:23','2018-05-03 06:41:23',NULL),(95,1,56,NULL,NULL,'2018-05-11 10:35:23','2018-05-11 10:35:23',NULL),(96,1,13,NULL,NULL,'2018-05-12 07:46:02','2018-05-12 07:46:02',NULL),(97,1,87,NULL,NULL,'2018-05-14 13:27:04','2018-05-14 13:27:04',NULL),(98,3,64,NULL,NULL,'2018-05-16 13:16:04','2018-05-16 13:16:04',NULL),(99,1,79,NULL,NULL,'2018-05-16 14:43:01','2018-05-16 14:43:01',NULL),(100,3,79,NULL,NULL,'2018-05-16 14:43:48','2018-05-16 14:43:48',NULL),(101,1,94,NULL,NULL,'2018-05-18 08:45:27','2018-05-18 08:45:27',NULL),(102,3,94,NULL,NULL,'2018-05-18 08:45:49','2018-05-18 08:45:49',NULL),(103,7,94,NULL,NULL,'2018-05-18 08:46:04','2018-05-18 08:46:04',NULL),(104,3,78,NULL,NULL,'2018-05-22 06:58:54','2018-05-22 06:58:54',NULL),(105,1,58,NULL,NULL,'2018-05-23 08:25:44','2018-05-23 08:25:44',NULL),(106,3,75,NULL,NULL,'2018-06-02 07:19:05','2018-06-02 07:19:05',NULL),(107,1,96,NULL,NULL,'2018-06-11 06:18:16','2018-06-11 06:18:16',NULL),(108,1,18,NULL,NULL,'2018-07-24 06:43:45','2018-07-24 06:43:45',NULL),(109,3,18,NULL,NULL,'2018-07-24 06:44:05','2018-07-24 06:44:05',NULL),(110,1,88,NULL,NULL,'2018-08-15 07:10:23','2018-08-15 07:10:23',NULL),(111,1,102,NULL,NULL,'2018-11-06 02:49:35','2018-11-06 02:49:35',NULL),(112,7,103,NULL,NULL,'2018-11-07 04:55:40','2018-11-07 04:55:40',NULL),(114,3,87,NULL,NULL,'2018-11-07 08:28:04','2018-11-07 08:28:04',NULL),(115,3,87,NULL,NULL,'2018-11-07 08:31:25','2018-11-07 08:31:25',NULL),(116,1,48,NULL,NULL,'2019-02-20 11:01:09','2019-02-20 11:01:09',NULL),(117,3,110,NULL,NULL,'2019-03-11 05:28:16','2019-03-11 05:28:16',NULL),(118,1,112,NULL,NULL,'2019-04-27 06:31:02','2019-04-27 06:31:02',NULL),(119,3,112,NULL,NULL,'2019-04-27 06:31:20','2019-04-27 06:31:20',NULL),(120,3,113,NULL,NULL,'2019-05-16 09:27:04','2019-05-16 09:27:04',NULL);
/*!40000 ALTER TABLE `usercompanies` ENABLE KEYS */;
UNLOCK TABLES;

--
-- Table structure for table `users`
--

DROP TABLE IF EXISTS `users`;
/*!40101 SET @saved_cs_client     = @@character_set_client */;
/*!40101 SET character_set_client = utf8 */;
CREATE TABLE `users` (
  `id` int(10) unsigned NOT NULL AUTO_INCREMENT,
  `first_name` varchar(191) COLLATE utf8mb4_unicode_ci NOT NULL,
  `last_name` varchar(191) COLLATE utf8mb4_unicode_ci NOT NULL,
  `email` varchar(191) COLLATE utf8mb4_unicode_ci NOT NULL,
  `company_id` int(10) unsigned NOT NULL,
  `password` varchar(191) COLLATE utf8mb4_unicode_ci DEFAULT NULL,
  `status` tinyint(1) NOT NULL DEFAULT '1',
  `confirmation_code` varchar(191) COLLATE utf8mb4_unicode_ci DEFAULT NULL,
  `confirmed` tinyint(1) NOT NULL DEFAULT '0',
  `is_term_accept` tinyint(1) NOT NULL DEFAULT '0' COMMENT ' 0 = not accepted,1 = accepted',
  `remember_token` varchar(100) COLLATE utf8mb4_unicode_ci DEFAULT NULL,
  `created_by` int(11) DEFAULT NULL,
  `updated_by` int(10) unsigned DEFAULT NULL,
  `created_at` timestamp NULL DEFAULT NULL,
  `updated_at` timestamp NULL DEFAULT NULL,
  `deleted_at` timestamp NULL DEFAULT NULL,
  PRIMARY KEY (`id`),
  UNIQUE KEY `users_email_unique` (`email`)
) ENGINE=InnoDB AUTO_INCREMENT=114 DEFAULT CHARSET=utf8mb4 COLLATE=utf8mb4_unicode_ci;
/*!40101 SET character_set_client = @saved_cs_client */;

--
-- Dumping data for table `users`
--

LOCK TABLES `users` WRITE;
/*!40000 ALTER TABLE `users` DISABLE KEYS */;
INSERT INTO `users` VALUES (1,'Pro-kazi','Administrator','admin@admin.com',0,'$2y$10$eXtfvh9j46O9x/8pHjYZouGZ1Z.XT6CVgS09pezvwRI2AFTPeIm7q',1,'5b2bc6ef5e068235111cd0f38a8a8627',1,0,'gcmddZJqfUxwZxtHpcMvd5Dl2pHabyjH5d7BNFsUW6MTheasFidV0M9sv6vE',1,1,'2018-04-11 17:01:02','2018-04-11 17:19:23',NULL),(2,'Vipul','Basapati','executive@executive.com',0,'$2y$10$eXtfvh9j46O9x/8pHjYZouGZ1Z.XT6CVgS09pezvwRI2AFTPeIm7q',1,'cc7101dd9d178deb968a4bc75afce024',1,0,'xQK2DFixPCYU7bwwtheoI8vGMrtXSMoKHvv8s6kdIztT0MuSa7xFCzjOWo32',1,NULL,'2018-04-11 17:01:02','2018-04-11 17:01:02',NULL),(3,'User','Test','user@user.com',0,'$2y$10$eXtfvh9j46O9x/8pHjYZouGZ1Z.XT6CVgS09pezvwRI2AFTPeIm7q',1,'8e4e206f88fec584ce9f0e0e8bbad9d7',1,0,'zDx26zDSVbKFwFJlFwGH6YUngL7kDJ8vceFOwOj9L0nkzDLLgQCY3l7jqoSd',1,NULL,'2018-04-11 17:01:03','2018-04-11 17:01:03',NULL),(5,'Milly','Ayuma','dsccreatives@gmail.com',0,'$2y$10$eXtfvh9j46O9x/8pHjYZouGZ1Z.XT6CVgS09pezvwRI2AFTPeIm7q',1,'0abdc2a2c27833dd872dfa1121d3539f',1,0,'1xYQQ4Munl4lJOp7jzYLy9fdu6Noq7TH7rqniWZ4bOqMbZasgxwXGqZASn8u',1,NULL,'2018-04-13 08:18:03','2018-04-13 08:18:03',NULL),(6,'SILVESTER','MUSOVYA KUTUTA','silvester@esl-eastafrica.com',0,'$2y$10$eXtfvh9j46O9x/8pHjYZouGZ1Z.XT6CVgS09pezvwRI2AFTPeIm7q',1,NULL,1,0,'G5AmI9XW5n26AKw5JmcB5JaUNmlwdxiQPlWQqoVGaeKyX33dHhaqdcszwdHS',NULL,NULL,'2018-04-13 12:20:17','2018-04-18 11:10:02',NULL),(7,'CATHERINE','ANZAZI LEWA','catherine.lewa@esl-eastafrica.com',0,'$2y$10$eXtfvh9j46O9x/8pHjYZouGZ1Z.XT6CVgS09pezvwRI2AFTPeIm7q',1,NULL,1,0,'AlVjxZNp0PiyZPDywuQG8sL5GFOyovNC56NKYRLVEYqcBPPrQdXH1kZw6Sqs',NULL,NULL,'2018-04-13 12:20:17','2018-04-13 16:25:11',NULL),(8,'MOURINE','ACHIENG MAGERO','mourine.magero@esl-eastafrica.com',0,'$2y$10$eXtfvh9j46O9x/8pHjYZouGZ1Z.XT6CVgS09pezvwRI2AFTPeIm7q',1,NULL,1,0,'T5wABYVo8Dej12HNMVyWY0JWLzWa9NQhkAj7i1HwUruDz02J7pD66X92GPIS',NULL,NULL,'2018-04-13 12:20:18','2018-04-18 12:21:40',NULL),(9,'FRANCISCA','MUENI NZIOKA','francisca@esl-eastafrica.com',0,'$2y$10$uv6WtuQkDV7T8ev9Dso5Meq7acPnKSfPjKAqE8tIkiQqLGmHONpIS',1,NULL,1,0,'amAzE6jw4fXHGrV6nfF2UrNDiRbWUBIBPpjv7byrsuMA8wXQn99eUIugWX0X',NULL,NULL,'2018-04-13 12:20:18','2018-08-29 11:21:45',NULL),(10,'ALOICE','MUOKI KUTUTA','aloice@esl-eastafrica.com',0,'$2y$10$eXtfvh9j46O9x/8pHjYZouGZ1Z.XT6CVgS09pezvwRI2AFTPeIm7q',1,NULL,1,0,'2oeqaYt65HjYn1Tz8ohdldZHG0ZlkMloiuAMlSMEsNKFlbsfpYsXbHSbE6Ea',NULL,NULL,'2018-04-13 12:20:18','2018-04-13 16:01:34',NULL),(11,'MAUREEN','ATIENO OPIYO','maurine.atieno@esl-eastafrica.com',0,'$2y$10$h9tmBK6NRCHr4DMHZ9O05OYE2Rn2i0TSmvDlW1XhJTkFND2C/87gW',1,NULL,1,0,'TcmS8iM8mQQTqOa7g2emmmOnzHfFnIRdOmnibm5PScOTQZ2TwW4pPi7b4wjX',NULL,NULL,'2018-04-13 12:20:18','2018-10-24 06:35:29',NULL),(12,'ISAAC','WATKINS','watkins@esl-eastafrica.com',0,'$2y$10$eXtfvh9j46O9x/8pHjYZouGZ1Z.XT6CVgS09pezvwRI2AFTPeIm7q',1,NULL,1,0,'g3CxOgmUoD2rufE1FV9hHGW4Rnl8WeL8cTDgrUUWfGhr9mTnTpUYhdv7Wr0y',NULL,NULL,'2018-04-13 12:20:18','2018-04-16 07:17:14',NULL),(13,'CHRISPUS','MAINGI KILEI','chrispus.kilei@esl-eastafrica.com',0,'$2y$10$eXtfvh9j46O9x/8pHjYZouGZ1Z.XT6CVgS09pezvwRI2AFTPeIm7q',1,NULL,1,0,'Nbq7PMeiKwxrZgqT0t7E0dHChskYOOl5BOpDqA5SgIYhPxeXhBqJ9uKjwROP',NULL,NULL,'2018-04-13 12:20:18','2018-04-15 04:51:29',NULL),(14,'EVANS','NGALA','evans.ngala@esl-eastafrica.com',0,'$2y$10$L8UJpQ3MvEgMLZ2Pq5A7QOZWz1KfqLGwWLyavHNmhn9a3XNatJOwO',1,NULL,1,0,'ZZ5mmiWWNLHunRiedemHEqFBAfeLkv5dl7mHDdVowYzp4BbL2CefrBvL70fY',NULL,NULL,'2018-04-13 12:20:19','2018-04-19 05:18:08',NULL),(15,'LEONARD MWARUWA BAYA','','bayamleonard@gmail.com',0,'$2y$10$eXtfvh9j46O9x/8pHjYZouGZ1Z.XT6CVgS09pezvwRI2AFTPeIm7q',1,NULL,0,0,NULL,NULL,NULL,'2018-04-13 12:20:19','2018-04-18 12:01:42','2018-04-18 12:01:42'),(16,'MARTIN','KARANI IKIARA','martin.karani@esl-eastafrica.com',0,'$2y$10$eXtfvh9j46O9x/8pHjYZouGZ1Z.XT6CVgS09pezvwRI2AFTPeIm7q',1,NULL,1,0,'2S22XR7bquTMgc2Q3r8NJPLm2aaW41ebrD1Jxq9a4GaBsRzcSQvJnVGWBUsI',NULL,NULL,'2018-04-13 12:20:19','2018-04-18 12:19:18',NULL),(17,'LENROD','MWAMBURI MGENDI','lenrod.mwamburi@esl-eastafrica.com',0,'$2y$10$eXtfvh9j46O9x/8pHjYZouGZ1Z.XT6CVgS09pezvwRI2AFTPeIm7q',1,NULL,1,0,'xytFtbyGkaKjjIPFOTJTqvKeSgkjowrt11siVqYrSDoS294LZEFTH7BuM0H4',NULL,NULL,'2018-04-13 12:20:19','2018-04-18 12:18:04',NULL),(18,'JOHN','LAGAT','john.lagat@esl-eastafrica.com',0,'$2y$10$V7whvzBTmfPkG6IJh/fxaOtz1IK.qi0wek0CF.CE0CsBRgzyWoFnq',1,NULL,1,0,'lqwtGVBS8j36FResVAtA376FAzcpepszp9v8Ea8kFzVUYtCI01yWkj2rKILR',NULL,NULL,'2018-04-13 12:20:19','2019-03-21 08:52:23',NULL),(19,'JOYLINAH','NDUTA NJERI','joylinah.nduta@esl-eastafica.com',0,'$2y$10$eXtfvh9j46O9x/8pHjYZouGZ1Z.XT6CVgS09pezvwRI2AFTPeIm7q',1,NULL,1,0,NULL,NULL,NULL,'2018-04-13 12:20:20','2018-04-23 05:07:24','2018-04-23 05:07:24'),(20,'DANIEL LUKORITO WANIKINA','','transport@esl-eastafrica.com',0,'$2y$10$eXtfvh9j46O9x/8pHjYZouGZ1Z.XT6CVgS09pezvwRI2AFTPeIm7q',1,NULL,0,0,NULL,NULL,NULL,'2018-04-13 12:20:20','2018-04-18 12:00:01','2018-04-18 12:00:01'),(21,'STEPHEN','OKIKI','stephen.okiki@esl-eastafrica.com',0,'$2y$10$eXtfvh9j46O9x/8pHjYZouGZ1Z.XT6CVgS09pezvwRI2AFTPeIm7q',1,NULL,1,0,'CYI0mPA6Nrts5UFsv75qbk8ciML2r5e5iG0IXELOTIsvE7uSAS5SdazNCiAn',NULL,NULL,'2018-04-13 12:20:20','2018-04-16 16:03:28',NULL),(23,'PATRICK MUKUNDI MBUGUA','','patrick.mbugua.esl-eastafrica.com',0,'$2y$10$eXtfvh9j46O9x/8pHjYZouGZ1Z.XT6CVgS09pezvwRI2AFTPeIm7q',1,NULL,0,0,NULL,NULL,NULL,'2018-04-13 12:21:17','2018-04-25 14:49:27','2018-04-25 14:49:27'),(24,'RAYMOND JUMA WANGUNDA','','ops@esl-eastafrica.com',0,'$2y$10$eXtfvh9j46O9x/8pHjYZouGZ1Z.XT6CVgS09pezvwRI2AFTPeIm7q',1,NULL,0,0,NULL,NULL,NULL,'2018-04-13 12:21:17','2018-04-18 12:28:06','2018-04-18 12:28:06'),(25,'FLORENCE','CHEPNGETICH TUEI','florence.tuei@esl-eastafrica.com',0,'$2y$10$3Z/cGyPDZOK6xmjL9Q/v4.s/sZNjdL4qRkiQIm8rN4aQDbD4YWSVW',1,NULL,1,0,'8nJEbr5Z4L3oFjKz713FiDSy3XqFrKDGjL7K8LGTbGQkzxGan7zzAIOsUUMj',NULL,NULL,'2018-04-13 12:21:17','2018-12-28 11:07:03',NULL),(26,'KENNEDY KIVUVANI','','kennedy.kivuvani@freightwell.com',0,'$2y$10$eXtfvh9j46O9x/8pHjYZouGZ1Z.XT6CVgS09pezvwRI2AFTPeIm7q',1,NULL,0,0,NULL,NULL,NULL,'2018-04-13 12:21:17','2019-02-20 10:54:37','2019-02-20 10:54:37'),(27,'ERIC OLENSI OLENSI OSINYA','','erick.osinya@esl',0,'$2y$10$eXtfvh9j46O9x/8pHjYZouGZ1Z.XT6CVgS09pezvwRI2AFTPeIm7q',1,NULL,0,0,NULL,NULL,NULL,'2018-04-13 12:21:18','2018-04-18 12:09:19','2018-04-18 12:09:19'),(28,'CATHERINE NYAMBURA THUO','','catherine.thuo@freightwell.com',0,'$2y$10$eXtfvh9j46O9x/8pHjYZouGZ1Z.XT6CVgS09pezvwRI2AFTPeIm7q',1,NULL,0,0,NULL,NULL,NULL,'2018-04-13 12:21:18','2018-04-13 12:21:18',NULL),(29,'GRACE','MPOYA','grace.mpoya@esl-eastafrica.com',0,'$2y$10$eXtfvh9j46O9x/8pHjYZouGZ1Z.XT6CVgS09pezvwRI2AFTPeIm7q',1,NULL,1,0,'CJm9b5OfnGsMDcg6yeCt7WBi4LtoPBNovaVs74Rb8mnpDBL37xMhOtPiHTNe',NULL,NULL,'2018-04-13 12:21:18','2018-04-18 11:55:16',NULL),(30,'ERIC MULWA KYALO','','audit@esl-eastafrica.com',0,'$2y$10$eXtfvh9j46O9x/8pHjYZouGZ1Z.XT6CVgS09pezvwRI2AFTPeIm7q',1,NULL,0,0,NULL,NULL,NULL,'2018-04-13 12:21:18','2018-04-18 12:00:19','2018-04-18 12:00:19'),(31,'IRENE ATIENO OTIENO','','irene.atieno@esl-eastarica.com',0,'$2y$10$eXtfvh9j46O9x/8pHjYZouGZ1Z.XT6CVgS09pezvwRI2AFTPeIm7q',1,NULL,0,0,NULL,NULL,NULL,'2018-04-13 12:21:18','2018-04-18 12:00:57','2018-04-18 12:00:57'),(32,'MERCYLINE MUTHEU MUTUA','','mercyline.mutua@freightwell.com',0,'$2y$10$eXtfvh9j46O9x/8pHjYZouGZ1Z.XT6CVgS09pezvwRI2AFTPeIm7q',1,NULL,0,0,NULL,NULL,NULL,'2018-04-13 12:21:19','2018-04-13 12:21:19',NULL),(33,'ARSHUR','LOMO OWANE','lomo.owane@esl-eastafrica.com',0,'$2y$10$eXtfvh9j46O9x/8pHjYZouGZ1Z.XT6CVgS09pezvwRI2AFTPeIm7q',1,NULL,1,0,NULL,NULL,NULL,'2018-04-13 12:21:19','2018-04-18 11:53:53',NULL),(34,'COLLINS ONYANGO PAMBA','','collinspamba@freightwell.com',0,'$2y$10$eXtfvh9j46O9x/8pHjYZouGZ1Z.XT6CVgS09pezvwRI2AFTPeIm7q',1,NULL,0,0,NULL,NULL,NULL,'2018-04-13 12:21:19','2018-04-18 11:58:54','2018-04-18 11:58:54'),(35,'CHRISPUS MAINGI KILEI','','chrispus.kilei@esl-east africa.co',0,'$2y$10$eXtfvh9j46O9x/8pHjYZouGZ1Z.XT6CVgS09pezvwRI2AFTPeIm7q',1,NULL,0,0,NULL,NULL,NULL,'2018-04-16 06:52:51','2018-04-18 11:59:42','2018-04-18 11:59:42'),(36,'FRANCIS','OUMA OPALO','francis.opalo@esl-eastafrica.com',0,'$2y$10$eXtfvh9j46O9x/8pHjYZouGZ1Z.XT6CVgS09pezvwRI2AFTPeIm7q',1,NULL,1,0,'uuelDiFJUs5zL5scR0u7SM5L75Tqo987O6jtogcDaitLgPL3twDmmKemjc8o',NULL,NULL,'2018-04-16 06:52:51','2018-04-18 12:13:03',NULL),(37,'PETER','HAVACY MANGA','peter.manga@esl-eastafrica.com',0,'$2y$10$eXtfvh9j46O9x/8pHjYZouGZ1Z.XT6CVgS09pezvwRI2AFTPeIm7q',1,NULL,1,0,'LZjVYKuEaycQUa8q0scIN2AujPhsO1fmhHKQzMbcnY4gOEdQbXvAb3BszMWS',NULL,NULL,'2018-04-16 06:52:51','2018-04-18 12:27:41',NULL),(38,'LAWRENCE','ODHIAMBO AMENYA','lawrence.amenya@esl-eastafrica.com',0,'$2y$10$eXtfvh9j46O9x/8pHjYZouGZ1Z.XT6CVgS09pezvwRI2AFTPeIm7q',1,NULL,1,0,'IT1Vu9NEpnzUMBJLsWKLchc34aEw1C0Ga7yL6kzMgw4SFYUGH0jU4oIxfx9E',NULL,NULL,'2018-04-16 06:52:51','2018-04-18 12:17:22',NULL),(39,'MOUREEN WAIRIMU KIAMA','','mourine.kiama@esl-eastafrica',0,'$2y$10$eXtfvh9j46O9x/8pHjYZouGZ1Z.XT6CVgS09pezvwRI2AFTPeIm7q',1,NULL,0,0,NULL,NULL,NULL,'2018-04-16 06:52:51','2018-04-18 12:03:13','2018-04-18 12:03:13'),(40,'FANUEL','ONYANGO','fanuel.onyango@esl-eastafrica.com',0,'$2y$10$eXtfvh9j46O9x/8pHjYZouGZ1Z.XT6CVgS09pezvwRI2AFTPeIm7q',1,NULL,1,0,'rH8xF8qhImtaTbJ52Ba9B5C2h6b8SKnwkZ7cqC698qZKZTjC03DvWca6QjUm',NULL,NULL,'2018-04-16 06:52:51','2018-04-18 12:11:17',NULL),(41,'Benson Munene Ireri','','agency@esl-eastafrica.com',0,'$2y$10$eXtfvh9j46O9x/8pHjYZouGZ1Z.XT6CVgS09pezvwRI2AFTPeIm7q',1,NULL,0,0,NULL,NULL,NULL,'2018-04-16 06:52:51','2018-04-18 11:58:21','2018-04-18 11:58:21'),(42,'LEONARD','MWARUWA BAYA','leonard.baya@esl-eastafrica.com',0,'$2y$10$eXtfvh9j46O9x/8pHjYZouGZ1Z.XT6CVgS09pezvwRI2AFTPeIm7q',1,NULL,1,0,'Ia4fy1S7aKb5cTcpLlE4b30OZ4zuFyQpA2OqjUWvtVkryokAMU2shaXY02Dt',NULL,NULL,'2018-04-18 11:57:27','2018-04-18 12:18:44',NULL),(43,'JOYLINAH','NDUTA NJERI','joylinah.nduta@esl-eastafrica.com',0,'$2y$10$eXtfvh9j46O9x/8pHjYZouGZ1Z.XT6CVgS09pezvwRI2AFTPeIm7q',1,NULL,1,0,NULL,NULL,NULL,'2018-04-18 11:57:27','2018-04-18 12:15:06',NULL),(44,'DANIEL','LUKORITO WANIKINA','daniel.lukorito@esl-eastafrica.com',0,'$2y$10$eXtfvh9j46O9x/8pHjYZouGZ1Z.XT6CVgS09pezvwRI2AFTPeIm7q',1,NULL,1,0,'1piGqPmaRezXUDzJrHxOtgsuzTls06JMuW6nXo448vHjih3MHMrKnooml6h9',NULL,NULL,'2018-04-18 11:57:27','2018-04-18 12:06:09',NULL),(45,'JUSTUS','KALII MUTHEMBWA','justus.muthembwa@esl-eastafrica.com',0,'$2y$10$eXtfvh9j46O9x/8pHjYZouGZ1Z.XT6CVgS09pezvwRI2AFTPeIm7q',1,NULL,1,0,'TowhFX5z6aJ4RtX2HHogvOxsCpnc6pem3oH8HCyPVmQJY0rUrDzt8E9xXD4C',NULL,NULL,'2018-04-18 11:57:27','2018-04-18 12:15:49',NULL),(46,'PATRICK','MUKUNDI MBUGUA','patrick.mbugua@esl-eastafrica.com',0,'$2y$10$eXtfvh9j46O9x/8pHjYZouGZ1Z.XT6CVgS09pezvwRI2AFTPeIm7q',1,NULL,1,0,'BQDWm0dWAQxvVz0W4S7rytFRX9iMJ45Ap7Lw2gysXVltpAfwGr6L3F2DeVAk',NULL,NULL,'2018-04-18 11:57:27','2018-04-25 14:51:31',NULL),(47,'RAYMOND','JUMA WANGUNDA','raymond.wangunda@esl-eastafrica.com',0,'$2y$10$BC.dEtmYxcNTSQCW8Tpar.NLBWQKrcsK9nVJEDuiDlwZ9kPjOjiHa',1,NULL,1,0,'OBW4dj2gH3E8JlHsiwhwmjScKu61Z7Kye19AWzss5rb8un6tr6qOh57016Bq',NULL,NULL,'2018-04-18 11:57:27','2019-05-28 07:07:26',NULL),(48,'KENNEDY','KIVUVANI','kennedy.kivuvani@esl-eastafrica.com',0,'$2y$10$eXtfvh9j46O9x/8pHjYZouGZ1Z.XT6CVgS09pezvwRI2AFTPeIm7q',1,NULL,1,0,'L3MZ0gHHlEKTirSQ0IVhxqX7myflSbmwz6w3iNGNeAcDwqiy28oVx3OTsuvI',NULL,NULL,'2018-04-18 11:57:27','2018-04-18 12:16:40',NULL),(49,'ERIC OLENSI','OLENSI OSINYA','erick.osinya@esl-eastafrica.com',0,'$2y$10$eXtfvh9j46O9x/8pHjYZouGZ1Z.XT6CVgS09pezvwRI2AFTPeIm7q',1,NULL,1,0,'umCb39qs2kf0S4f0LSWhcFv7MwxFdg946Vzp77w1XKwHedDdA0aIVkch98G3',NULL,NULL,'2018-04-18 11:57:28','2018-04-18 12:09:54',NULL),(50,'CATHERINE','NYAMBURA THUO','catherine.thuo@esl-eastafrica.com',0,'$2y$10$eXtfvh9j46O9x/8pHjYZouGZ1Z.XT6CVgS09pezvwRI2AFTPeIm7q',1,NULL,1,0,'P7ObIjm9IBizzGo85GqK7srPbiWIs1KCcBxy3nTGvVjdqjtw2Bv4ib7wacMw',NULL,NULL,'2018-04-18 11:57:28','2018-04-18 12:05:33',NULL),(51,'ERIC','MULWA KYALO','eric.mulwa@esl-eastafrica.com',0,'$2y$10$qhk0QRf6mj/2jJC4PyCw2uATpik1Nrlv84QTvyqXwcky8iwob3MOC',1,NULL,1,0,'1XNE72hPgPb23s6F7CXLhGJPPtrQFhW0H62fJbK45XMVgNAvUJSC9II2ZSlf',NULL,NULL,'2018-04-18 11:57:28','2018-10-30 03:53:41',NULL),(52,'IRENE','ATIENO OTIENO','irene.atieno@esl-eastafrica.com',0,'$2y$10$eXtfvh9j46O9x/8pHjYZouGZ1Z.XT6CVgS09pezvwRI2AFTPeIm7q',1,NULL,1,0,'vtkwgiI9m68zOUtdewInjHeHmqoNrfsYcNSQNLJKhwj4FbjduB8xVjQTRZKn',NULL,NULL,'2018-04-18 11:57:28','2018-04-18 12:13:41',NULL),(53,'MERCYLINE','MUTHEU MUTUA','mercyline.mutua@esl-eastafrica.com',0,'$2y$10$eXtfvh9j46O9x/8pHjYZouGZ1Z.XT6CVgS09pezvwRI2AFTPeIm7q',1,NULL,1,0,'W82qaGmrk8y0ETkGf29oqxHKV5epGQXz1oOiQxLzups31IlzUHCcxYBgW7W0',NULL,NULL,'2018-04-18 11:57:28','2018-04-18 12:19:55',NULL),(54,'COLLINS','ONYANGO PAMBA','collins.pamba@esl-eastafrica.com',0,'$2y$10$eXtfvh9j46O9x/8pHjYZouGZ1Z.XT6CVgS09pezvwRI2AFTPeIm7q',1,NULL,1,0,'y4Xh9WrVdfXXq20xjNHqBYAAgNLNUfa2Kb3bWqb9efIQbWM30l6RDUo0etHB',NULL,NULL,'2018-04-18 11:57:28','2018-04-18 12:07:27',NULL),(55,'GULJAN','ABUBAKAR RAMADHAN','guljan.abubakar@esl-eastafrica.com',0,'$2y$10$eXtfvh9j46O9x/8pHjYZouGZ1Z.XT6CVgS09pezvwRI2AFTPeIm7q',1,NULL,1,0,'F8OVvn5k04bGwHfPE7SuAQ6XjKWtgcbZiTQ2EKqwYoDeQ9Ixb5vGtoYwVhYU',NULL,NULL,'2018-04-18 11:57:28','2018-04-18 12:12:28',NULL),(56,'MOSES','ELIAS MANGALE','moses.mangale@esl-eastafrica.com',0,'$2y$10$eXtfvh9j46O9x/8pHjYZouGZ1Z.XT6CVgS09pezvwRI2AFTPeIm7q',1,NULL,1,0,'nHtGNGGIoqWo822EQWEUhGeVSUGcCObD9HQ69RAn3VXUeb3Gh6qq9KsJVHe2',NULL,NULL,'2018-04-18 11:57:28','2018-04-18 12:20:28',NULL),(57,'MOUREEN','WAIRIMU KIAMA','wairimu.kiama@esl-eastafrica.com',0,'$2y$10$eXtfvh9j46O9x/8pHjYZouGZ1Z.XT6CVgS09pezvwRI2AFTPeIm7q',1,NULL,1,0,NULL,NULL,NULL,'2018-04-18 11:57:28','2018-04-18 12:21:03',NULL),(58,'ERICKSON','MWANIKI NGELE','erickson.mwaniki@esl-eastafrica.com',0,'$2y$10$eXtfvh9j46O9x/8pHjYZouGZ1Z.XT6CVgS09pezvwRI2AFTPeIm7q',1,NULL,1,0,'WjdcAhDgimW6dwrPh66Qpc2CkgZPsBXz6k6cVCmcTiYJqeIiPYBlL6Oxzhpg',NULL,NULL,'2018-04-18 11:57:28','2018-04-18 12:10:33',NULL),(59,'Benson','Munene Ireri','benson.ireri@esl-eastafrica.com',0,'$2y$10$eXtfvh9j46O9x/8pHjYZouGZ1Z.XT6CVgS09pezvwRI2AFTPeIm7q',1,NULL,1,0,'1TwnSopqr81ueTi4lRLyulSdjsYNilGxxcjmscFH57ebeTGPp7sLGInUGQ2G',NULL,NULL,'2018-04-18 11:57:29','2018-04-18 12:04:50',NULL),(64,'Washington','Mwamburi','washington.mwamburi@esl-eastafrica.com',0,'$2y$10$7oXchbd/h4CiMo2gJoKxdO7BXViyeCga4vHVfXMt15DZLls0q8HHq',1,'818375e9c8b62baaf5ab0c8f70aca833',1,0,'INquFai9a0U3VQUkf7YGIvGLaPJsfb2a5dgTgdxtmOkOx3uzxy4PCaI7ih1p',1,NULL,'2018-04-19 08:23:42','2018-04-19 08:23:42',NULL),(69,'MOSES','SHIKHONGA','moses.shikhonga@freightwell.com',0,'$2y$10$GWdK.1/WRBqe4DAoK2UhluRDWr2NMV6ah5f56dL1F6YNWuq9MYotK',1,'a363f2102503da5e4d3b1d40eceef8c9',1,0,'zTkpV1hPrM3hxNUHgFtSHjiagALZDZUcZMbTTRZhoLSAkKUtGp3UXE0wKr72',1,NULL,'2018-04-20 06:55:24','2018-11-09 12:09:06',NULL),(70,'Joseph','Kuuma Matheka','joseph.matheka@freightwell.com',0,'$2y$10$9tn6cM0kKuyt4AMfjQIi/up5R9ymRiAYCkEXPURbcqzpeCeXIFV3K',1,'821f07865d6ca541c0a013dd788d641d',1,0,'1uyryZO1RA4pRjSlYcULKv9iULbhTtDCZGZlquoXnhTATT58Uei9urjNyMae',1,NULL,'2018-04-20 10:01:11','2018-04-20 10:01:11',NULL),(71,'WASHINGTON','Mwamburi Maseghe','washington.mwamburi@freightwell.com',0,'$2y$10$Q9bzly2RgvV6rSJluRE3l.k1kKvxmWbgdkQUZPpc33nVlQvKMHJtu',1,'1b6631b6c8e5fd65bdea4f6326f225e9',1,0,'e32ClaL05h9ukqWfXUjqFwFOSAfp1GSxEKe6DKiPkiBdqMd0utBN4kHTgwSg',1,NULL,'2018-04-20 10:02:14','2018-11-10 20:09:18',NULL),(72,'Christine','Gema Nduta','christine.gema@freightwell.com',0,'$2y$10$xZ12mrJEEf6i6cti56Kns.gxy36X7YES7wPBV7hCXWrEhOskdNbum',1,'8bf4c7237889030fb38737a97433394c',1,0,'zfzrVrs8ZsXqtxrSle1CGX2NxgHfEx0rW1NObt9WE8XeHMXovC7UeiJli2rh',1,NULL,'2018-04-20 10:04:27','2018-11-26 06:37:27',NULL),(73,'Rodger','Wekesa Wafula','rodgers.wekesa@freightwell.com',0,'$2y$10$x4trc7CeMoKIXT0eJ4Bs.ekWzPeXzgIeH0iS8JTS8REcnXbj7eAAq',1,'0a21e4dc8e7ed38b99e98f0d3d430ef7',1,0,'JZZWjYYWNeeFEzFGYXKKWi3AVRgruxjqo0EPCaDBVVEyDTkxcYwRbDKfjdRt',1,NULL,'2018-04-20 10:05:17','2018-04-20 10:05:17',NULL),(74,'Alois','David Mutua','aloise.mutua@freightwell.com',0,'$2y$10$P59qAjH9JZGD7HUGNzerJOgylLl.zr1BYL1/txKndT9a0N1QYh7Lq',1,'7e6712be4b491f2d71c32047b015b151',1,0,NULL,1,NULL,'2018-04-20 10:06:21','2018-04-20 10:06:21',NULL),(75,'George','Mutua Muli','george.mutua@freightwell.com',0,'$2y$10$ms/5mM6cPQBshHnSdBCwNe8jq3H5u25ExF99FyGc6exYROPqAV5Nq',1,'2321daa7d3e7adee53f972497e27cde2',1,0,'es9GGo1PEHFBYqgZxVl02DoQu9xCr4bxkfzEf2ZIugJBqu2GbXuScL3YqvFm',1,NULL,'2018-04-20 10:07:51','2018-04-20 10:07:51',NULL),(76,'Salim','Charo sulubu','salim.sulubu@freightwell.com',0,'$2y$10$ZAfEk/3jGxy8geMZlSJeruiGrm.y4QJr/s4JfztV7LDvVEOOhg.Fe',1,'654e5511bf496c8a881be82efd269d2e',1,0,'CmhKsor35fsBIWzac336gNgUbTFHaHwpSJZP623H2EHTzCQQDAEx2wIUx5R3',1,NULL,'2018-04-20 10:09:18','2018-04-20 10:09:18',NULL),(77,'Dominic','Muthui Kimanzi','dominic.muthui@freightwell.com',0,'$2y$10$eXtfvh9j46O9x/8pHjYZouGZ1Z.XT6CVgS09pezvwRI2AFTPeIm7q',1,'4e6943d8bf40a50fe36959f752a5de5a',1,0,'EoWDqEbnhgBoJAh96bEiI4Wrfh8FL7xMk3kW8UJ18gPqjfsoxz6bn0Alekam',1,NULL,'2018-04-20 10:09:58','2018-04-20 10:09:58',NULL),(78,'Phides','Laura Mwamkita','phides.laura@freightwell.com',0,'$2y$10$eXtfvh9j46O9x/8pHjYZouGZ1Z.XT6CVgS09pezvwRI2AFTPeIm7q',1,'110335a746188bcb25e4708b2919fadc',1,0,'j5thS5Y0r1NBDYcDwOTamVGitrUytKd4E9hH0vNk2MgBJIdrjE3FFXUf84Tn',1,NULL,'2018-04-20 10:11:00','2018-04-20 10:11:00',NULL),(79,'Pauline','Karwirwa','pauline.karwirwa@sovereignlog.com',0,'$2y$10$UCAsS50m7mvZnZfZpSXOYOu3WUCzLDF78LqCyPOwcKLmrCXGIZXim',1,'787c428745835f7dcbb79050fe81218b',1,0,'Pi17yHUtqilMODNrE3dvWVa9GJnuXV3PMAKaQmeHXChJbZ2BCg8zGYthsL3H',1,NULL,'2018-04-20 10:12:10','2018-04-20 10:12:10',NULL),(80,'Clifford','Nyakundi','clifford.nyakundi@sovereignlog.com',0,'$2y$10$vyCgkH7X5kLN4dcD7lIFQuE1cwaJQZgzlitNAAy3OVqYkJafFFr36',1,'5ad6f8b2b02bcff14e0ca30ec4878a30',1,0,'oVSUrE7ODkmgo5fCqdzHBqbD9191lyCQNOxDfegIxJyEDUMZYUIB4MlUFxtw',1,NULL,'2018-04-20 10:12:49','2019-01-25 09:57:53',NULL),(81,'CLIFFORD NYAKUNDI','','info@sovereignlog.com',0,'$2y$10$oJqZhlwwiEri2JCGGSjb0OKPm3momI/zB.VXzG7uaYik/otwiTfbS',1,NULL,0,0,NULL,NULL,NULL,'2018-04-23 12:51:40','2018-04-23 12:53:38','2018-04-23 12:53:38'),(83,'JESINTA NJERI NJOROGE','','intern@esl.com',0,'$2y$10$Nc8qTtkJpWC.UECJFv7lvOwtpo3Xkc7t86zAH0FJMSCqoO2SN/XUK',1,NULL,0,0,NULL,NULL,NULL,'2018-05-14 12:09:38','2018-11-07 08:29:29','2018-11-07 08:29:29'),(84,'WAYNE DICKSON NDAKALA','','wayne@esl-eastafrica.com',0,'$2y$10$MIVSO8rP5eWjAJV5yJT/bO/eOdwc4IlK5YExmTX31sd.iXkKcylZ6',1,NULL,0,0,NULL,NULL,NULL,'2018-05-14 12:09:38','2018-05-14 12:09:38',NULL),(85,'GEORGE ABWAO OMORE','','1intern@esl-eastafrica.com',0,'$2y$10$7xjw8u6Wkg5CQqdHK4pbDeKoxnLjh6JduOokvRn5nJFunSSQnAkpi',1,NULL,0,0,NULL,NULL,NULL,'2018-05-14 12:09:39','2018-05-14 12:09:39',NULL),(87,'Jesinta','Njeri','jesinta.njeri@esl-eastafrica.com',0,'$2y$10$i/puD0LPOvNYUPbv/ZPvkejeC1J80Qa99p.75.X5D91tSVlf8MUza',1,'fc3fb6e2770adf413ef20f81bb608490',1,0,'5kEx5ySCGIbtv5acC6xFloGkNHcSoDmEu34RV5GB8Cu8ugecKHEhf3HecYY4',1,NULL,'2018-05-14 13:25:27','2018-05-14 13:25:27',NULL),(88,'AHMED ABDULRAHMAN AHMED','AHMED','ahmed.abdulrahman@esl-eastafrica.com',0,'$2y$10$DK8xaycg5bLi3ZHGSNtxYuBWBZkdOdWG6QTQZmYX.zhEDidqeTg7y',1,NULL,1,0,'0wU6JxWTsDpSX650WuPBjjaFjdlV8WLGHnFLQyQLL9iP94Fk9lI2XA8YPTWA',NULL,NULL,'2018-05-18 08:04:29','2018-09-18 15:02:40',NULL),(89,'PAUL NZISSI MUSYOKA','','3intern@esl-eastafrica.com',0,'$2y$10$gjC2mK8fjj4c9pG5U01yF.XManoqe.FuzjwNPA6FK3lDgZ7pZunw.',1,NULL,0,0,NULL,NULL,NULL,'2018-05-18 08:04:29','2018-05-18 08:04:29',NULL),(90,'BILHA AMAGOVE OMUDI','','internEsl@intern.com',0,'$2y$10$FyTMUdJMNI/ENMrmoKBVwebP.Xmf2osxvZRXTeqkllP0GJDNv89cu',1,NULL,0,0,NULL,NULL,NULL,'2018-05-18 08:04:29','2018-08-15 05:38:10','2018-08-15 05:38:10'),(91,'WILLINGTONE MICHAEL WARIO','','willingtone.wario@esl-eastafrica.com',0,'$2y$10$H70i4loCjZOAJEjrK9iw9eAeulAFNfz5pbf0DYEHWZrKvVHhjz1lq',1,NULL,0,0,NULL,NULL,NULL,'2018-05-18 08:04:29','2018-05-18 08:04:29',NULL),(92,'PATRICK MURANGIRI MAGIRI','','patrick.murangiri@esl-eastafica.com',0,'$2y$10$DFL0o6cMhpth3B4wzSuLFeCktNLZbWwi/GpkolbGX6jqby.xnvQRe',1,NULL,0,0,NULL,NULL,NULL,'2018-05-18 08:04:29','2018-05-18 08:04:29',NULL),(93,'WASHINGTONE MWAMBURI MASEGHE','','washingtone.mwamburi@freightwell.com',0,'$2y$10$ot4BZuIBUD8ckYgpxNcsDeV0R3rEQVQe6aFHMX.u3eqru0GSenU9C',1,NULL,0,0,NULL,NULL,NULL,'2018-05-18 08:04:29','2018-12-17 06:39:18','2018-12-17 06:39:18'),(94,'BILHA AMAGOVE','OMUDI','bilha.amagove@esl-eastafrica.com',0,'$2y$10$UN/8jlUwMydfBJU.mjfqye1IXhp05kW0fkcKdhtdajiIQ1w7UfaGa',1,NULL,1,0,'WhKw5sfRe7NMEuMSJ93eii3uE1VI3U1tRjiWDmPYkyz04m2LpXt7xRgKiNkG',NULL,NULL,'2018-05-18 08:04:29','2018-05-18 08:05:49',NULL),(95,'PAULINE KARWIRWA','','pauline.karwirwa@sovereinlog.com',0,'$2y$10$Qbvvp4sIvyJFFHkzNKJjZuGYiNp57XVyYLsLwhZPLNb/N3/1uhWkC',1,NULL,0,0,NULL,NULL,NULL,'2018-05-18 08:04:29','2018-05-18 08:04:29',NULL),(96,'Jessica','Kututa','jessica.kututa@esl-eastafrica.com',0,'$2y$10$kvrRBQRCtSfzIYnpzGj0Ie/3PTqsZgC5M.hzEdfAE4Mmx.hSk8zvC',1,'6ea20dfc6a2fa11b7b7604c86f89a922',1,0,NULL,18,NULL,'2018-06-11 06:15:11','2018-06-11 06:15:11',NULL),(97,'MUSYOKA PAUL NZISSI','','paul.nzissi@freightwell.com',0,'$2y$10$z6cppGo/4jdfE8HPhpW94uwqp/WmiemlrDUCydh9vNB.TE5WPkUcW',1,NULL,0,0,'2QFTHUXQ4LPy0RRLTWtVPTthmiQxAuHhr4PX8voY9mxjE82ZcE0LbA0QIu0D',NULL,NULL,'2018-07-09 09:25:24','2018-07-09 09:25:24',NULL),(98,'AHMED ABDULRAHMAN AHMED','','2intern@esl-eastafrica.com',0,'$2y$10$ud20ljPXvsffQXARlpWGcuIXDpSblSgpoIH7tyt96Qp8mfz591bhq',1,NULL,0,0,NULL,NULL,NULL,'2018-08-15 05:38:54','2018-08-15 05:39:21','2018-08-15 05:39:21'),(102,'Salome','Achieng','salome.achieng@esl-eastafrica.com',0,'$2y$10$/NjKhl3V2CcSHoI0tyFek.3OXKBG3sJUyaAmREvJK2Em/vRyMfbLe',1,'b5c4a1c931d0a996b9fd8c8170b92820',1,0,NULL,18,NULL,'2018-11-05 05:09:03','2018-11-05 05:09:03',NULL),(103,'AISHA','MWAZUZU','aisha.mwazuzu@esl-eastafrica.com',0,'$2y$10$aLQdRXCW4d4wWyx72sIccOjUnBtIjdJXNWzfW7QbaFu4iaCb0wcZW',1,'6542134946d6ede3e0d0720c88eb3cde',1,0,NULL,18,NULL,'2018-11-07 04:54:46','2018-11-07 04:54:46',NULL),(105,'PHANICE AYAKO OMUNANJE','','phanice.ayako@freightwell.com',0,'$2y$10$gscwCyVrfLB/p5ZqV71hTuoi7n3QQ.OsDvhgifI07llEak181L2fm',1,NULL,0,0,NULL,NULL,NULL,'2018-11-26 06:40:16','2018-11-26 06:40:16',NULL),(106,'FREDRICK WAWALA','','fredrick.wawala@freightwell.com',0,'$2y$10$hmMWJS6lKF0aeJRXc9D4U.tVkzDpRSRU3KMEYPukGoAK7BPoNz0QW',1,NULL,0,0,NULL,NULL,NULL,'2018-11-26 06:40:16','2018-11-26 06:40:16',NULL),(110,'Rachael','Syomiti','rachael.syomiti@freightwell.com',0,'$2y$10$XuK68GetiD3E49Je63rIEuaDDNkQ9kwj9eHRu1zss9Ycr2lZRHQ76',1,'feab3184c4b39dcafe29a59d3eadae16',1,0,NULL,1,NULL,'2019-03-11 05:18:01','2019-03-11 05:18:01',NULL),(112,'Margaret','Muthoni','margaret.muthoni@esl-eastafrica.com',0,'$2y$10$IRUazKZ4Lxy8YXGGFOr66On2SFOfb1OQBgiGCxSqV6jWuMton6piO',1,'4b6b7370791ac4e2647699e061b1c7bc',1,0,NULL,18,NULL,'2019-04-27 06:30:32','2019-04-27 06:30:32',NULL),(113,'ELPHAS KIPKORIR','SANGA','elphas.kipkorir@freightwell.com',0,'$2y$10$K5dZb9xbAWi0LxcNBZRTm.ibQLUoELkZp0ZmQF14yTjEsZtIyOEN2',1,NULL,1,0,NULL,NULL,NULL,'2019-05-16 09:22:32','2019-05-16 09:26:41',NULL);
/*!40000 ALTER TABLE `users` ENABLE KEYS */;
UNLOCK TABLES;
/*!40103 SET TIME_ZONE=@OLD_TIME_ZONE */;

/*!40101 SET SQL_MODE=@OLD_SQL_MODE */;
/*!40014 SET FOREIGN_KEY_CHECKS=@OLD_FOREIGN_KEY_CHECKS */;
/*!40014 SET UNIQUE_CHECKS=@OLD_UNIQUE_CHECKS */;
/*!40101 SET CHARACTER_SET_CLIENT=@OLD_CHARACTER_SET_CLIENT */;
/*!40101 SET CHARACTER_SET_RESULTS=@OLD_CHARACTER_SET_RESULTS */;
/*!40101 SET COLLATION_CONNECTION=@OLD_COLLATION_CONNECTION */;
/*!40111 SET SQL_NOTES=@OLD_SQL_NOTES */;

-- Dump completed on 2020-04-15 11:19:49
